,created_at,air_pm25,air_pm10,cpcb_pm25,cpcb_pm10
0,2020-11-01 00:00:00,82.0,127.0,73.0,172.0
1,2020-11-01 01:00:00,81.0,120.5,80.0,158.0
2,2020-11-01 02:00:00,81.0,116.0,67.0,132.0
3,2020-11-01 03:00:00,83.0,126.0,69.0,133.0
4,2020-11-01 04:00:00,81.0,121.0,71.0,152.0
5,2020-11-01 05:00:00,92.0,131.0,75.0,133.0
6,2020-11-01 07:00:00,108.0,170.0,84.0,182.0
7,2020-11-01 08:00:00,89.0,134.0,87.0,187.0
8,2020-11-01 09:00:00,99.0,153.0,72.0,177.0
9,2020-11-01 10:00:00,72.0,116.0,72.0,181.0
10,2020-11-01 14:00:00,62.0,97.0,59.0,133.0
11,2020-11-01 15:00:00,60.0,98.0,53.0,123.0
12,2020-11-01 18:00:00,67.0,111.0,66.0,152.0
13,2020-11-01 19:00:00,72.0,120.0,71.0,166.0
14,2020-11-01 23:00:00,85.0,130.0,84.0,180.0
15,2020-11-02 00:00:00,83.0,124.0,83.0,169.0
16,2020-11-02 01:00:00,88.0,129.0,74.0,154.0
17,2020-11-02 02:00:00,91.0,131.0,80.0,153.0
18,2020-11-02 03:00:00,121.0,209.0,87.0,184.0
19,2020-11-02 04:00:00,124.0,213.0,80.0,175.0
20,2020-11-02 05:00:00,125.0,209.0,86.0,172.0
21,2020-11-02 06:00:00,125.0,200.0,81.0,188.0
22,2020-11-02 07:00:00,124.0,196.0,74.0,173.0
23,2020-11-02 09:00:00,109.0,171.0,72.0,177.0
24,2020-11-02 10:00:00,79.0,121.0,79.0,187.0
25,2020-11-02 13:00:00,61.0,93.0,72.0,134.0
26,2020-11-02 16:00:00,53.0,86.0,62.0,113.0
27,2020-11-02 19:00:00,84.0,125.0,86.0,176.0
28,2020-11-02 20:00:00,88.0,123.0,78.0,177.0
29,2020-11-02 21:00:00,92.0,130.0,77.0,184.0
30,2020-11-02 22:00:00,83.0,125.0,83.0,180.0
31,2020-11-03 00:00:00,91.0,130.0,86.0,178.0
32,2020-11-03 01:00:00,92.0,134.0,77.0,180.0
33,2020-11-03 02:00:00,91.0,129.0,83.0,173.0
34,2020-11-03 03:00:00,97.0,132.0,81.0,149.0
35,2020-11-03 04:00:00,103.0,140.0,82.0,163.0
36,2020-11-03 05:00:00,95.0,134.0,75.0,156.0
37,2020-11-03 06:00:00,98.0,135.0,86.0,160.0
38,2020-11-03 08:00:00,119.0,176.0,79.0,176.0
39,2020-11-03 11:00:00,91.0,128.0,76.0,174.0
40,2020-11-03 12:00:00,79.0,114.0,84.0,176.0
41,2020-11-03 14:00:00,77.0,107.0,78.0,141.0
42,2020-11-03 15:00:00,77.0,109.0,77.0,154.0
43,2020-11-03 16:00:00,71.0,108.0,81.0,159.0
44,2020-11-03 17:00:00,73.0,107.0,77.0,157.0
45,2020-11-03 19:00:00,89.0,127.0,75.0,174.0
46,2020-11-03 20:00:00,88.0,133.0,87.0,179.0
47,2020-11-03 21:00:00,89.0,135.0,76.0,183.0
48,2020-11-03 23:00:00,82.0,125.0,78.0,173.0
49,2020-11-04 00:00:00,89.0,130.0,86.0,170.0
50,2020-11-04 01:00:00,89.0,135.0,85.0,168.0
51,2020-11-04 02:00:00,92.0,133.0,84.0,176.0
52,2020-11-04 03:00:00,92.0,132.0,74.0,158.0
53,2020-11-04 04:00:00,100.0,149.0,83.0,153.0
54,2020-11-04 05:00:00,119.0,188.0,84.0,182.0
55,2020-11-04 06:00:00,126.0,206.0,83.0,178.0
56,2020-11-04 07:00:00,117.0,197.0,73.0,187.0
57,2020-11-04 10:00:00,61.0,102.0,87.0,174.0
58,2020-11-04 11:00:00,56.0,99.0,56.0,162.0
59,2020-11-04 12:00:00,51.0,91.0,51.0,136.0
60,2020-11-04 16:00:00,56.0,96.0,48.0,125.0
61,2020-11-04 18:00:00,57.0,99.0,64.0,174.0
62,2020-11-04 19:00:00,61.0,104.0,72.0,166.0
63,2020-11-04 20:00:00,62.0,114.0,76.0,175.0
64,2020-11-04 21:00:00,62.0,108.0,70.0,163.0
65,2020-11-04 22:00:00,73.0,123.0,75.0,161.0
66,2020-11-04 23:00:00,75.0,124.0,87.0,185.0
67,2020-11-05 00:00:00,74.0,130.0,84.0,183.0
68,2020-11-05 01:00:00,72.0,125.0,78.0,184.0
69,2020-11-05 02:00:00,70.0,117.0,77.0,156.0
70,2020-11-05 03:00:00,70.0,120.0,70.0,140.0
71,2020-11-05 04:00:00,68.0,119.0,70.0,124.0
72,2020-11-05 05:00:00,77.0,125.0,78.0,155.0
73,2020-11-05 06:00:00,77.0,121.0,74.0,169.0
74,2020-11-05 07:00:00,71.0,118.0,75.0,154.0
75,2020-11-05 08:00:00,64.0,116.0,64.0,160.0
76,2020-11-05 09:00:00,58.0,109.0,73.0,183.0
77,2020-11-05 10:00:00,42.0,78.0,46.0,116.0
78,2020-11-05 13:00:00,44.0,82.0,38.0,97.0
79,2020-11-05 14:00:00,45.0,83.0,40.0,99.0
80,2020-11-05 15:00:00,44.0,80.0,43.0,90.0
81,2020-11-05 16:00:00,47.0,84.0,38.0,99.0
82,2020-11-05 17:00:00,46.0,84.0,53.0,120.0
83,2020-11-05 21:00:00,53.0,101.0,69.0,176.0
84,2020-11-05 22:00:00,56.0,110.0,68.0,156.0
85,2020-11-05 23:00:00,57.0,108.0,61.0,145.0
86,2020-11-06 00:00:00,56.0,105.0,67.0,149.0
87,2020-11-06 02:00:00,60.0,104.0,65.0,133.0
88,2020-11-06 03:00:00,58.0,101.0,61.0,127.0
89,2020-11-06 04:00:00,58.0,110.0,58.0,128.0
90,2020-11-06 05:00:00,52.0,95.0,61.0,122.0
91,2020-11-06 06:00:00,52.0,94.0,54.0,120.0
92,2020-11-06 07:00:00,54.0,97.0,54.0,115.0
93,2020-11-06 08:00:00,55.0,107.0,60.0,139.0
94,2020-11-06 09:00:00,50.0,99.0,60.0,159.0
95,2020-11-06 10:00:00,57.0,101.0,59.0,153.0
96,2020-11-06 11:00:00,59.0,101.0,60.0,139.0
97,2020-11-06 12:00:00,71.0,105.0,68.0,137.0
98,2020-11-06 13:00:00,73.0,107.0,69.0,137.0
99,2020-11-06 14:00:00,82.0,112.0,65.0,128.0
100,2020-11-06 17:00:00,86.0,114.0,68.0,123.0
101,2020-11-06 19:00:00,97.0,133.0,86.0,162.0
102,2020-11-06 20:00:00,97.0,136.0,85.0,170.0
103,2020-11-06 21:00:00,103.0,141.0,86.0,170.0
104,2020-11-06 22:00:00,107.0,141.0,79.0,175.0
105,2020-11-07 00:00:00,111.0,155.0,77.0,162.0
106,2020-11-07 01:00:00,112.0,153.0,86.0,159.0
107,2020-11-07 02:00:00,116.0,160.0,87.0,154.0
108,2020-11-07 03:00:00,111.0,146.0,72.0,149.0
109,2020-11-07 04:00:00,106.0,140.0,85.0,144.0
110,2020-11-07 05:00:00,104.0,137.0,79.0,144.0
111,2020-11-07 06:00:00,100.0,134.0,85.0,140.0
112,2020-11-07 07:00:00,91.0,126.0,78.0,142.0
113,2020-11-07 08:00:00,84.0,122.0,79.0,145.0
114,2020-11-07 09:00:00,77.0,116.0,80.0,161.0
115,2020-11-07 10:00:00,77.0,120.0,75.0,165.0
116,2020-11-07 12:00:00,78.0,109.0,74.0,155.0
117,2020-11-07 13:00:00,77.0,107.0,67.0,138.0
118,2020-11-07 15:00:00,77.0,103.0,65.0,123.0
119,2020-11-07 17:00:00,91.0,122.0,75.0,146.0
120,2020-11-07 18:00:00,97.0,131.5,79.0,163.0
121,2020-11-07 20:00:00,95.0,134.0,85.0,183.0
122,2020-11-07 21:00:00,81.0,120.0,86.0,167.0
123,2020-11-08 00:00:00,68.0,110.0,82.0,166.0
124,2020-11-08 01:00:00,62.0,107.0,67.0,138.0
125,2020-11-08 02:00:00,66.0,109.0,61.0,128.0
126,2020-11-08 03:00:00,66.0,105.0,66.0,126.0
127,2020-11-08 04:00:00,67.0,110.0,68.0,123.0
128,2020-11-08 05:00:00,67.0,105.0,61.0,126.0
129,2020-11-08 07:00:00,85.0,125.0,74.0,140.0
130,2020-11-08 12:00:00,51.0,84.0,56.0,106.0
131,2020-11-08 13:00:00,49.0,84.0,49.0,93.0
132,2020-11-08 14:00:00,49.0,86.0,50.0,96.0
133,2020-11-08 15:00:00,46.0,82.0,49.0,89.0
134,2020-11-08 16:00:00,45.0,82.0,50.0,88.0
135,2020-11-08 17:00:00,40.0,74.0,37.0,85.0
136,2020-11-08 18:00:00,50.0,92.0,44.0,97.0
137,2020-11-08 20:00:00,62.0,109.0,68.0,155.0
138,2020-11-09 00:00:00,58.0,102.0,56.0,100.0
139,2020-11-09 01:00:00,57.0,99.0,50.0,103.0
140,2020-11-09 02:00:00,60.0,101.0,57.0,104.0
141,2020-11-09 03:00:00,71.0,108.0,63.0,100.0
142,2020-11-09 04:00:00,82.0,117.0,68.0,106.0
143,2020-11-09 05:00:00,92.0,136.0,78.0,139.0
144,2020-11-09 06:00:00,100.0,154.0,72.0,170.0
145,2020-11-09 07:00:00,114.0,207.0,83.0,187.0
146,2020-11-09 08:00:00,113.0,201.0,80.0,179.0
147,2020-11-09 10:00:00,85.0,124.0,87.0,188.0
148,2020-11-09 13:00:00,63.0,102.0,58.0,108.0
149,2020-11-09 15:00:00,68.0,105.0,52.0,105.0
150,2020-11-09 16:00:00,74.0,114.0,65.0,132.0
151,2020-11-09 17:00:00,79.0,122.0,67.0,149.0
152,2020-11-09 18:00:00,88.0,138.0,79.0,170.0
153,2020-11-09 19:00:00,94.0,151.0,74.0,183.0
154,2020-11-09 21:00:00,102.0,168.0,75.0,183.0
155,2020-11-09 22:00:00,103.0,164.0,83.0,188.0
156,2020-11-09 23:00:00,101.0,153.0,82.0,172.0
157,2020-11-10 00:00:00,103.0,156.0,82.0,179.0
158,2020-11-10 01:00:00,101.0,152.0,73.0,186.0
159,2020-11-10 02:00:00,104.0,167.0,77.0,171.0
160,2020-11-10 03:00:00,104.0,158.0,78.0,181.0
161,2020-11-10 04:00:00,100.0,145.0,73.0,174.0
162,2020-11-10 05:00:00,99.0,156.0,77.0,157.0
163,2020-11-10 07:00:00,100.0,159.0,84.0,185.0
164,2020-11-10 08:00:00,99.0,165.0,76.0,185.0
165,2020-11-10 09:00:00,95.0,143.0,86.0,182.0
166,2020-11-10 10:00:00,85.0,124.0,83.0,165.0
167,2020-11-10 11:00:00,79.0,115.0,69.0,136.0
168,2020-11-10 12:00:00,72.0,112.0,63.0,136.0
169,2020-11-10 14:00:00,70.0,106.0,61.0,109.0
170,2020-11-10 17:00:00,70.0,116.0,58.0,126.0
171,2020-11-10 20:00:00,92.0,145.0,72.0,181.0
172,2020-11-10 21:00:00,91.0,139.0,79.0,177.0
173,2020-11-10 22:00:00,91.0,136.0,86.0,162.0
174,2020-11-10 23:00:00,93.5,141.5,87.0,174.0
175,2020-11-11 01:00:00,91.0,137.0,82.0,166.0
176,2020-11-11 02:00:00,99.0,162.0,76.0,161.0
177,2020-11-11 03:00:00,97.0,152.0,76.0,164.0
178,2020-11-11 04:00:00,106.0,170.0,80.0,173.0
179,2020-11-11 05:00:00,107.0,171.0,75.0,175.0
180,2020-11-11 07:00:00,107.0,167.0,83.0,153.0
181,2020-11-11 08:00:00,111.0,198.0,80.0,177.0
182,2020-11-11 10:00:00,76.5,119.5,73.0,136.0
183,2020-11-11 11:00:00,60.0,98.0,59.0,122.0
184,2020-11-11 13:00:00,40.0,70.0,33.0,78.0
185,2020-11-11 14:00:00,38.0,66.0,31.0,70.0
186,2020-11-11 16:00:00,36.0,72.0,30.0,65.0
187,2020-11-11 19:00:00,50.0,93.0,50.0,101.0
188,2020-11-11 20:00:00,50.0,94.0,54.0,122.0
189,2020-11-11 21:00:00,51.0,96.0,45.0,100.0
190,2020-11-12 07:00:00,73.0,107.0,42.0,72.0
191,2020-11-12 08:00:00,33.0,74.0,29.0,54.0
192,2020-11-12 10:00:00,31.0,58.0,25.0,47.0
193,2020-11-12 11:00:00,21.0,40.0,19.0,40.0
194,2020-11-12 13:00:00,21.0,42.0,22.0,51.0
195,2020-11-12 15:00:00,14.0,34.0,17.0,49.0
196,2020-11-12 17:00:00,17.0,36.0,19.0,58.0
197,2020-11-12 18:00:00,29.0,60.0,34.0,67.0
198,2020-11-12 23:00:00,29.0,52.0,20.0,43.0
199,2020-11-13 00:00:00,31.0,56.0,15.0,45.0
200,2020-11-13 02:00:00,22.0,34.0,14.0,29.0
201,2020-11-13 03:00:00,31.0,48.0,20.0,37.0
202,2020-11-13 04:00:00,33.0,54.0,24.0,32.0
203,2020-11-13 05:00:00,33.0,54.0,18.0,37.0
204,2020-11-13 06:00:00,44.0,78.0,25.0,37.0
205,2020-11-13 07:00:00,36.0,76.0,25.0,43.0
206,2020-11-13 08:00:00,36.0,68.0,22.0,47.0
207,2020-11-13 11:00:00,22.0,40.0,20.0,50.0
208,2020-11-13 12:00:00,17.0,40.0,19.0,57.0
209,2020-11-13 13:00:00,19.0,42.0,25.0,53.0
210,2020-11-13 14:00:00,17.0,40.0,22.0,49.0
211,2020-11-13 15:00:00,17.0,34.0,20.0,58.0
212,2020-11-13 18:00:00,46.0,88.0,35.0,77.0
213,2020-11-13 19:00:00,40.0,93.0,43.0,121.0
214,2020-11-13 22:00:00,55.0,95.0,67.0,107.0
215,2020-11-14 00:00:00,52.0,89.0,54.0,100.0
216,2020-11-14 02:00:00,67.0,112.0,54.0,108.0
217,2020-11-14 06:00:00,48.0,86.0,37.0,77.0
218,2020-11-14 08:00:00,44.0,82.0,35.0,81.0
219,2020-11-14 11:00:00,26.0,56.0,24.0,71.0
220,2020-11-14 13:00:00,17.0,34.0,25.0,54.0
221,2020-11-14 14:00:00,15.0,32.0,19.0,53.0
222,2020-11-14 15:00:00,15.0,34.0,20.0,52.0
223,2020-11-14 16:00:00,14.0,28.0,24.0,48.0
224,2020-11-14 18:00:00,19.0,36.0,35.0,63.0
225,2020-11-14 21:00:00,73.0,113.0,83.0,179.0
226,2020-11-15 00:00:00,61.0,101.0,87.0,175.0
227,2020-11-15 01:00:00,50.0,88.0,82.0,130.0
228,2020-11-15 02:00:00,48.0,84.0,63.0,103.0
229,2020-11-15 03:00:00,53.0,88.0,55.0,88.0
230,2020-11-15 04:00:00,56.0,89.0,55.0,87.0
231,2020-11-15 05:00:00,55.0,88.0,42.0,75.0
232,2020-11-15 08:00:00,56.0,90.0,45.0,80.0
233,2020-11-15 09:00:00,53.0,87.0,39.0,75.0
234,2020-11-15 10:00:00,49.0,88.0,40.0,76.0
235,2020-11-15 12:00:00,21.0,42.0,30.0,60.0
236,2020-11-15 13:00:00,19.0,38.0,22.0,52.0
237,2020-11-15 14:00:00,19.0,32.0,25.0,56.0
238,2020-11-15 16:00:00,15.0,28.0,24.0,45.0
239,2020-11-15 18:00:00,22.0,44.0,20.0,51.0
240,2020-11-15 20:00:00,54.0,95.0,65.0,104.0
241,2020-11-15 23:00:00,45.0,80.0,55.0,94.0
242,2020-11-16 00:00:00,47.0,82.0,48.0,79.0
243,2020-11-16 01:00:00,44.0,74.0,49.0,72.0
244,2020-11-16 02:00:00,35.0,54.0,36.0,64.0
245,2020-11-16 03:00:00,33.0,58.0,33.0,55.0
246,2020-11-16 04:00:00,44.0,76.0,26.0,57.0
247,2020-11-16 08:00:00,59.0,93.0,47.0,72.0
248,2020-11-16 09:00:00,48.0,82.0,34.0,77.0
249,2020-11-16 10:00:00,53.0,86.0,37.0,79.0
250,2020-11-16 11:00:00,47.0,82.0,45.0,83.0
251,2020-11-16 12:00:00,47.0,82.0,39.0,70.0
252,2020-11-16 13:00:00,44.0,72.0,39.0,77.0
253,2020-11-16 15:00:00,44.0,76.0,31.0,72.0
254,2020-11-16 17:00:00,40.0,68.0,33.0,66.0
255,2020-11-16 19:00:00,54.0,94.0,46.0,107.0
256,2020-11-16 20:00:00,54.0,93.0,55.0,120.0
257,2020-11-16 21:00:00,60.0,96.0,65.0,114.0
258,2020-11-16 22:00:00,62.0,96.0,61.0,97.0
259,2020-11-16 23:00:00,62.0,97.0,53.0,93.0
260,2020-11-17 01:00:00,57.0,92.0,43.0,83.0
261,2020-11-17 02:00:00,61.0,94.0,46.0,80.0
262,2020-11-17 04:00:00,67.0,95.0,39.0,68.0
263,2020-11-17 05:00:00,76.0,112.0,40.0,73.0
264,2020-11-17 06:00:00,81.0,114.0,51.0,82.0
265,2020-11-17 07:00:00,88.0,120.0,56.0,85.0
266,2020-11-17 09:00:00,54.0,91.0,47.0,89.0
267,2020-11-17 10:00:00,50.0,86.0,48.0,86.0
268,2020-11-17 11:00:00,49.0,87.0,46.0,89.0
269,2020-11-17 12:00:00,42.0,66.0,28.0,79.0
270,2020-11-17 13:00:00,35.0,64.0,36.0,69.0
271,2020-11-17 14:00:00,24.0,46.0,33.0,70.0
272,2020-11-17 15:00:00,31.0,52.0,30.0,64.0
273,2020-11-17 16:00:00,26.0,44.0,30.0,59.0
274,2020-11-17 17:00:00,31.0,62.0,27.0,57.0
275,2020-11-17 18:00:00,33.0,76.0,38.0,67.0
276,2020-11-17 19:00:00,35.0,68.0,36.0,78.0
277,2020-11-17 20:00:00,42.0,80.0,32.0,92.0
278,2020-11-17 21:00:00,51.0,94.0,55.0,111.0
279,2020-11-17 22:00:00,54.0,92.0,53.0,104.0
280,2020-11-17 23:00:00,59.0,99.0,52.0,110.0
281,2020-11-18 00:00:00,58.0,96.0,53.0,114.0
282,2020-11-18 02:00:00,60.0,95.0,44.0,75.0
283,2020-11-18 03:00:00,64.0,97.0,42.0,79.0
284,2020-11-18 04:00:00,73.0,105.0,46.0,73.0
285,2020-11-18 05:00:00,76.0,105.0,46.0,76.0
286,2020-11-18 06:00:00,84.0,116.0,47.0,70.0
287,2020-11-18 07:00:00,90.0,124.0,42.0,66.0
288,2020-11-18 08:00:00,71.0,104.0,37.0,71.0
289,2020-11-18 09:00:00,55.0,89.0,37.0,70.0
290,2020-11-18 12:00:00,31.0,54.0,21.0,66.0
291,2020-11-18 13:00:00,26.0,46.0,27.0,58.0
292,2020-11-18 14:00:00,21.0,34.0,23.0,50.0
293,2020-11-18 15:00:00,21.0,38.0,23.0,49.0
294,2020-11-18 16:00:00,21.0,44.0,21.0,43.0
295,2020-11-18 17:00:00,22.0,38.0,20.0,43.0
296,2020-11-18 18:00:00,24.0,52.0,28.0,47.0
297,2020-11-18 19:00:00,29.0,60.0,30.0,78.0
298,2020-11-18 20:00:00,33.0,72.0,30.0,82.0
299,2020-11-18 21:00:00,38.0,70.0,36.0,84.0
300,2020-11-18 22:00:00,42.0,80.0,37.0,76.0
301,2020-11-18 23:00:00,35.0,62.0,34.0,78.0
302,2020-11-19 00:00:00,38.0,66.0,32.0,63.0
303,2020-11-19 01:00:00,36.0,66.0,24.0,60.0
304,2020-11-19 02:00:00,42.0,76.0,25.0,42.0
305,2020-11-19 03:00:00,42.0,70.0,25.0,50.0
306,2020-11-19 04:00:00,44.0,70.0,20.0,47.0
307,2020-11-19 05:00:00,45.0,76.0,29.0,39.0
308,2020-11-19 06:00:00,44.0,72.0,24.0,45.0
309,2020-11-19 07:00:00,69.0,102.0,30.0,47.0
310,2020-11-19 09:00:00,31.0,62.0,23.0,54.0
311,2020-11-19 10:00:00,35.0,64.0,23.0,60.0
312,2020-11-19 11:00:00,21.0,40.0,24.0,64.0
313,2020-11-19 12:00:00,12.0,26.0,21.0,58.0
314,2020-11-19 13:00:00,19.0,34.0,22.0,55.0
315,2020-11-19 14:00:00,14.0,24.0,17.0,47.0
316,2020-11-19 15:00:00,14.0,28.0,14.0,42.0
317,2020-11-19 16:00:00,12.0,26.0,19.0,59.0
318,2020-11-19 19:00:00,22.0,44.0,28.0,71.0
319,2020-11-19 20:00:00,26.0,62.0,27.0,74.0
320,2020-11-19 21:00:00,31.0,72.0,33.0,72.0
321,2020-11-19 22:00:00,36.0,70.0,28.0,75.0
322,2020-11-19 23:00:00,35.0,60.0,31.0,63.0
323,2020-11-20 00:00:00,31.0,58.0,22.0,57.0
324,2020-11-20 02:00:00,33.0,56.0,22.0,41.0
325,2020-11-20 03:00:00,46.0,82.0,34.0,63.0
326,2020-11-20 04:00:00,36.0,60.0,33.0,50.0
327,2020-11-20 05:00:00,33.0,48.0,30.0,40.0
328,2020-11-20 06:00:00,40.0,66.0,25.0,46.0
329,2020-11-20 07:00:00,42.0,66.0,33.0,50.0
330,2020-11-20 08:00:00,53.0,96.0,35.0,66.0
331,2020-11-20 09:00:00,42.0,83.0,40.0,78.0
332,2020-11-20 10:00:00,38.0,86.0,35.0,77.0
333,2020-11-20 11:00:00,5.0,18.0,23.0,73.0
334,2020-11-20 12:00:00,7.0,20.0,17.0,56.0
335,2020-11-20 13:00:00,12.0,30.0,13.0,54.0
336,2020-11-20 14:00:00,15.0,44.0,31.0,72.0
337,2020-11-20 15:00:00,8.0,26.0,18.0,52.0
338,2020-11-20 16:00:00,7.0,20.0,17.0,51.0
339,2020-11-20 17:00:00,12.0,42.0,13.0,51.0
340,2020-11-20 18:00:00,14.0,42.0,24.0,72.0
341,2020-11-20 19:00:00,15.0,40.0,29.0,81.0
342,2020-11-20 20:00:00,17.0,48.0,27.0,75.0
343,2020-11-20 21:00:00,19.0,54.0,28.0,67.0
344,2020-11-20 22:00:00,22.0,62.0,30.0,72.0
345,2020-11-20 23:00:00,21.0,52.0,30.0,62.0
346,2020-11-21 00:00:00,28.0,87.0,34.0,77.0
347,2020-11-21 01:00:00,22.0,62.0,25.0,77.0
348,2020-11-21 02:00:00,28.0,80.0,27.0,61.0
349,2020-11-21 03:00:00,22.0,54.0,25.0,66.0
350,2020-11-21 05:00:00,31.0,68.0,25.0,48.0
351,2020-11-21 06:00:00,31.0,70.0,25.0,48.0
352,2020-11-21 07:00:00,28.0,58.0,21.0,43.0
353,2020-11-21 08:00:00,28.0,64.0,27.0,54.0
354,2020-11-21 09:00:00,14.0,56.0,22.0,80.0
355,2020-11-21 10:00:00,8.0,32.0,18.0,57.0
356,2020-11-21 11:00:00,14.0,32.0,15.0,51.0
357,2020-11-21 12:00:00,12.0,40.0,16.0,45.0
358,2020-11-21 13:00:00,15.0,44.0,21.0,73.0
359,2020-11-21 14:00:00,17.0,45.0,24.0,70.0
360,2020-11-21 15:00:00,17.0,46.0,27.0,94.0
361,2020-11-21 16:00:00,15.0,42.0,22.0,77.0
362,2020-11-21 17:00:00,17.0,76.0,23.0,78.0
363,2020-11-21 18:00:00,31.0,92.0,35.0,135.0
364,2020-11-21 19:00:00,40.0,99.0,56.0,150.0
365,2020-11-21 20:00:00,47.0,101.0,60.0,175.0
366,2020-11-21 21:00:00,58.0,125.0,86.0,175.0
367,2020-11-21 22:00:00,47.0,94.0,80.0,180.0
368,2020-11-21 23:00:00,44.0,88.0,58.0,133.0
369,2020-11-22 00:00:00,40.0,84.0,49.0,119.0
370,2020-11-22 01:00:00,42.0,92.0,46.0,116.0
371,2020-11-22 02:00:00,44.0,95.0,54.0,126.0
372,2020-11-22 03:00:00,50.0,100.0,53.0,132.0
373,2020-11-22 04:00:00,53.0,99.0,60.0,119.0
374,2020-11-22 05:00:00,58.0,103.0,49.0,89.0
375,2020-11-22 06:00:00,68.0,110.0,46.0,95.0
376,2020-11-22 07:00:00,66.0,105.0,47.0,84.0
377,2020-11-22 08:00:00,66.0,103.0,74.0,157.0
378,2020-11-22 09:00:00,69.0,103.0,45.0,86.0
379,2020-11-22 10:00:00,52.0,84.0,43.0,82.0
380,2020-11-22 11:00:00,59.0,91.0,54.0,96.0
381,2020-11-22 12:00:00,52.0,84.0,59.0,99.0
382,2020-11-22 13:00:00,45.0,76.0,50.0,100.0
383,2020-11-22 14:00:00,40.0,64.0,40.0,88.0
384,2020-11-22 15:00:00,44.0,68.0,41.0,81.0
385,2020-11-22 16:00:00,45.0,87.0,48.0,81.0
386,2020-11-22 17:00:00,44.0,76.0,47.0,91.0
387,2020-11-22 18:00:00,53.0,105.0,53.0,106.0
388,2020-11-22 19:00:00,56.0,95.0,67.0,149.0
389,2020-11-22 20:00:00,66.0,105.0,63.0,140.0
390,2020-11-22 22:00:00,89.0,128.0,83.0,140.0
391,2020-11-22 23:00:00,91.0,131.0,76.0,127.0
392,2020-11-23 00:00:00,89.0,127.0,68.0,120.0
393,2020-11-23 01:00:00,89.0,127.0,80.0,114.0
394,2020-11-23 02:00:00,83.0,118.0,63.0,108.0
395,2020-11-23 03:00:00,74.0,111.0,56.0,92.0
396,2020-11-23 04:00:00,77.0,114.0,57.0,83.0
397,2020-11-23 05:00:00,82.0,120.0,51.0,77.0
398,2020-11-23 06:00:00,91.0,129.0,56.0,83.0
399,2020-11-23 07:00:00,91.0,128.0,66.0,97.0
400,2020-11-23 08:00:00,92.0,133.0,66.0,114.0
401,2020-11-23 09:00:00,88.0,127.0,78.0,142.0
402,2020-11-23 10:00:00,69.0,107.0,74.0,139.0
403,2020-11-23 11:00:00,63.0,103.0,53.0,103.0
404,2020-11-23 12:00:00,54.0,92.0,51.0,95.0
405,2020-11-23 13:00:00,46.0,82.0,47.0,103.0
406,2020-11-23 14:00:00,45.0,80.0,44.0,92.0
407,2020-11-23 15:00:00,40.0,78.0,38.0,88.0
408,2020-11-23 17:00:00,51.0,93.0,44.0,107.0
409,2020-11-23 18:00:00,53.0,103.0,53.0,138.0
410,2020-11-23 19:00:00,67.0,116.0,74.0,173.0
411,2020-11-23 20:00:00,72.0,125.0,82.0,177.0
412,2020-11-23 21:00:00,69.0,121.0,72.0,175.0
413,2020-11-23 22:00:00,74.0,121.0,72.0,171.0
414,2020-11-23 23:00:00,69.0,119.0,72.0,185.0
415,2020-11-24 00:00:00,78.0,128.0,85.0,173.0
416,2020-11-24 01:00:00,63.0,112.0,76.0,145.0
417,2020-11-24 02:00:00,70.0,114.0,66.0,122.0
418,2020-11-24 03:00:00,63.0,109.0,64.0,137.0
419,2020-11-24 04:00:00,66.0,110.0,65.0,116.0
420,2020-11-24 05:00:00,70.0,112.0,58.0,127.0
421,2020-11-24 06:00:00,70.0,117.0,59.0,122.0
422,2020-11-24 07:00:00,67.0,111.0,67.0,121.0
423,2020-11-24 08:00:00,68.0,110.0,76.0,145.0
424,2020-11-24 09:00:00,64.0,110.0,60.0,125.0
425,2020-11-24 10:00:00,50.0,90.0,48.0,102.0
426,2020-11-24 11:00:00,53.0,92.0,43.0,104.0
427,2020-11-24 12:00:00,48.0,89.0,46.0,112.0
428,2020-11-24 13:00:00,44.0,83.0,42.0,107.0
429,2020-11-24 14:00:00,38.0,74.0,40.0,97.0
430,2020-11-24 15:00:00,42.0,82.0,41.0,91.0
431,2020-11-24 16:00:00,45.0,90.0,39.0,105.0
432,2020-11-24 17:00:00,42.0,90.0,44.0,107.0
433,2020-11-24 18:00:00,54.0,105.0,47.0,152.0
434,2020-11-24 19:00:00,61.0,116.0,66.0,165.0
435,2020-11-24 20:00:00,68.0,122.0,72.0,188.0
436,2020-11-24 21:00:00,69.0,121.0,85.0,171.0
437,2020-11-24 22:00:00,71.0,118.0,82.0,156.0
438,2020-11-24 23:00:00,68.0,118.0,72.0,154.0
439,2020-11-25 01:00:00,59.0,110.0,57.0,132.0
440,2020-11-25 02:00:00,63.0,107.0,67.0,131.0
441,2020-11-25 03:00:00,59.0,102.0,57.0,110.0
442,2020-11-25 04:00:00,55.0,101.0,54.0,97.0
443,2020-11-25 05:00:00,55.0,97.0,44.0,102.0
444,2020-11-25 06:00:00,60.0,103.0,52.0,99.0
445,2020-11-25 08:00:00,72.0,118.0,68.0,137.0
446,2020-11-25 09:00:00,67.0,114.0,68.0,140.0
447,2020-11-25 10:00:00,56.0,96.0,59.0,123.0
448,2020-11-25 11:00:00,51.0,88.0,50.0,109.0
449,2020-11-25 12:00:00,48.0,87.0,40.0,111.0
450,2020-11-25 13:00:00,45.0,80.0,34.0,83.0
451,2020-11-25 14:00:00,35.0,68.0,33.0,81.0
452,2020-11-25 15:00:00,31.0,58.0,33.0,77.0
453,2020-11-25 16:00:00,29.0,48.0,26.0,67.0
454,2020-11-25 17:00:00,35.0,70.0,27.0,76.0
455,2020-11-25 18:00:00,38.0,80.0,35.0,72.0
456,2020-11-25 19:00:00,49.0,89.0,36.0,79.0
457,2020-11-25 20:00:00,57.0,95.0,52.0,100.0
458,2020-11-25 21:00:00,54.0,91.0,50.0,97.0
459,2020-11-25 22:00:00,52.0,88.0,45.0,85.0
460,2020-11-25 23:00:00,53.0,92.0,38.0,78.0
461,2020-11-26 00:00:00,59.0,99.0,44.0,87.0
462,2020-11-26 01:00:00,52.0,92.0,43.0,91.0
463,2020-11-26 02:00:00,56.0,92.0,47.0,85.0
464,2020-11-26 03:00:00,70.0,105.0,48.0,71.0
465,2020-11-26 04:00:00,59.0,92.0,34.0,50.0
466,2020-11-26 05:00:00,54.0,87.0,40.0,58.0
467,2020-11-26 06:00:00,60.0,94.0,33.0,57.0
468,2020-11-26 07:00:00,53.0,89.0,38.0,57.0
469,2020-11-26 08:00:00,55.0,92.0,44.0,68.0
470,2020-11-26 09:00:00,42.0,78.0,34.0,54.0
471,2020-11-26 10:00:00,38.0,68.0,31.0,61.0
472,2020-11-26 11:00:00,38.0,68.0,27.0,72.0
473,2020-11-26 12:00:00,29.0,60.0,26.0,68.0
474,2020-11-26 13:00:00,24.0,46.0,13.0,63.0
475,2020-11-26 14:00:00,19.0,36.0,20.0,48.0
476,2020-11-26 15:00:00,31.0,54.0,23.0,50.0
477,2020-11-26 16:00:00,33.0,62.0,26.0,65.0
478,2020-11-26 17:00:00,29.0,66.0,24.0,63.0
479,2020-11-26 18:00:00,42.0,78.0,24.0,55.0
480,2020-11-26 19:00:00,49.0,86.0,32.0,78.0
481,2020-11-26 20:00:00,56.0,96.0,42.0,81.0
482,2020-11-26 21:00:00,59.0,95.0,53.0,101.0
483,2020-11-26 22:00:00,63.0,101.0,49.0,86.0
484,2020-11-26 23:00:00,80.0,114.0,60.0,102.0
485,2020-11-27 00:00:00,89.0,122.0,53.0,82.0
486,2020-11-27 01:00:00,88.0,117.0,58.0,87.0
487,2020-11-27 02:00:00,88.0,119.0,67.0,94.0
488,2020-11-27 03:00:00,91.0,120.0,57.0,79.0
489,2020-11-27 04:00:00,79.0,108.0,42.0,65.0
490,2020-11-27 05:00:00,52.0,82.0,38.0,61.0
491,2020-11-27 06:00:00,26.0,44.0,23.0,36.0
492,2020-11-27 07:00:00,47.0,80.0,19.0,23.0
493,2020-11-27 08:00:00,67.0,100.0,32.0,56.0
494,2020-11-27 09:00:00,51.0,87.0,33.0,63.0
495,2020-11-27 10:00:00,50.0,84.0,33.0,50.0
496,2020-11-27 11:00:00,45.0,81.0,36.0,72.0
497,2020-11-27 12:00:00,57.0,89.0,33.0,71.0
498,2020-11-27 13:00:00,57.0,94.0,31.0,70.0
499,2020-11-27 14:00:00,35.0,54.0,28.0,39.0
500,2020-11-27 15:00:00,46.0,80.0,27.0,46.0
501,2020-11-27 16:00:00,71.0,102.0,36.0,67.0
502,2020-11-27 17:00:00,82.0,117.0,52.0,75.0
503,2020-11-27 18:00:00,97.0,140.0,51.0,79.0
504,2020-11-27 19:00:00,112.0,179.0,43.0,73.0
505,2020-11-27 20:00:00,103.0,151.0,56.0,72.0
506,2020-11-27 21:00:00,99.0,142.0,55.0,75.0
507,2020-11-27 22:00:00,94.0,134.0,42.0,69.0
508,2020-11-27 23:00:00,108.0,182.0,45.0,68.0
509,2020-11-28 01:00:00,94.0,135.0,40.0,62.0
510,2020-11-28 02:00:00,102.0,162.0,44.0,53.0
511,2020-11-28 03:00:00,109.0,184.0,39.0,59.0
512,2020-11-28 04:00:00,101.0,161.0,41.0,53.0
513,2020-11-28 05:00:00,97.0,156.0,37.0,52.0
514,2020-11-28 06:00:00,96.0,161.0,30.0,43.0
515,2020-11-28 07:00:00,88.0,133.0,28.0,40.0
516,2020-11-28 08:00:00,89.0,131.0,20.0,39.0
517,2020-11-28 09:00:00,75.0,105.0,28.0,47.0
518,2020-11-28 10:00:00,58.0,89.0,24.0,46.0
519,2020-11-28 11:00:00,47.0,76.0,22.0,46.0
520,2020-11-28 12:00:00,47.0,78.0,17.0,40.0
521,2020-11-28 13:00:00,53.0,87.0,20.0,48.0
522,2020-11-28 14:00:00,48.0,80.0,19.0,48.0
523,2020-11-28 15:00:00,44.0,72.0,17.0,44.0
524,2020-11-28 16:00:00,33.0,52.0,20.0,42.0
525,2020-11-28 17:00:00,46.0,74.0,20.0,53.0
526,2020-11-28 18:00:00,52.0,87.0,19.0,65.0
527,2020-11-28 19:00:00,56.0,93.0,34.0,71.0
528,2020-11-28 20:00:00,61.0,96.0,34.0,80.0
529,2020-11-28 21:00:00,67.0,103.0,35.0,94.0
530,2020-11-28 22:00:00,68.0,103.0,27.0,71.0
531,2020-11-28 23:00:00,68.0,106.0,34.0,71.0
532,2020-11-29 00:00:00,79.0,119.0,33.0,75.0
533,2020-11-29 01:00:00,69.0,107.0,34.0,76.0
534,2020-11-29 02:00:00,75.0,106.0,28.0,66.0
535,2020-11-29 03:00:00,55.0,88.0,16.0,38.0
536,2020-11-29 04:00:00,64.0,99.0,21.0,36.0
537,2020-11-29 05:00:00,64.0,103.0,22.0,40.0
538,2020-11-29 07:00:00,77.0,118.0,24.0,57.0
539,2020-11-29 08:00:00,72.0,111.0,34.0,68.0
540,2020-11-29 09:00:00,52.0,85.0,27.0,64.0
541,2020-11-29 10:00:00,38.0,68.0,28.0,56.0
542,2020-11-29 11:00:00,38.0,56.0,23.0,51.0
543,2020-11-29 12:00:00,29.0,56.0,23.0,48.0
544,2020-11-29 13:00:00,29.0,56.0,15.0,39.0
545,2020-11-29 14:00:00,28.0,50.0,16.0,48.0
546,2020-11-29 15:00:00,21.0,40.0,14.0,42.0
547,2020-11-29 16:00:00,28.0,60.0,19.0,58.0
548,2020-11-29 17:00:00,33.0,68.0,24.0,51.0
549,2020-11-29 18:00:00,36.0,76.0,23.0,59.0
550,2020-11-29 19:00:00,47.0,82.0,27.0,66.0
551,2020-11-29 20:00:00,54.0,91.0,38.0,100.0
552,2020-11-29 21:00:00,61.0,99.0,44.0,108.0
553,2020-11-29 22:00:00,53.0,92.0,40.0,93.0
554,2020-11-29 23:00:00,47.0,82.0,25.0,74.0
555,2020-11-30 00:00:00,45.0,82.0,30.0,63.0
556,2020-11-30 01:00:00,44.0,82.0,28.0,57.0
557,2020-11-30 03:00:00,40.0,80.0,27.0,53.0
558,2020-11-30 04:00:00,42.0,72.0,29.0,53.0
559,2020-11-30 06:00:00,42.0,80.0,20.0,58.0
560,2020-11-30 07:00:00,51.0,92.0,26.0,84.0
561,2020-11-30 08:00:00,45.0,83.0,41.0,99.0
562,2020-11-30 09:00:00,51.0,91.0,33.0,73.0
563,2020-11-30 10:00:00,46.0,85.0,38.0,78.0
564,2020-11-30 12:00:00,47.0,84.0,34.0,84.0
565,2020-11-30 13:00:00,45.0,80.0,30.0,74.0
566,2020-11-30 14:00:00,47.0,83.0,30.0,79.0
567,2020-11-30 15:00:00,47.0,84.0,34.0,79.0
568,2020-11-30 16:00:00,46.0,84.0,37.0,82.0
569,2020-11-30 17:00:00,48.0,88.0,38.0,82.0
570,2020-11-30 18:00:00,49.0,87.0,29.0,80.0
571,2020-11-30 19:00:00,52.0,94.0,37.0,81.0
572,2020-11-30 20:00:00,77.0,133.0,85.0,173.0
573,2020-11-30 22:00:00,90.0,135.0,84.0,188.0
574,2020-11-30 23:00:00,84.0,127.0,86.0,184.0
575,2020-12-01 00:00:00,89.0,129.0,86.0,171.0
576,2020-12-01 01:00:00,89.0,125.0,79.0,153.0
577,2020-12-01 03:00:00,98.0,154.0,76.0,180.0
578,2020-12-01 04:00:00,108.0,179.0,87.0,182.0
579,2020-12-01 05:00:00,122.0,200.0,79.0,186.0
580,2020-12-01 06:00:00,129.0,209.0,80.0,168.0
581,2020-12-01 07:00:00,124.0,199.0,84.0,148.0
582,2020-12-01 08:00:00,106.0,159.0,86.0,158.0
583,2020-12-01 09:00:00,91.0,132.0,58.0,111.0
584,2020-12-01 10:00:00,83.0,120.0,53.0,115.0
585,2020-12-01 11:00:00,59.0,97.0,37.0,79.0
586,2020-12-01 12:00:00,49.0,86.0,33.0,75.0
587,2020-12-01 13:00:00,38.0,74.0,26.0,84.0
588,2020-12-01 14:00:00,38.0,72.0,26.0,70.0
589,2020-12-01 16:00:00,36.0,70.0,29.0,70.0
590,2020-12-01 17:00:00,38.0,80.0,29.0,75.0
591,2020-12-01 18:00:00,48.0,87.0,38.0,85.0
592,2020-12-01 19:00:00,58.0,97.0,49.0,110.0
593,2020-12-01 20:00:00,66.0,105.0,55.0,112.0
594,2020-12-01 21:00:00,70.0,110.0,54.0,112.0
595,2020-12-01 22:00:00,77.0,117.0,69.0,130.0
596,2020-12-01 23:00:00,89.0,129.0,79.0,150.0
597,2020-12-02 00:00:00,85.0,125.0,70.0,147.0
598,2020-12-02 01:00:00,96.0,142.0,83.0,149.0
599,2020-12-02 02:00:00,102.0,147.0,78.0,143.0
600,2020-12-02 03:00:00,97.0,133.0,66.0,113.0
601,2020-12-02 04:00:00,97.0,137.0,61.0,101.0
602,2020-12-02 05:00:00,105.0,150.0,59.0,107.0
603,2020-12-02 06:00:00,114.0,179.0,76.0,135.0
604,2020-12-02 07:00:00,135.0,222.0,79.0,156.0
605,2020-12-02 08:00:00,135.0,230.0,72.0,184.0
606,2020-12-02 09:00:00,59.0,103.0,79.0,186.0
607,2020-12-02 10:00:00,45.0,87.0,38.0,93.0
608,2020-12-02 11:00:00,36.0,82.0,35.0,83.0
609,2020-12-02 12:00:00,36.0,70.0,34.0,76.0
610,2020-12-02 13:00:00,35.0,76.0,31.0,77.0
611,2020-12-02 14:00:00,38.0,78.0,38.0,78.0
612,2020-12-02 15:00:00,36.0,72.0,48.0,84.0
613,2020-12-02 16:00:00,36.0,78.0,41.0,90.0
614,2020-12-02 17:00:00,40.0,84.0,44.0,108.0
615,2020-12-02 18:00:00,52.0,102.0,53.0,136.0
616,2020-12-02 19:00:00,61.0,112.0,75.0,173.0
617,2020-12-02 21:00:00,74.0,122.0,86.0,184.0
618,2020-12-02 22:00:00,78.0,125.0,77.0,187.0
619,2020-12-02 23:00:00,86.0,123.0,79.0,185.0
620,2020-12-03 00:00:00,71.0,110.0,84.0,150.0
621,2020-12-03 01:00:00,72.0,107.0,68.0,116.0
622,2020-12-03 02:00:00,84.0,120.0,74.0,121.0
623,2020-12-03 04:00:00,92.0,123.0,70.0,112.0
624,2020-12-03 05:00:00,99.0,136.0,74.0,124.0
625,2020-12-03 07:00:00,109.0,151.0,77.0,130.0
626,2020-12-03 08:00:00,147.0,254.0,85.0,186.0
627,2020-12-03 09:00:00,109.0,183.0,86.0,170.0
628,2020-12-03 11:00:00,62.0,103.0,64.0,133.0
629,2020-12-03 12:00:00,50.0,85.0,53.0,105.0
630,2020-12-03 13:00:00,44.0,78.0,29.0,90.0
631,2020-12-03 14:00:00,49.0,84.0,44.0,96.0
632,2020-12-03 15:00:00,31.0,54.0,36.0,75.0
633,2020-12-03 16:00:00,44.0,80.0,34.0,75.0
634,2020-12-03 17:00:00,40.0,78.0,43.0,66.0
635,2020-12-03 18:00:00,52.0,89.0,35.0,81.0
636,2020-12-03 19:00:00,64.0,105.0,55.0,115.0
637,2020-12-03 20:00:00,83.0,118.0,72.0,159.0
638,2020-12-03 21:00:00,95.0,133.0,75.0,182.0
639,2020-12-03 22:00:00,99.0,137.0,73.0,152.0
640,2020-12-04 06:00:00,97.0,128.0,73.0,118.0
641,2020-12-04 07:00:00,105.0,140.0,77.0,132.0
642,2020-12-04 08:00:00,97.0,136.0,82.0,143.0
643,2020-12-04 09:00:00,89.0,138.0,84.0,179.0
644,2020-12-04 10:00:00,70.0,112.0,82.0,174.0
645,2020-12-04 11:00:00,54.0,93.0,57.0,115.0
646,2020-12-04 12:00:00,42.0,80.0,28.0,83.0
647,2020-12-04 13:00:00,40.0,82.0,30.0,71.0
648,2020-12-04 14:00:00,36.0,72.0,34.0,62.0
649,2020-12-04 15:00:00,33.0,54.0,25.0,60.0
650,2020-12-04 16:00:00,31.0,56.0,30.0,63.0
651,2020-12-04 17:00:00,33.0,62.0,21.0,61.0
652,2020-12-04 18:00:00,44.0,88.0,25.0,79.0
653,2020-12-04 19:00:00,50.0,90.0,36.0,96.0
654,2020-12-04 20:00:00,61.0,103.0,51.0,115.0
655,2020-12-04 22:00:00,85.0,128.0,82.0,157.0
656,2020-12-04 23:00:00,69.0,107.0,69.0,128.0
657,2020-12-05 00:00:00,71.0,114.0,60.0,130.0
658,2020-12-05 01:00:00,70.0,112.0,61.0,135.0
659,2020-12-05 02:00:00,75.0,108.0,61.0,109.0
660,2020-12-05 03:00:00,83.0,118.0,53.0,111.0
661,2020-12-05 04:00:00,90.0,122.0,59.0,110.0
662,2020-12-05 05:00:00,95.0,131.0,63.0,119.0
663,2020-12-05 06:00:00,95.0,127.0,57.0,95.0
664,2020-12-05 07:00:00,94.0,124.0,56.0,91.0
665,2020-12-05 08:00:00,91.0,128.0,66.0,126.0
666,2020-12-05 09:00:00,68.0,105.0,56.0,114.0
667,2020-12-05 10:00:00,46.0,82.0,43.0,96.0
668,2020-12-05 12:00:00,47.0,92.0,38.0,82.0
669,2020-12-05 13:00:00,36.0,68.0,33.0,74.0
670,2020-12-05 14:00:00,35.0,62.0,26.0,72.0
671,2020-12-05 15:00:00,31.0,64.0,31.0,74.0
672,2020-12-05 16:00:00,33.0,66.0,25.0,66.0
673,2020-12-05 17:00:00,35.0,78.0,31.0,78.0
674,2020-12-05 18:00:00,46.0,91.0,37.0,106.0
675,2020-12-05 19:00:00,49.0,99.0,51.0,148.0
676,2020-12-05 21:00:00,73.0,123.0,76.0,174.0
677,2020-12-05 22:00:00,74.0,122.0,79.0,170.0
678,2020-12-05 23:00:00,68.0,117.0,75.0,161.0
679,2020-12-06 00:00:00,64.0,108.0,60.0,139.0
680,2020-12-07 12:00:00,38.0,62.0,33.0,84.0
