created_at,pm25_air,pm10_air,co_air,no2_air
01-12-2020 01:00,89.5,129.5,2,48.275
01-12-2020 02:00,91.5,130,2,47.07
01-12-2020 03:00,95,141,2,48.38
01-12-2020 04:00,103,163,2,48.325
01-12-2020 05:00,116,193,2.5,47.065
01-12-2020 06:00,124,204.5,2,47.21
01-12-2020 07:00,126.5,206.5,2,47.105
01-12-2020 08:00,117,186.5,2,46.32
01-12-2020 09:00,94,135,2,44.74
01-12-2020 10:00,87.5,125,2,46.215
01-12-2020 11:00,58.5,95,2,39.11
01-12-2020 12:00,51.5,88,2,31.775
01-12-2020 13:00,46.5,82.5,1,35.59
01-12-2020 14:00,36.5,70,2,29.925
01-12-2020 15:00,40,75,2,31.195
01-12-2020 16:00,38.5,72,1.5,35.38
01-12-2020 17:00,37.5,73.5,1.5,43.295
01-12-2020 18:00,42.5,83,2,49.665
01-12-2020 19:00,52.5,94.5,2,52
01-12-2020 20:00,63,103,2,51.875
01-12-2020 21:00,66.5,106.5,2,50.9
01-12-2020 22:00,72,112.5,2,50.115
01-12-2020 23:00,85,126.5,2,49.14
02-12-2020 00:00,88.5,129,2,49.055
02-12-2020 01:00,90.5,131.5,2,47.93
02-12-2020 02:00,100,146,2,47.135
02-12-2020 03:00,99,140,2,46.735
02-12-2020 04:00,97,135,2,45.375
02-12-2020 05:00,98.5,139,2,44.135
02-12-2020 06:00,109,164.5,2,44.875
02-12-2020 07:00,118,185,2,45.195
02-12-2020 08:00,143.5,242,2,46.4
02-12-2020 09:00,116.5,194.5,2,48.415
02-12-2020 10:00,44.5,85.5,2,42.635
02-12-2020 11:00,39.5,81.5,2,42.98
02-12-2020 12:00,35.5,74,2,38.83
02-12-2020 13:00,31.5,66.5,2,34.98
02-12-2020 14:00,36,72.5,1.5,30.86
02-12-2020 15:00,36.5,71.5,1.5,30.5
02-12-2020 16:00,37.5,76,2,38.135
02-12-2020 17:00,38.5,81,1.5,43.585
02-12-2020 18:00,46.5,95,2,48.77
02-12-2020 19:00,56.5,106.5,2,51.295
02-12-2020 20:00,63,114.5,1.5,51.04
02-12-2020 21:00,71.5,120,2,51.24
02-12-2020 22:00,77,124.5,2,50.88
02-12-2020 23:00,86.5,127.5,2,50.295
03-12-2020 00:00,77,115.5,2,49.22
03-12-2020 01:00,72,108.5,2,49.345
03-12-2020 02:00,79.5,114.5,2,49.235
03-12-2020 03:00,85.5,117.5,2,49.05
03-12-2020 04:00,89,119,2,48.25
03-12-2020 05:00,94,127,2,46.74
03-12-2020 06:00,99.5,134,2,46.41
03-12-2020 07:00,102.5,140,2,45.98
03-12-2020 08:00,130,214,2,47.93
03-12-2020 09:00,121.5,204,2,48.715
03-12-2020 10:00,91,140,2,47.725
03-12-2020 11:00,70,111,2,47.905
03-12-2020 12:00,51.5,91.5,2,44.385
03-12-2020 13:00,42,79.5,2,42.915
03-12-2020 14:00,48,85,2,43.09
03-12-2020 15:00,40,72.5,2,39.93
03-12-2020 16:00,42,76.5,2,42.76
03-12-2020 17:00,38,76,2,47.905
03-12-2020 18:00,46,83,2,51.3
03-12-2020 19:00,58.5,96,2,53.165
03-12-2020 20:00,73.5,113.5,2,54.29
03-12-2020 21:00,98,143,2,52.155
03-12-2020 22:00,93.5,131,2,49.64
03-12-2020 23:00,94.5,130.5,2,47.6
04-12-2020 00:00,85.5,120.5,2,45.825
04-12-2020 01:00,93.5,126,2,46.685
04-12-2020 02:00,94,125,2,46.005
04-12-2020 03:00,96,126,2,45.58
04-12-2020 04:00,100,130,2,46.09
04-12-2020 05:00,98,129,2,44.5
04-12-2020 06:00,99.5,131.5,2,43.64
04-12-2020 07:00,101,135,2,43.5
04-12-2020 08:00,102,137.5,2,44.685
04-12-2020 09:00,96,141.5,2,44.645
04-12-2020 10:00,80,124.5,2,47.34
04-12-2020 11:00,65,104.5,2,46.05
04-12-2020 12:00,47,83.5,2,45.555
04-12-2020 13:00,42,77,2,43.635
04-12-2020 14:00,37,69.5,2,42.825
04-12-2020 15:00,33.5,62.5,2,38.68
04-12-2020 16:00,31.5,58.5,2,40.155
04-12-2020 17:00,31.5,59.5,1.5,43.21
04-12-2020 18:00,37,73.5,2,49.69
04-12-2020 19:00,45,85.5,2,51.64
04-12-2020 20:00,55.5,96,2,52.965
04-12-2020 21:00,70,113.5,2,51.95
04-12-2020 22:00,81.5,124.5,2,50.7
04-12-2020 23:00,78.5,119.5,3,51.555
05-12-2020 00:00,68.5,109,2,50.07
05-12-2020 01:00,71.5,114,2,49.61
05-12-2020 02:00,73,111.5,2,48.595
05-12-2020 03:00,79,113.5,2,48.03
05-12-2020 04:00,86,119,2,48.48
05-12-2020 05:00,93,127.5,2,45.84
05-12-2020 06:00,94.5,127.5,2,46.305
05-12-2020 07:00,93.5,123,2,46.41
05-12-2020 08:00,95,130,2,46.83
05-12-2020 09:00,81.5,116.5,2,44.94
05-12-2020 10:00,55.5,92,2,44.78
05-12-2020 11:00,46,83.5,2,39.065
05-12-2020 12:00,41,79.5,2,31.275
05-12-2020 13:00,38,75,2,31
05-12-2020 14:00,37.5,73,2,30.8
05-12-2020 15:00,34,69.5,2,39.745
05-12-2020 16:00,29.5,60.5,1.5,38.285
05-12-2020 17:00,32.5,70.5,1,48.05
05-12-2020 18:00,39.5,85.5,1,50.67
05-12-2020 19:00,48.5,98,2,53.725
05-12-2020 20:00,54.5,107,2,53.465
05-12-2020 21:00,65.5,116.5,2,54.045
05-12-2020 22:00,78,126.5,2,53.07
05-12-2020 23:00,72,117.5,2,50.49
06-12-2020 00:00,68.5,112.5,2,50.375
06-12-2020 01:00,60.5,101.5,2,49.255
07-12-2020 12:00,52,87.5,2,45.31
07-12-2020 13:00,38,68,2,20.785
07-12-2020 14:00,39.5,69,1.5,25.255
07-12-2020 15:00,31.5,53.5,2,23.335
07-12-2020 16:00,31.5,58,1.5,32.46
07-12-2020 17:00,37,68.5,1.5,40.575
07-12-2020 18:00,45,85.5,2,47.815
07-12-2020 19:00,47.5,93.5,2,50.285
07-12-2020 20:00,53,98.5,2,50.895
07-12-2020 21:00,57,102.5,2,51.3
07-12-2020 22:00,58.5,101.5,2,50.445
07-12-2020 23:00,59,102,2,48.4
08-12-2020 00:00,68,108.5,2,49.58
08-12-2020 01:00,64.5,103.5,2,49.88
08-12-2020 02:00,70.5,109,2,49.81
08-12-2020 03:00,75.5,112,2,48.67
08-12-2020 04:00,82,115,2,48.715
08-12-2020 05:00,96,134.5,2,48.685
08-12-2020 06:00,90,124.5,2,47.65
08-12-2020 07:00,87.5,123,2,45.64
08-12-2020 08:00,92,130.5,2,43.59
08-12-2020 09:00,90.5,134,2,43.48
08-12-2020 10:00,72.5,111.5,2,47.7
08-12-2020 11:00,52,88,2,45.785
08-12-2020 12:00,37.5,72,2,33.685
08-12-2020 13:00,25.5,55.5,2,26.755
08-12-2020 14:00,22.5,48.5,2,29.045
08-12-2020 15:00,22.5,46.5,1.5,23.775
08-12-2020 16:00,25.5,51.5,1,33.65
08-12-2020 17:00,28,58.5,1.5,41.655
08-12-2020 18:00,26,60,2,48.535
08-12-2020 19:00,32,75,2,51.37
08-12-2020 20:00,36,84,2,53.615
08-12-2020 21:00,43,90.5,2,50.21
08-12-2020 22:00,52,103.5,2,50.5
08-12-2020 23:00,56,108.5,2,51.04
09-12-2020 00:00,58.5,112.5,2,51.475
09-12-2020 01:00,60,112,2.5,51.835
09-12-2020 02:00,58.5,108.5,2,51.165
09-12-2020 03:00,71.5,124.5,2,51.205
09-12-2020 04:00,89,142,2,51.14
09-12-2020 05:00,79.5,128,2,50.585
09-12-2020 06:00,71.5,118,2,49.31
09-12-2020 07:00,71.5,118,2,49.135
09-12-2020 08:00,80.5,128,2,49.1
09-12-2020 09:00,73,118.5,2,48.4
09-12-2020 10:00,55,97,2,47.35
09-12-2020 11:00,44.5,83,2,45.01
09-12-2020 12:00,28.5,60.5,2,40.9
09-12-2020 13:00,31.5,68.5,2,37.695
09-12-2020 14:00,25.5,54.5,2,33.195
09-12-2020 15:00,28.5,59.5,2,37.015
09-12-2020 16:00,30,61.5,2,38.485
09-12-2020 17:00,32,66.5,1,43.71
09-12-2020 18:00,36,81.5,2,49.175
09-12-2020 19:00,45.5,91,2,52.37
09-12-2020 20:00,42,87,2,52.86
09-12-2020 21:00,45.5,91.5,2.5,52.525
09-12-2020 22:00,51.5,103,2,53.57
09-12-2020 23:00,52,103,2,52.71
10-12-2020 00:00,51.5,100.5,2,51.115
10-12-2020 01:00,54,102,2,50.075
10-12-2020 02:00,56,106.5,2,50.765
10-12-2020 03:00,56,106,2,50.485
10-12-2020 04:00,60,113,2,50.675
10-12-2020 05:00,67,120.5,3,49.895
10-12-2020 06:00,61.5,110,2.5,49.795
10-12-2020 07:00,64,112.5,2,49.685
10-12-2020 08:00,62,106.5,2,49.015
10-12-2020 09:00,64.5,110,2,47.215
10-12-2020 10:00,62,104.5,2,47.605
10-12-2020 11:00,53,93,2,46.28
10-12-2020 12:00,50.5,88.5,2,44.36
10-12-2020 13:00,44,81.5,2,39.12
10-12-2020 14:00,37.5,74,1,31.43
10-12-2020 15:00,38.5,73.5,1.5,31.74
10-12-2020 16:00,38,75,2,38.22
10-12-2020 17:00,36.5,75.5,2,44.585
10-12-2020 18:00,38,80,2,49.31
10-12-2020 19:00,40.5,82.5,2,50.58
10-12-2020 20:00,47.5,90,2,52.145
10-12-2020 21:00,52.5,95,2,51.36
10-12-2020 22:00,55,97.5,2,51.845
10-12-2020 23:00,53.5,92,2,47.805
11-12-2020 00:00,51.5,88,2,47.315
11-12-2020 01:00,55.5,87.5,2,47.19
11-12-2020 02:00,60.5,91.5,2,47.395
11-12-2020 03:00,68,99,2,47.185
11-12-2020 04:00,74.5,107,2,47.845
11-12-2020 05:00,80,113,2,47.62
11-12-2020 06:00,79.5,111,2,46.82
11-12-2020 07:00,81.5,112,2,46.605
11-12-2020 08:00,81,112,2,46.905
11-12-2020 09:00,71,106,2,46.2
11-12-2020 10:00,70,106,2,45.975
11-12-2020 11:00,40.5,74.5,2,40.36
11-12-2020 12:00,29.5,59.5,2,35.43
11-12-2020 13:00,26.5,54,2,31.36
11-12-2020 14:00,23,49.5,2,29.86
11-12-2020 15:00,20,42.5,1,27.82
11-12-2020 16:00,26.5,58,1.5,36.195
11-12-2020 17:00,30.5,65,2,45.21
11-12-2020 18:00,39,81,2,50.13
11-12-2020 19:00,44.5,86,2,50.495
11-12-2020 20:00,46,89.5,2,52.005
11-12-2020 21:00,52,95.5,2.5,52.235
11-12-2020 22:00,61,101,2,50.395
11-12-2020 23:00,72,108,2,49.15
12-12-2020 00:00,83,119,2,50.855
12-12-2020 01:00,86.5,117.5,2,49.345
12-12-2020 02:00,89,118,2,48.295
12-12-2020 03:00,85.5,114.5,2,46.715
12-12-2020 04:00,85.5,114,2,46.83
12-12-2020 05:00,89,118.5,2,47.115
12-12-2020 06:00,90.5,118.5,2,45.57
12-12-2020 07:00,91,121,2,44.76
12-12-2020 08:00,91,119.5,2,44.5
12-12-2020 09:00,88,115.5,2,43.21
12-12-2020 10:00,91,120.5,2,47.285
12-12-2020 11:00,81.5,115,2,46.56
12-12-2020 12:00,60.5,93.5,2,41.7
12-12-2020 13:00,52.5,84.5,2,38.51
12-12-2020 14:00,49,82.5,2,31.385
12-12-2020 15:00,49.5,83.5,2,34.01
12-12-2020 16:00,53.5,86,2,42.065
12-12-2020 17:00,55,88,2,47.16
12-12-2020 18:00,61,94,2,50.555
12-12-2020 19:00,68.5,101.5,2,50.705
12-12-2020 20:00,73,107,2,51.91
12-12-2020 21:00,86.5,121,2,51.06
12-12-2020 22:00,96.5,131,2,49.68
12-12-2020 23:00,103,136.5,2,48.515
13-12-2020 00:00,104,139,2,48.145
13-12-2020 01:00,104.5,139.5,2,47.085
13-12-2020 02:00,108,144.5,2,44.255
13-12-2020 03:00,111.5,154,2,43.365
13-12-2020 04:00,116.5,168,2,43.345
13-12-2020 05:00,117.5,174.5,2,45.12
13-12-2020 06:00,129,197,2,44.38
13-12-2020 07:00,135,209.5,2,45.765
13-12-2020 08:00,121,179.5,2,45.15
13-12-2020 09:00,119.5,173.5,2,43.97
13-12-2020 10:00,99,133,2,43.08
13-12-2020 11:00,79.5,111.5,2,43.395
13-12-2020 12:00,64,97,2,40.575
13-12-2020 13:00,65.5,97.5,2,39.105
13-12-2020 14:00,61,92.5,2,33.82
13-12-2020 15:00,58,89.5,2,36.14
13-12-2020 16:00,57.5,89.5,2,41.725
13-12-2020 17:00,55,88,2,46.735
13-12-2020 18:00,56,90,2,49.535
13-12-2020 19:00,63.5,104,2,50.81
13-12-2020 20:00,70,112,2,52.1
13-12-2020 21:00,78,117,2.5,50.185
13-12-2020 22:00,80.5,119,2,50.36
13-12-2020 23:00,89,127.5,2,49.755
14-12-2020 00:00,88.5,126.5,2,49.23
14-12-2020 01:00,82,117.5,2,47.59
14-12-2020 02:00,79.5,115.5,2,46.965
14-12-2020 03:00,81.5,117.5,2,46.8
14-12-2020 04:00,83.5,119.5,2.5,46.175
14-12-2020 05:00,86.5,123,2,43.845
14-12-2020 06:00,89,126,2,44.19
14-12-2020 07:00,91.5,130,2,41.055
14-12-2020 08:00,88.5,128,2,43.34
14-12-2020 09:00,92,133.5,2,44.085
14-12-2020 10:00,86,123,2,46.05
14-12-2020 11:00,67.5,103,2,44.19
14-12-2020 12:00,62,97,2,42.3
14-12-2020 13:00,50,85.5,1,34.355
14-12-2020 14:00,44.5,78,2,29.975
14-12-2020 15:00,44.5,78,2,33.015
14-12-2020 16:00,45.5,81.5,2,38.69
14-12-2020 17:00,45,80.5,2,43.715
14-12-2020 18:00,50,94,2,49.235
14-12-2020 19:00,59,105,2,51.195
14-12-2020 20:00,70.5,109.5,2,51.76
14-12-2020 21:00,77,118,2,51.49
14-12-2020 22:00,81.5,121,2,50.26
14-12-2020 23:00,80.5,120,2,48.55
15-12-2020 00:00,78.5,116.5,2,48.23
15-12-2020 01:00,78,117,2,48.6
15-12-2020 02:00,79.5,118.5,2,47.845
15-12-2020 03:00,80.5,120,2,47.2
15-12-2020 04:00,82.5,121,2,47.225
15-12-2020 05:00,91,130.5,2,47.08
15-12-2020 06:00,95,135,2,46.98
15-12-2020 07:00,97,139,2,45.31
15-12-2020 08:00,101,148.5,2,44.395
15-12-2020 09:00,99.5,147,2,44.445
15-12-2020 10:00,79,116,2,46.545
15-12-2020 11:00,66,103.5,2.5,46.5
15-12-2020 12:00,62,98,2,44.95
15-12-2020 13:00,56.5,91.5,2,40.68
15-12-2020 14:00,54,87.5,2,38.25
15-12-2020 15:00,52.5,86.5,2,39.23
15-12-2020 16:00,52.5,88,2,41.465
15-12-2020 17:00,52.5,87,1.5,44.64
15-12-2020 18:00,56,93,2,49.385
15-12-2020 19:00,68.5,106.5,2,51.145
15-12-2020 20:00,80.5,119,2,51.87
15-12-2020 21:00,94,135,2,51.845
15-12-2020 22:00,100,146,2,50.73
15-12-2020 23:00,109.5,167.5,2,50.61
16-12-2020 00:00,114,181.5,2,50.555
16-12-2020 01:00,120,194.5,2,46.37
16-12-2020 02:00,131.5,226.5,2,43.26
16-12-2020 03:00,141.5,256,2,43.27
16-12-2020 04:00,146.5,270,2,44.055
16-12-2020 05:00,144.5,263.5,2,46.215
16-12-2020 06:00,137.5,243.5,2,45.54
16-12-2020 07:00,138.5,252.5,2,44.4
16-12-2020 08:00,137,249.5,2,43.03
16-12-2020 09:00,112,181,2,45.705
16-12-2020 10:00,99,143.5,2,46.37
16-12-2020 11:00,98.5,138.5,2,45.355
16-12-2020 12:00,96,134.5,2,46.165
16-12-2020 13:00,88.5,123,2,44.87
16-12-2020 14:00,78,109.5,2,42.63
16-12-2020 15:00,65.5,98,2,42.55
16-12-2020 16:00,64.5,98.5,2,44.715
16-12-2020 17:00,62.5,96,2,46.92
16-12-2020 18:00,65.5,100.5,2,49.765
16-12-2020 19:00,69,109,2,51.55
16-12-2020 20:00,75.5,116.5,2,52.2
16-12-2020 21:00,77,116.5,2,52.045
16-12-2020 22:00,78.5,116,2,51.305
16-12-2020 23:00,83.5,122.5,2,51.025
17-12-2020 00:00,85.5,125,2,49.23
17-12-2020 01:00,88,126,2,48.535
17-12-2020 02:00,90,131,2,47.035
17-12-2020 03:00,91,134,2,46.785
17-12-2020 04:00,94,140.5,2,44.75
17-12-2020 05:00,100.5,152.5,2,45.655
17-12-2020 06:00,110.5,180,2,44.32
17-12-2020 07:00,114,191.5,2,45.305
17-12-2020 08:00,110,176,2,47.195
17-12-2020 09:00,99,146,2,45.775
17-12-2020 10:00,92.5,131,2,46.47
17-12-2020 11:00,82,116.5,2,45.81
17-12-2020 12:00,66.5,98.5,2.5,41.32
17-12-2020 13:00,68,102,2,39.56
17-12-2020 14:00,65.5,99.5,1.5,39.82
17-12-2020 15:00,62.5,95.5,2,38.73
17-12-2020 16:00,55.5,90,2,39.73
17-12-2020 17:00,52.5,87.5,2,44.625
17-12-2020 18:00,53,88,1.5,49.53
17-12-2020 19:00,55.5,95,2,52.395
17-12-2020 20:00,62,108.5,2,55.75
17-12-2020 21:00,67.5,112.5,2.5,54.69
17-12-2020 22:00,80.5,127.5,3,53.605
17-12-2020 23:00,94,150,2,52.275
18-12-2020 00:00,97.5,155.5,2,51.3
18-12-2020 01:00,104,152.5,2,49.485
18-12-2020 02:00,108.5,159.5,2,46.86
18-12-2020 03:00,114.5,179.5,2,45.735
18-12-2020 04:00,121,197.5,2,46.9
18-12-2020 05:00,120.5,198,2,44.79
18-12-2020 06:00,115.5,181.5,2,45.435
18-12-2020 07:00,120,197,2,44.645
18-12-2020 08:00,125,210.5,2,45.885
18-12-2020 09:00,122,199,2,47.94
18-12-2020 10:00,116,179.5,2,48.86
18-12-2020 11:00,98.5,138.5,2,46.335
18-12-2020 12:00,82.5,115,2,42.18
18-12-2020 13:00,70,101,2,34.43
18-12-2020 14:00,65,96.5,2,29.485
18-12-2020 15:00,72.5,103,1,37.57
18-12-2020 16:00,72,103,2,37.805
18-12-2020 17:00,73.5,106.5,2,46.07
18-12-2020 18:00,75.5,109,2,50.345
18-12-2020 19:00,86,126,2,52.34
18-12-2020 20:00,96.5,149.5,2,52.575
18-12-2020 21:00,105,160.5,2,51.145
18-12-2020 22:00,110.5,178.5,2.5,50.545
18-12-2020 23:00,109,163,2,50.23
19-12-2020 00:00,109,165.5,2,49.155
19-12-2020 01:00,111,174,2,49.04
19-12-2020 02:00,111,180,2,49.51
19-12-2020 03:00,114,189.5,2,49.035
19-12-2020 04:00,112.5,184.5,2,47.69
19-12-2020 05:00,108.5,168,2,47.215
19-12-2020 06:00,99.5,145.5,2.5,46.36
19-12-2020 07:00,102,151.5,2.5,47.69
19-12-2020 08:00,100,149.5,2,48.45
19-12-2020 09:00,102.5,159,2,46.62
19-12-2020 10:00,93,135.5,2,48.67
19-12-2020 11:00,80.5,115,2,45.32
19-12-2020 12:00,81,115,2,45.355
19-12-2020 13:00,80.5,115.5,1.5,44.215
19-12-2020 14:00,73.5,108.5,2,41.64
19-12-2020 15:00,70.5,105,2,41.81
19-12-2020 16:00,69.5,104.5,2,43.915
19-12-2020 17:00,70.5,105.5,2,46.655
19-12-2020 18:00,74,112,2,50.24
19-12-2020 19:00,81.5,124,2,52.52
19-12-2020 20:00,92,145.5,2,53.855
19-12-2020 21:00,91,138.5,2,50.455
19-12-2020 22:00,90,135,2,48.315
19-12-2020 23:00,93.5,143,2,49.23
20-12-2020 00:00,94,144.5,2,48.88
20-12-2020 01:00,91.5,142,2,47.595
20-12-2020 02:00,89.5,138.5,2,47.805
20-12-2020 03:00,90.5,141.5,2,48.91
20-12-2020 04:00,87.5,132,2,48.275
20-12-2020 05:00,88.5,132.5,2,47.82
20-12-2020 06:00,85,129.5,2,47.585
20-12-2020 07:00,77,123,2,46.975
20-12-2020 08:00,73,120,2,45.475
20-12-2020 09:00,72.5,120,2,45.015
20-12-2020 10:00,72.5,117.5,2,45.215
20-12-2020 11:00,68,106,2,46.42
20-12-2020 12:00,61,100.5,2,46.5
20-12-2020 13:00,57.5,97.5,2,43.875
20-12-2020 14:00,54.5,92.5,2,42.775
20-12-2020 15:00,54,92.5,2,42.96
20-12-2020 16:00,51.5,90,2,43.31
20-12-2020 17:00,50,88.5,2,45.55
20-12-2020 18:00,51,91.5,2,48.685
20-12-2020 19:00,56,102,2,51.59
20-12-2020 20:00,64.5,114.5,2,51.475
20-12-2020 21:00,65.5,115,2,50.83
20-12-2020 22:00,65.5,116,2,50.015
20-12-2020 23:00,61,111,2,48.945
21-12-2020 00:00,54.5,100.5,2,47.26
21-12-2020 01:00,53,100,2,45.465
21-12-2020 02:00,55,104,2,45.175
21-12-2020 03:00,50.5,99,2,46
21-12-2020 04:00,39.5,87,2,45.865
21-12-2020 05:00,32.5,82,2,47.41
21-12-2020 06:00,33.5,80,2,47.785
21-12-2020 07:00,41,87.5,2,48.79
21-12-2020 08:00,50.5,101.5,2,48.705
21-12-2020 09:00,49.5,107,2,46.73
21-12-2020 10:00,40,90.5,2,45.795
21-12-2020 11:00,31.5,79.5,2,45.785
21-12-2020 12:00,34,80,2,46.32
21-12-2020 13:00,31.5,76,2,44.32
21-12-2020 14:00,28,67.5,1.5,41.845
21-12-2020 15:00,24,58.5,2,39.58
21-12-2020 16:00,25,63.5,2,44.17
21-12-2020 17:00,24,62.5,2,45.34
21-12-2020 18:00,26.5,76.5,2,49.32
21-12-2020 19:00,29.5,81.5,2,50.955
21-12-2020 20:00,46,101.5,2,53.365
21-12-2020 21:00,55,114,2,52.495
21-12-2020 22:00,55.5,109,2,51.905
21-12-2020 23:00,58,110,2,50.71
22-12-2020 00:00,59.5,110.5,2,50.745
22-12-2020 01:00,58.5,109,2,50.735
22-12-2020 02:00,54.5,105,2,51.105
22-12-2020 03:00,61.5,125,2,51.615
22-12-2020 04:00,69.5,130.5,2,51.23
22-12-2020 05:00,76,129,2,51.2
22-12-2020 06:00,77,128.5,2,49.42
22-12-2020 07:00,62,111.5,2,48.91
22-12-2020 08:00,65.5,119.5,2,47.95
22-12-2020 09:00,58.5,113,2,48.175
22-12-2020 10:00,51.5,99,2,45.31
22-12-2020 11:00,29.5,75,2,45.945
22-12-2020 12:00,24,66.5,2,46.095
22-12-2020 13:00,24,69.5,2,45.72
22-12-2020 14:00,24,67.5,2,44.9
22-12-2020 15:00,22.5,63.5,2,43.475
22-12-2020 16:00,21.5,60,2,43.755
22-12-2020 17:00,21.5,58.5,2,45.315
22-12-2020 18:00,25,75,2,50.76
22-12-2020 19:00,31,81,2,52.135
22-12-2020 20:00,47,100,2,53.265
22-12-2020 21:00,59.5,117.5,2,53.535
22-12-2020 22:00,62.5,118,2,53.025
22-12-2020 23:00,70,122,2,52.675
23-12-2020 00:00,77,132.5,2,53.335
23-12-2020 01:00,80.5,137.5,2,52.7
23-12-2020 02:00,77.5,130,2,52.725
23-12-2020 03:00,68.5,113.5,2,50.58
23-12-2020 04:00,77,129.5,2,51.015
23-12-2020 05:00,79,131.5,2,50.685
23-12-2020 06:00,85,138.5,3,50.72
23-12-2020 07:00,89,138,3,49.99
23-12-2020 08:00,91.5,147.5,3,50.305
23-12-2020 09:00,86,140,2,50.5
23-12-2020 10:00,77,117,2,46.91
23-12-2020 11:00,72.5,113.5,2,46.585
23-12-2020 12:00,58,98.5,2,45.4
23-12-2020 13:00,59.5,101,2,46.455
23-12-2020 14:00,58,100.5,2,45.88
23-12-2020 15:00,51.5,94.5,2,46.14
23-12-2020 16:00,51,93,1.5,46.83
23-12-2020 17:00,50,90.5,2,47.825
23-12-2020 18:00,53,96,2,50.49
23-12-2020 19:00,60,108,2,52.44
23-12-2020 20:00,64.5,106,2,51.45
23-12-2020 21:00,73,111,2,50.715
23-12-2020 22:00,83.5,119.5,2,50.055
23-12-2020 23:00,89,125.5,2,50.13
24-12-2020 00:00,90.5,128,2.5,51.04
24-12-2020 01:00,94,130,2,50.24
24-12-2020 02:00,90.5,125,2,48.645
24-12-2020 03:00,95,130,2,47.175
24-12-2020 04:00,103,138.5,2,47.115
24-12-2020 05:00,108.5,148.5,2,47.74
24-12-2020 06:00,116,163.5,2,48.245
24-12-2020 07:00,118.5,171,2,48.345
24-12-2020 08:00,122.5,177.5,2,49.31
24-12-2020 09:00,118,167.5,2,50.41
24-12-2020 10:00,106.5,143.5,2,48.15
24-12-2020 11:00,102,136.5,2,48.71
24-12-2020 12:00,99,134,2,48.28
24-12-2020 13:00,88,123,1.5,47.155
24-12-2020 14:00,75.5,109.5,2,44.975
24-12-2020 15:00,65.5,100.5,2,44.765
24-12-2020 16:00,53.5,89.5,2,44.045
24-12-2020 17:00,50.5,87,2,47.055
24-12-2020 18:00,46.5,84.5,2,49.515
24-12-2020 19:00,53,98,2,51.975
24-12-2020 20:00,67.5,114.5,2,53.58
24-12-2020 21:00,85.5,125,2,52.615
24-12-2020 22:00,90,124.5,2.5,51.085
24-12-2020 23:00,99.5,135,2,50.66
25-12-2020 00:00,107,142.5,2,50.17
25-12-2020 01:00,112.5,153.5,2,49.715
25-12-2020 02:00,112.5,152,2,48.035
25-12-2020 03:00,116.5,159.5,2,48.3
25-12-2020 04:00,123,177.5,2,48.56
25-12-2020 05:00,132.5,204,2,50.265
25-12-2020 06:00,135,207.5,2,50.71
25-12-2020 07:00,138.5,213.5,2,50.66
25-12-2020 08:00,142.5,215.5,2,49.005
25-12-2020 09:00,131,189,2.5,47.04
25-12-2020 10:00,126.5,180,2,46.71
25-12-2020 11:00,118.5,162,2,48.965
25-12-2020 12:00,110,144.5,2,48.025
25-12-2020 13:00,105,138,2,48.635
25-12-2020 14:00,101,132,2,46.605
25-12-2020 15:00,93,121,2,45.515
25-12-2020 16:00,89,116,2,45.5
25-12-2020 17:00,91.5,119,2,48.115
25-12-2020 18:00,95.5,125,2,50.81
25-12-2020 19:00,100.5,131.5,2,51.66
25-12-2020 20:00,105.5,140,2,51.25
25-12-2020 21:00,112,154,2.5,50.58
25-12-2020 22:00,118,167.5,2,50.95
25-12-2020 23:00,127.5,185,2,51.135
26-12-2020 00:00,134.5,204.5,2,50.405
26-12-2020 01:00,141,218.5,2,50.905
26-12-2020 02:00,149,230,2,49.475
26-12-2020 03:00,153.5,242.5,2,48.675
26-12-2020 04:00,154,252,2,48.88
26-12-2020 05:00,159.5,260.5,2,47.95
26-12-2020 06:00,171.5,291,3,47.92
26-12-2020 07:00,174,300,2,47.435
26-12-2020 08:00,182.5,325,2,47.515
26-12-2020 09:00,205.5,374.5,2,50.12
26-12-2020 10:00,140.5,209.5,2,47.75
26-12-2020 11:00,123.5,176,2,49.605
26-12-2020 12:00,113,156.5,2,48.445
26-12-2020 13:00,107.5,145.5,2,46.205
26-12-2020 14:00,98,131.5,2,44.6
26-12-2020 15:00,89,123,1.5,42.88
26-12-2020 16:00,81.5,116.5,2,44.555
26-12-2020 17:00,88.5,120.5,2,48.79
26-12-2020 18:00,91.5,124.5,2,51.195
26-12-2020 19:00,91.5,126.5,2.5,53.01
26-12-2020 20:00,92,129,2,52.76
26-12-2020 21:00,98.5,137,2,52.065
26-12-2020 22:00,111.5,161,2,52.875
26-12-2020 23:00,125.5,191.5,2,53.935
27-12-2020 00:00,136,210,3.5,50.66
27-12-2020 01:00,142.5,227,2,50.775
27-12-2020 02:00,148,240.5,2,50.585
27-12-2020 03:00,152.5,246,3,50.6
27-12-2020 04:00,156,260,2,50.25
27-12-2020 05:00,162.5,274,2,49.655
27-12-2020 06:00,167.5,285.5,2,49.495
27-12-2020 07:00,167.5,290.5,2,48.05
27-12-2020 08:00,177,309,2,46.91
27-12-2020 09:00,181.5,312,2,48.535
27-12-2020 10:00,156,246.5,2,48.44
27-12-2020 11:00,130,195.5,2,49.22
27-12-2020 12:00,121.5,179.5,2,47.15
27-12-2020 13:00,90.5,128.5,2,43.35
27-12-2020 14:00,66.5,101,1.5,36.46
27-12-2020 15:00,53.5,88,2,31.19
27-12-2020 16:00,52.5,88,2,37.475
27-12-2020 17:00,52,92,2,44.49
27-12-2020 18:00,58,113.5,2,49.175
27-12-2020 19:00,64,117,2,51.1
27-12-2020 20:00,74.5,130.5,2,53.755
27-12-2020 21:00,77.5,127.5,2,52.535
27-12-2020 22:00,77.5,124.5,2,52.55
27-12-2020 23:00,79.5,124,2,51.97
28-12-2020 00:00,82.5,121.5,2,51.19
28-12-2020 01:00,92,131.5,2,50.335
28-12-2020 02:00,107,154,2,50.09
28-12-2020 03:00,122,187,2,50.57
28-12-2020 04:00,121,184,2,49.83
28-12-2020 05:00,125,192.5,2,49.495
28-12-2020 06:00,132.5,210,2,48.535
28-12-2020 07:00,146.5,242,2,49.155
28-12-2020 08:00,156.5,261,2,49.27
28-12-2020 09:00,158,265,2,48.875
28-12-2020 10:00,137.5,212,2,47.81
28-12-2020 11:00,115,170.5,2,48.335
28-12-2020 12:00,109.5,165,2,46.625
28-12-2020 13:00,80,113.5,1.5,42.22
28-12-2020 14:00,72.5,107.5,2,41.4
28-12-2020 15:00,70.5,105.5,2,40.405
28-12-2020 16:00,73,107,1,45.24
28-12-2020 17:00,79.5,115.5,2,48.635
28-12-2020 18:00,88,125.5,2,51.36
28-12-2020 19:00,97.5,147.5,2,53.035
28-12-2020 20:00,109.5,170.5,2.5,53.895
28-12-2020 21:00,110,162,2,52.45
28-12-2020 22:00,115,174.5,2,51.325
28-12-2020 23:00,122.5,193,2,51.025
29-12-2020 00:00,124.5,197.5,2,50.405
29-12-2020 01:00,126,201,2,50.575
29-12-2020 02:00,128.5,205,2,49.75
29-12-2020 03:00,125,198,2,48.95
29-12-2020 04:00,124,193.5,2,48.465
29-12-2020 05:00,128,201,2,48.05
29-12-2020 06:00,137,218,2,47.59
29-12-2020 07:00,144,233,2,47.03
29-12-2020 08:00,148.5,245,2,46.295
29-12-2020 09:00,144.5,235,2,46.645
29-12-2020 10:00,130,204,2,47.88
29-12-2020 11:00,109,158,2,47.565
29-12-2020 12:00,94.5,129.5,2,45.585
29-12-2020 13:00,94.5,130,2,43.83
29-12-2020 14:00,90,124,2,43.55
29-12-2020 15:00,88.5,121,2,44.365
29-12-2020 16:00,90.5,123.5,2,46.49
29-12-2020 17:00,91.5,126,2,49.24
29-12-2020 18:00,93.5,131,2,51.105
29-12-2020 19:00,104,174,2,52.68
29-12-2020 20:00,132.5,298,2,51.595
29-12-2020 21:00,136.5,308.5,2,51.44
29-12-2020 22:00,146.5,333,2,49.715
29-12-2020 23:00,146.5,331.5,2,48.78
30-12-2020 00:00,159,363,2,49.39
30-12-2020 01:00,159,354,2,48.84
30-12-2020 02:00,159,353,2,49.35
30-12-2020 03:00,158,355,2,48.785
30-12-2020 04:00,175.5,391.5,2,48.285
30-12-2020 05:00,182,394.5,2,45.935
30-12-2020 06:00,204,409.5,2,44.9
30-12-2020 07:00,239,432.5,2,44.82
30-12-2020 08:00,226.5,427,2,44.635
30-12-2020 09:00,189,397.5,2,45.005
30-12-2020 10:00,145.5,304.5,2,45.795
30-12-2020 11:00,131.5,271,2,48.84
30-12-2020 12:00,122.5,251.5,2,47.22
30-12-2020 13:00,110.5,207.5,2,45.98
30-12-2020 14:00,97.5,160.5,2,41.565
30-12-2020 15:00,91,147.5,1.5,40.48
30-12-2020 16:00,91.5,149,2,44.91
30-12-2020 17:00,95.5,157,2,48.055
30-12-2020 18:00,110,209.5,2,50.77
30-12-2020 19:00,126,270,2,51.88
30-12-2020 20:00,130.5,280,2,52.31
30-12-2020 21:00,151.5,316,2,51.055
30-12-2020 22:00,166,346,2,50.27
30-12-2020 23:00,161.5,337.5,2,49.93
31-12-2020 00:00,155,321,2,49.315
31-12-2020 01:00,166,349.5,2,50.23
31-12-2020 02:00,185,394,2,48.665
31-12-2020 03:00,190,397.5,2,47.605
31-12-2020 04:00,205,408.5,2,44.93
31-12-2020 05:00,205,410,2,43.775
31-12-2020 06:00,184,393.5,2,41.025
31-12-2020 07:00,170,368,2,42.665
31-12-2020 08:00,175,381.5,2,43.505
31-12-2020 09:00,163.5,353,2,43.995
31-12-2020 10:00,153,324,2,48.88
31-12-2020 11:00,156,322.5,2,47.855
31-12-2020 12:00,135.5,267.5,2,47.38
31-12-2020 13:00,124.5,250,2,46.53
31-12-2020 14:00,122,232.5,2,46.66
31-12-2020 15:00,115,215,2,46.695
31-12-2020 16:00,111.5,201.5,2,47.56
31-12-2020 17:00,111,200.5,2,49.395
31-12-2020 18:00,117.5,230,2,50.895
31-12-2020 19:00,135,278.5,2,51.81
31-12-2020 20:00,153,324,2,51.445
31-12-2020 21:00,171,357,2,51.47
31-12-2020 22:00,180,378.5,2,49.835
31-12-2020 23:00,183.5,389.5,2,50.57
01-01-2021 00:00,198.5,403.5,2,48.95
01-01-2021 01:00,215,413,2,46.41
