,Unnamed: 0,created_at,air_pm25,air_pm10,cpcb_pm25,cpcb_pm10,lc2_pm10,lc2_pm25,lc3_pm10,lc3_pm25
0,0,2020-11-01 00:00:00,82.0,127.0,73.0,172.0,62.7,56.6,1999.9,999.9
1,1,2020-11-01 01:00:00,81.0,120.5,80.0,158.0,60.7,54.9,1999.9,999.9
2,2,2020-11-01 02:00:00,81.0,116.0,67.0,132.0,55.2,50.1,1999.9,999.9
3,3,2020-11-01 03:00:00,83.0,126.0,69.0,133.0,58.5,52.7,1999.9,999.9
4,4,2020-11-01 04:00:00,81.0,121.0,71.0,152.0,55.6,50.2,1999.9,999.9
5,5,2020-11-01 05:00:00,92.0,131.0,75.0,133.0,67.8,61.8,1999.9,999.9
6,6,2020-11-01 07:00:00,108.0,170.0,84.0,182.0,96.5,86.8,1999.9,999.9
7,7,2020-11-01 08:00:00,89.0,134.0,87.0,187.0,69.0,62.2,1999.9,999.9
8,8,2020-11-01 09:00:00,99.0,153.0,72.0,177.0,86.8,78.4,1999.9,999.9
9,9,2020-11-01 10:00:00,72.0,116.0,72.0,181.0,53.6,48.7,1999.9,999.9
10,10,2020-11-01 14:00:00,62.0,97.0,59.0,133.0,41.9,38.2,1999.9,999.9
11,12,2020-11-01 18:00:00,67.0,111.0,66.0,152.0,49.2,44.5,1999.9,999.9
12,13,2020-11-01 19:00:00,72.0,120.0,71.0,166.0,53.0,47.8,1999.9,999.9
13,14,2020-11-01 23:00:00,85.0,130.0,84.0,180.0,66.1,59.8,1999.9,999.9
14,15,2020-11-02 00:00:00,83.0,124.0,83.0,169.0,64.1,58.0,1999.9,999.9
15,16,2020-11-02 01:00:00,88.0,129.0,74.0,154.0,66.9,60.4,1999.9,999.9
16,17,2020-11-02 02:00:00,91.0,131.0,80.0,153.0,71.3,64.2,1999.9,820.8
17,18,2020-11-02 03:00:00,121.0,209.0,87.0,184.0,123.4,110.2,1999.9,999.9
18,19,2020-11-02 04:00:00,124.0,213.0,80.0,175.0,121.7,109.0,1999.9,766.9
19,20,2020-11-02 05:00:00,125.0,209.0,86.0,172.0,115.6,104.5,1999.9,989.4
20,21,2020-11-02 06:00:00,125.0,200.0,81.0,188.0,111.3,100.6,1999.9,999.9
21,22,2020-11-02 07:00:00,124.0,196.0,74.0,173.0,119.0,107.2,1999.9,999.9
22,23,2020-11-02 09:00:00,109.0,171.0,72.0,177.0,103.0,93.0,1999.9,999.9
23,24,2020-11-02 10:00:00,79.0,121.0,79.0,187.0,60.8,55.0,1999.9,999.9
24,25,2020-11-02 13:00:00,61.0,93.0,72.0,134.0,42.5,38.8,1999.9,999.9
25,26,2020-11-02 16:00:00,53.0,86.0,62.0,113.0,31.4,28.7,1999.9,999.9
26,27,2020-11-02 19:00:00,84.0,125.0,86.0,176.0,59.7,54.0,1999.9,879.1
27,28,2020-11-02 20:00:00,88.0,123.0,78.0,177.0,61.5,55.6,1999.9,908.8
28,29,2020-11-02 21:00:00,92.0,130.0,77.0,184.0,70.0,63.2,1999.9,835.3
29,30,2020-11-02 22:00:00,83.0,125.0,83.0,180.0,58.3,52.9,1999.9,768.5
30,31,2020-11-03 00:00:00,91.0,130.0,86.0,178.0,60.0,54.3,1999.9,953.7
31,32,2020-11-03 01:00:00,92.0,134.0,77.0,180.0,63.7,57.8,1999.9,939.5
32,33,2020-11-03 02:00:00,91.0,129.0,83.0,173.0,64.3,58.4,1999.9,956.1
33,34,2020-11-03 03:00:00,97.0,132.0,81.0,149.0,73.5,67.0,1999.9,764.1
34,35,2020-11-03 04:00:00,103.0,140.0,82.0,163.0,77.4,70.6,1999.9,790.6
35,36,2020-11-03 05:00:00,95.0,134.0,75.0,156.0,75.1,68.3,1999.9,845.1
36,37,2020-11-03 06:00:00,98.0,135.0,86.0,160.0,80.2,73.1,1999.9,864.6
37,38,2020-11-03 08:00:00,119.0,176.0,79.0,176.0,113.8,103.8,1999.9,938.8
38,39,2020-11-03 11:00:00,91.0,128.0,76.0,174.0,72.7,65.8,1999.9,722.9
39,40,2020-11-03 12:00:00,79.0,114.0,84.0,176.0,57.8,52.7,1999.9,701.0
40,41,2020-11-03 14:00:00,77.0,107.0,78.0,141.0,52.4,48.1,1121.6,575.3
41,43,2020-11-03 16:00:00,71.0,108.0,81.0,159.0,48.9,44.5,178.8,161.0
42,44,2020-11-03 17:00:00,73.0,107.0,77.0,157.0,50.4,45.7,195.1,176.3
43,45,2020-11-03 19:00:00,89.0,127.0,75.0,174.0,71.5,64.7,226.2,201.9
44,46,2020-11-03 20:00:00,88.0,133.0,87.0,179.0,71.7,64.5,328.6,296.2
45,47,2020-11-03 21:00:00,89.0,135.0,76.0,183.0,71.5,64.7,250.9,224.9
46,48,2020-11-03 23:00:00,82.0,125.0,78.0,173.0,63.8,57.5,193.1,167.4
47,49,2020-11-04 00:00:00,89.0,130.0,86.0,170.0,70.3,63.3,240.8,214.7
48,50,2020-11-04 01:00:00,89.0,135.0,85.0,168.0,73.8,65.6,264.2,222.8
49,51,2020-11-04 02:00:00,92.0,133.0,84.0,176.0,72.6,65.4,366.5,330.3
50,52,2020-11-04 03:00:00,92.0,132.0,74.0,158.0,74.7,67.8,269.2,242.1
51,53,2020-11-04 04:00:00,100.0,149.0,83.0,153.0,87.1,79.0,214.3,184.7
52,54,2020-11-04 05:00:00,119.0,188.0,84.0,182.0,114.9,103.9,311.8,263.0
53,55,2020-11-04 06:00:00,126.0,206.0,83.0,178.0,123.8,112.2,345.0,280.2
54,56,2020-11-04 07:00:00,117.0,197.0,73.0,187.0,115.8,104.7,327.9,269.4
55,57,2020-11-04 10:00:00,61.0,102.0,87.0,174.0,44.2,39.7,114.5,62.5
56,58,2020-11-04 11:00:00,56.0,99.0,56.0,162.0,39.0,35.2,97.7,55.3
57,59,2020-11-04 12:00:00,51.0,91.0,51.0,136.0,34.1,30.7,67.9,46.2
58,60,2020-11-04 16:00:00,56.0,96.0,48.0,125.0,39.5,35.3,84.2,54.5
59,61,2020-11-04 18:00:00,57.0,99.0,64.0,174.0,40.4,36.4,116.4,58.3
60,62,2020-11-04 19:00:00,61.0,104.0,72.0,166.0,42.9,38.2,106.6,64.6
61,63,2020-11-04 20:00:00,62.0,114.0,76.0,175.0,45.7,40.9,128.7,67.3
62,65,2020-11-04 22:00:00,73.0,123.0,75.0,161.0,52.7,47.3,151.2,79.9
63,66,2020-11-04 23:00:00,75.0,124.0,87.0,185.0,55.2,49.3,163.1,85.6
64,67,2020-11-05 00:00:00,74.0,130.0,84.0,183.0,54.9,48.9,164.6,88.4
65,68,2020-11-05 01:00:00,72.0,125.0,78.0,184.0,54.7,48.2,145.3,86.6
66,69,2020-11-05 02:00:00,70.0,117.0,77.0,156.0,51.6,46.0,143.4,76.4
67,70,2020-11-05 03:00:00,70.0,120.0,70.0,140.0,49.7,44.4,134.3,78.2
68,71,2020-11-05 04:00:00,68.0,119.0,70.0,124.0,47.2,42.2,129.3,76.1
69,72,2020-11-05 05:00:00,77.0,125.0,78.0,155.0,51.8,46.1,156.2,101.9
70,73,2020-11-05 06:00:00,77.0,121.0,74.0,169.0,55.4,49.5,153.8,101.2
71,74,2020-11-05 07:00:00,71.0,118.0,75.0,154.0,47.3,42.1,138.7,87.3
72,75,2020-11-05 08:00:00,64.0,116.0,64.0,160.0,48.5,39.1,129.2,73.8
73,76,2020-11-05 09:00:00,58.0,109.0,73.0,183.0,35.2,31.5,124.2,98.4
74,77,2020-11-05 10:00:00,42.0,78.0,46.0,116.0,26.0,23.5,114.3,102.7
75,78,2020-11-05 13:00:00,44.0,82.0,38.0,97.0,25.8,23.5,87.3,78.1
76,79,2020-11-05 14:00:00,45.0,83.0,40.0,99.0,24.7,22.2,96.2,86.2
77,80,2020-11-05 15:00:00,44.0,80.0,43.0,90.0,25.6,23.1,97.1,87.9
78,81,2020-11-05 16:00:00,47.0,84.0,38.0,99.0,26.4,23.7,337.6,307.5
79,82,2020-11-05 17:00:00,46.0,84.0,53.0,120.0,27.7,24.9,71.9,37.5
80,83,2020-11-05 21:00:00,53.0,101.0,69.0,176.0,34.0,30.3,99.4,47.6
81,84,2020-11-05 22:00:00,56.0,110.0,68.0,156.0,37.0,32.9,104.3,50.4
82,85,2020-11-05 23:00:00,57.0,108.0,61.0,145.0,41.9,36.0,357.2,322.5
83,86,2020-11-06 00:00:00,56.0,105.0,67.0,149.0,38.1,33.0,404.9,367.6
84,88,2020-11-06 03:00:00,58.0,101.0,61.0,127.0,39.5,35.4,531.5,483.6
85,89,2020-11-06 04:00:00,58.0,110.0,58.0,128.0,0.0,0.0,424.9,384.7
86,90,2020-11-06 05:00:00,52.0,95.0,61.0,122.0,32.8,29.3,449.4,408.9
87,91,2020-11-06 06:00:00,52.0,94.0,54.0,120.0,32.8,29.5,518.1,468.2
88,92,2020-11-06 07:00:00,54.0,97.0,54.0,115.0,31.9,28.7,478.7,428.1
89,93,2020-11-06 08:00:00,55.0,107.0,60.0,139.0,41.5,30.1,485.0,434.7
90,94,2020-11-06 09:00:00,50.0,99.0,60.0,159.0,34.6,30.4,507.2,405.3
91,95,2020-11-06 10:00:00,57.0,101.0,59.0,153.0,36.9,32.9,333.8,302.2
92,96,2020-11-06 11:00:00,59.0,101.0,60.0,139.0,41.7,37.8,351.8,315.8
93,98,2020-11-06 13:00:00,73.0,107.0,69.0,137.0,52.4,48.0,444.6,396.6
94,99,2020-11-06 14:00:00,82.0,112.0,65.0,128.0,58.3,53.5,121.1,88.4
95,100,2020-11-06 17:00:00,86.0,114.0,68.0,123.0,59.8,54.8,399.7,364.5
96,102,2020-11-06 20:00:00,97.0,136.0,85.0,170.0,73.4,66.7,373.6,336.3
97,103,2020-11-06 21:00:00,103.0,141.0,86.0,170.0,83.8,76.6,383.2,346.0
98,104,2020-11-06 22:00:00,107.0,141.0,79.0,175.0,90.3,82.6,427.0,384.3
99,105,2020-11-07 00:00:00,111.0,155.0,77.0,162.0,90.7,83.1,356.5,322.0
100,106,2020-11-07 01:00:00,112.0,153.0,86.0,159.0,91.7,84.4,408.2,370.2
101,107,2020-11-07 02:00:00,116.0,160.0,87.0,154.0,96.7,88.7,397.5,357.8
102,108,2020-11-07 03:00:00,111.0,146.0,72.0,149.0,83.0,76.5,414.2,372.4
103,109,2020-11-07 04:00:00,106.0,140.0,85.0,144.0,78.8,72.6,287.3,259.2
104,110,2020-11-07 05:00:00,104.0,137.0,79.0,144.0,82.8,76.1,325.5,293.8
105,111,2020-11-07 06:00:00,100.0,134.0,85.0,140.0,73.2,66.9,303.9,273.4
106,112,2020-11-07 07:00:00,91.0,126.0,78.0,142.0,65.4,59.5,315.0,283.2
107,113,2020-11-07 08:00:00,84.0,122.0,79.0,145.0,58.1,52.6,194.5,174.0
108,114,2020-11-07 09:00:00,77.0,116.0,80.0,161.0,56.9,51.5,189.1,168.5
109,115,2020-11-07 10:00:00,77.0,120.0,75.0,165.0,53.4,48.4,177.2,148.7
110,116,2020-11-07 12:00:00,78.0,109.0,74.0,155.0,54.9,50.4,161.0,144.2
111,117,2020-11-07 13:00:00,77.0,107.0,67.0,138.0,54.4,49.9,188.4,169.3
112,118,2020-11-07 15:00:00,77.0,103.0,65.0,123.0,52.5,48.3,202.1,183.4
113,119,2020-11-07 17:00:00,91.0,122.0,75.0,146.0,66.3,60.9,233.2,209.9
114,120,2020-11-07 18:00:00,97.0,131.5,79.0,163.0,71.4,65.3,220.9,191.6
115,121,2020-11-07 20:00:00,95.0,134.0,85.0,183.0,74.2,67.3,198.0,141.8
116,122,2020-11-07 21:00:00,81.0,120.0,86.0,167.0,57.2,52.0,153.8,104.0
117,123,2020-11-08 00:00:00,68.0,110.0,82.0,166.0,49.2,44.3,131.2,89.5
118,124,2020-11-08 01:00:00,62.0,107.0,67.0,138.0,42.3,38.0,179.2,89.3
119,125,2020-11-08 02:00:00,66.0,109.0,61.0,128.0,44.4,40.2,147.0,83.9
120,126,2020-11-08 03:00:00,66.0,105.0,66.0,126.0,46.9,42.2,162.2,92.3
121,127,2020-11-08 04:00:00,67.0,110.0,68.0,123.0,46.4,41.7,154.9,95.1
122,128,2020-11-08 05:00:00,67.0,105.0,61.0,126.0,47.6,43.0,156.2,92.3
123,129,2020-11-08 07:00:00,85.0,125.0,74.0,140.0,59.7,53.9,199.5,117.3
124,131,2020-11-08 13:00:00,49.0,84.0,49.0,93.0,31.5,28.5,138.6,58.5
125,132,2020-11-08 14:00:00,49.0,86.0,50.0,96.0,29.7,27.0,101.1,61.0
126,133,2020-11-08 15:00:00,46.0,82.0,49.0,89.0,28.8,26.3,66.4,54.5
127,134,2020-11-08 16:00:00,45.0,82.0,50.0,88.0,25.9,23.6,222.2,59.0
128,135,2020-11-08 17:00:00,40.0,74.0,37.0,85.0,24.3,22.0,81.8,44.6
129,136,2020-11-08 18:00:00,50.0,92.0,44.0,97.0,33.4,28.5,129.2,63.6
130,137,2020-11-08 20:00:00,62.0,109.0,68.0,155.0,44.7,40.3,217.5,73.8
131,138,2020-11-09 00:00:00,58.0,102.0,56.0,100.0,39.4,35.5,156.7,67.1
132,139,2020-11-09 01:00:00,57.0,99.0,50.0,103.0,39.5,35.8,140.1,63.1
133,140,2020-11-09 02:00:00,60.0,101.0,57.0,104.0,42.8,38.5,203.8,77.1
134,141,2020-11-09 03:00:00,71.0,108.0,63.0,100.0,49.8,45.1,103.2,71.3
135,142,2020-11-09 04:00:00,82.0,117.0,68.0,106.0,59.3,53.6,156.4,110.9
136,143,2020-11-09 05:00:00,92.0,136.0,78.0,139.0,70.7,63.3,162.9,109.6
137,144,2020-11-09 06:00:00,100.0,154.0,72.0,170.0,84.7,76.2,434.9,158.4
138,145,2020-11-09 07:00:00,114.0,207.0,83.0,187.0,111.1,98.9,368.4,179.2
139,146,2020-11-09 08:00:00,113.0,201.0,80.0,179.0,103.2,92.0,403.2,175.6
140,147,2020-11-09 10:00:00,85.0,124.0,87.0,188.0,69.0,62.4,178.5,108.5
141,148,2020-11-09 13:00:00,63.0,102.0,58.0,108.0,45.0,40.7,156.1,75.5
142,149,2020-11-09 15:00:00,68.0,105.0,52.0,105.0,49.1,44.8,129.3,76.1
143,150,2020-11-09 16:00:00,74.0,114.0,65.0,132.0,54.5,49.5,188.0,93.8
144,151,2020-11-09 17:00:00,79.0,122.0,67.0,149.0,62.0,56.0,219.5,105.0
145,152,2020-11-09 18:00:00,88.0,138.0,79.0,170.0,66.6,59.8,194.7,104.2
146,154,2020-11-09 21:00:00,102.0,168.0,75.0,183.0,95.1,85.9,350.3,201.1
147,155,2020-11-09 22:00:00,103.0,164.0,83.0,188.0,94.8,85.6,368.3,236.9
148,156,2020-11-09 23:00:00,101.0,153.0,82.0,172.0,95.9,86.1,420.9,190.0
149,157,2020-11-10 00:00:00,103.0,156.0,82.0,179.0,90.7,81.7,345.0,168.6
150,158,2020-11-10 01:00:00,101.0,152.0,73.0,186.0,92.7,83.3,368.3,183.7
151,159,2020-11-10 02:00:00,104.0,167.0,77.0,171.0,100.8,90.3,419.1,199.8
152,160,2020-11-10 03:00:00,104.0,158.0,78.0,181.0,97.2,87.6,389.7,213.9
153,161,2020-11-10 04:00:00,100.0,145.0,73.0,174.0,90.8,81.8,378.0,228.6
154,162,2020-11-10 05:00:00,99.0,156.0,77.0,157.0,91.0,81.8,387.7,197.8
155,163,2020-11-10 07:00:00,100.0,159.0,84.0,185.0,92.1,82.8,341.3,198.3
156,165,2020-11-10 09:00:00,95.0,143.0,86.0,182.0,81.0,73.0,581.9,364.7
157,166,2020-11-10 10:00:00,85.0,124.0,83.0,165.0,65.3,58.9,589.5,390.6
158,167,2020-11-10 11:00:00,79.0,115.0,69.0,136.0,63.6,57.3,377.3,261.0
159,168,2020-11-10 12:00:00,72.0,112.0,63.0,136.0,56.0,50.9,454.9,294.9
160,169,2020-11-10 14:00:00,70.0,106.0,61.0,109.0,51.5,46.8,418.5,259.9
161,170,2020-11-10 17:00:00,70.0,116.0,58.0,126.0,51.6,46.3,384.7,274.9
162,171,2020-11-10 20:00:00,92.0,145.0,72.0,181.0,78.7,70.4,808.1,575.8
163,172,2020-11-10 21:00:00,91.0,139.0,79.0,177.0,76.2,68.2,681.0,484.6
164,173,2020-11-10 22:00:00,91.0,136.0,86.0,162.0,75.0,66.8,860.2,620.2
165,174,2020-11-10 23:00:00,93.5,141.5,87.0,174.0,83.2,74.2,1000.8,701.8
166,175,2020-11-11 01:00:00,91.0,137.0,82.0,166.0,73.7,65.8,1147.6,730.1
167,176,2020-11-11 02:00:00,99.0,162.0,76.0,161.0,88.0,76.9,1148.3,802.6
168,177,2020-11-11 03:00:00,97.0,152.0,76.0,164.0,87.4,78.1,831.4,631.8
169,178,2020-11-11 04:00:00,106.0,170.0,80.0,173.0,96.9,86.5,786.5,590.3
170,180,2020-11-11 07:00:00,107.0,167.0,83.0,153.0,96.5,86.7,809.6,621.1
171,181,2020-11-11 08:00:00,111.0,198.0,80.0,177.0,113.4,100.3,713.2,598.8
172,182,2020-11-11 10:00:00,76.5,119.5,73.0,136.0,59.1,53.1,929.9,674.6
173,183,2020-11-11 11:00:00,60.0,98.0,59.0,122.0,41.8,37.4,652.8,494.3
174,184,2020-11-11 13:00:00,40.0,70.0,33.0,78.0,22.3,20.1,737.6,543.1
175,185,2020-11-11 14:00:00,38.0,66.0,31.0,70.0,21.5,19.4,425.9,260.4
176,186,2020-11-11 16:00:00,36.0,72.0,30.0,65.0,20.7,18.8,751.3,667.1
177,187,2020-11-11 19:00:00,50.0,93.0,50.0,101.0,29.2,26.0,1999.9,999.9
178,188,2020-11-11 20:00:00,50.0,94.0,54.0,122.0,30.2,26.0,1999.9,977.2
179,189,2020-11-11 21:00:00,51.0,96.0,45.0,100.0,32.0,25.6,1999.9,999.9
180,190,2020-11-12 07:00:00,73.0,107.0,42.0,72.0,34.5,31.3,1557.8,331.3
181,191,2020-11-12 08:00:00,33.0,74.0,29.0,54.0,17.4,14.0,1120.3,163.1
182,192,2020-11-12 10:00:00,31.0,58.0,25.0,47.0,13.0,11.8,28.9,22.3
183,193,2020-11-12 11:00:00,21.0,40.0,19.0,40.0,11.3,8.2,17.9,14.8
184,194,2020-11-12 13:00:00,21.0,42.0,22.0,51.0,13.4,9.2,23.7,15.4
185,195,2020-11-12 15:00:00,14.0,34.0,17.0,49.0,7.5,5.9,15.2,9.8
186,196,2020-11-12 17:00:00,17.0,36.0,19.0,58.0,9.6,7.8,16.8,13.3
187,198,2020-11-12 23:00:00,29.0,52.0,20.0,43.0,11.9,10.7,27.1,20.9
188,199,2020-11-13 00:00:00,31.0,56.0,15.0,45.0,12.2,10.9,31.3,21.5
189,200,2020-11-13 02:00:00,22.0,34.0,14.0,29.0,9.2,8.3,20.0,15.9
190,201,2020-11-13 03:00:00,31.0,48.0,20.0,37.0,13.6,12.4,25.0,22.3
191,202,2020-11-13 04:00:00,33.0,54.0,24.0,32.0,12.6,11.4,24.9,22.0
192,203,2020-11-13 05:00:00,33.0,54.0,18.0,37.0,12.7,11.5,26.7,22.7
193,204,2020-11-13 06:00:00,44.0,78.0,25.0,37.0,16.2,14.8,38.4,29.5
194,205,2020-11-13 07:00:00,36.0,76.0,25.0,43.0,14.5,13.1,36.5,26.4
195,206,2020-11-13 08:00:00,36.0,68.0,22.0,47.0,15.0,13.4,37.8,25.5
196,207,2020-11-13 11:00:00,22.0,40.0,20.0,50.0,12.5,10.8,39.5,17.7
197,208,2020-11-13 12:00:00,17.0,40.0,19.0,57.0,9.6,7.9,21.1,13.1
198,209,2020-11-13 13:00:00,19.0,42.0,25.0,53.0,9.3,8.3,22.9,14.5
199,210,2020-11-13 14:00:00,17.0,40.0,22.0,49.0,9.1,8.1,26.8,13.3
200,211,2020-11-13 15:00:00,17.0,34.0,20.0,58.0,9.5,8.5,16.3,13.9
201,212,2020-11-13 18:00:00,46.0,88.0,35.0,77.0,29.5,23.1,60.0,37.9
202,213,2020-11-13 19:00:00,40.0,93.0,43.0,121.0,30.1,19.0,79.3,32.7
203,214,2020-11-13 22:00:00,55.0,95.0,67.0,107.0,30.8,27.6,80.4,47.5
204,215,2020-11-14 00:00:00,52.0,89.0,54.0,100.0,28.1,25.2,69.7,41.7
205,216,2020-11-14 02:00:00,67.0,112.0,54.0,108.0,37.9,33.8,95.6,59.9
206,217,2020-11-14 06:00:00,48.0,86.0,37.0,77.0,21.9,19.6,58.4,36.9
207,218,2020-11-14 08:00:00,44.0,82.0,35.0,81.0,20.0,17.9,60.4,34.0
208,219,2020-11-14 11:00:00,26.0,56.0,24.0,71.0,14.0,11.8,36.9,20.5
209,220,2020-11-14 13:00:00,17.0,34.0,25.0,54.0,8.9,7.4,18.6,12.1
210,221,2020-11-14 14:00:00,15.0,32.0,19.0,53.0,9.0,8.1,20.7,12.2
211,222,2020-11-14 15:00:00,15.0,34.0,20.0,52.0,8.8,7.9,18.7,11.7
212,223,2020-11-14 16:00:00,14.0,28.0,24.0,48.0,9.4,6.7,11.3,9.9
213,224,2020-11-14 18:00:00,19.0,36.0,35.0,63.0,10.7,9.4,27.6,14.3
214,225,2020-11-14 21:00:00,73.0,113.0,83.0,179.0,48.6,43.6,113.8,73.3
215,226,2020-11-15 00:00:00,61.0,101.0,87.0,175.0,36.8,33.3,82.6,54.9
216,227,2020-11-15 01:00:00,50.0,88.0,82.0,130.0,27.4,24.6,57.5,40.7
217,228,2020-11-15 02:00:00,48.0,84.0,63.0,103.0,26.2,23.6,56.1,37.2
218,229,2020-11-15 03:00:00,53.0,88.0,55.0,88.0,28.7,25.9,56.2,43.0
219,230,2020-11-15 04:00:00,56.0,89.0,55.0,87.0,29.2,26.4,67.1,44.8
220,231,2020-11-15 05:00:00,55.0,88.0,42.0,75.0,27.2,24.6,56.4,44.6
221,233,2020-11-15 09:00:00,53.0,87.0,39.0,75.0,28.8,25.9,66.5,41.8
222,234,2020-11-15 10:00:00,49.0,88.0,40.0,76.0,27.1,24.3,73.6,41.0
223,235,2020-11-15 12:00:00,21.0,42.0,30.0,60.0,12.1,10.9,24.5,17.0
224,236,2020-11-15 13:00:00,19.0,38.0,22.0,52.0,11.5,10.4,19.2,14.7
225,238,2020-11-15 16:00:00,15.0,28.0,24.0,45.0,8.6,7.8,15.9,10.9
226,239,2020-11-15 18:00:00,22.0,44.0,20.0,51.0,13.2,11.8,23.5,18.3
227,241,2020-11-15 23:00:00,45.0,80.0,55.0,94.0,23.5,21.2,51.5,34.5
228,242,2020-11-16 00:00:00,47.0,82.0,48.0,79.0,23.0,21.0,51.2,36.3
229,243,2020-11-16 01:00:00,44.0,74.0,49.0,72.0,21.6,19.6,44.2,33.1
230,244,2020-11-16 02:00:00,35.0,54.0,36.0,64.0,17.9,16.2,35.9,27.2
231,245,2020-11-16 03:00:00,33.0,58.0,33.0,55.0,16.7,15.1,29.3,23.5
232,246,2020-11-16 04:00:00,44.0,76.0,26.0,57.0,22.1,20.2,40.7,32.8
233,247,2020-11-16 08:00:00,59.0,93.0,47.0,72.0,33.3,30.3,69.5,53.9
234,248,2020-11-16 09:00:00,48.0,82.0,34.0,77.0,25.8,23.2,54.4,38.2
235,249,2020-11-16 10:00:00,53.0,86.0,37.0,79.0,31.4,28.6,59.3,45.7
236,250,2020-11-16 11:00:00,47.0,82.0,45.0,83.0,24.7,22.4,51.6,36.1
237,251,2020-11-16 12:00:00,47.0,82.0,39.0,70.0,25.8,23.4,47.6,36.8
238,252,2020-11-16 13:00:00,44.0,72.0,39.0,77.0,24.9,22.7,46.7,35.0
239,253,2020-11-16 15:00:00,44.0,76.0,31.0,72.0,24.0,21.7,49.7,32.9
240,254,2020-11-16 17:00:00,40.0,68.0,33.0,66.0,23.0,20.8,43.7,31.5
241,255,2020-11-16 19:00:00,54.0,94.0,46.0,107.0,35.2,31.5,80.4,49.3
242,256,2020-11-16 20:00:00,54.0,93.0,55.0,120.0,32.8,29.3,84.4,47.2
243,257,2020-11-16 21:00:00,60.0,96.0,65.0,114.0,36.4,33.2,77.0,55.7
244,258,2020-11-16 22:00:00,62.0,96.0,61.0,97.0,38.7,35.1,80.6,57.6
245,259,2020-11-16 23:00:00,62.0,97.0,53.0,93.0,36.4,33.0,76.1,55.0
246,260,2020-11-17 01:00:00,57.0,92.0,43.0,83.0,31.9,28.9,69.7,50.5
247,261,2020-11-17 02:00:00,61.0,94.0,46.0,80.0,34.1,31.1,66.4,53.2
248,262,2020-11-17 04:00:00,67.0,95.0,39.0,68.0,36.7,33.5,76.8,60.3
249,263,2020-11-17 05:00:00,76.0,112.0,40.0,73.0,42.7,38.9,94.0,70.2
250,264,2020-11-17 06:00:00,81.0,114.0,51.0,82.0,44.2,40.0,91.5,71.9
251,265,2020-11-17 07:00:00,88.0,120.0,56.0,85.0,49.5,45.2,110.6,85.2
252,266,2020-11-17 09:00:00,54.0,91.0,47.0,89.0,32.0,29.0,66.3,48.3
253,267,2020-11-17 10:00:00,50.0,86.0,48.0,86.0,0.0,0.0,65.0,42.6
254,268,2020-11-17 11:00:00,49.0,87.0,46.0,89.0,26.6,24.1,54.0,41.2
255,269,2020-11-17 12:00:00,42.0,66.0,28.0,79.0,22.8,20.6,47.4,32.4
256,270,2020-11-17 13:00:00,35.0,64.0,36.0,69.0,19.3,17.5,32.9,25.8
257,271,2020-11-17 14:00:00,24.0,46.0,33.0,70.0,14.5,13.3,24.2,19.3
258,272,2020-11-17 15:00:00,31.0,52.0,30.0,64.0,17.6,16.0,27.6,23.4
259,273,2020-11-17 16:00:00,26.0,44.0,30.0,59.0,14.7,13.3,28.5,20.6
260,274,2020-11-17 17:00:00,31.0,62.0,27.0,57.0,18.2,16.3,30.8,24.1
261,275,2020-11-17 18:00:00,33.0,76.0,38.0,67.0,17.8,15.9,37.2,25.1
262,276,2020-11-17 19:00:00,35.0,68.0,36.0,78.0,20.7,18.1,40.3,27.3
263,277,2020-11-17 20:00:00,42.0,80.0,32.0,92.0,24.9,22.3,51.6,33.5
264,278,2020-11-17 21:00:00,51.0,94.0,55.0,111.0,32.4,27.8,76.8,45.7
265,279,2020-11-17 22:00:00,54.0,92.0,53.0,104.0,32.4,29.1,73.0,47.6
266,280,2020-11-17 23:00:00,59.0,99.0,52.0,110.0,36.2,32.7,75.4,53.1
267,281,2020-11-18 00:00:00,58.0,96.0,53.0,114.0,36.4,32.8,75.6,53.3
268,282,2020-11-18 02:00:00,60.0,95.0,44.0,75.0,33.6,30.7,66.8,52.7
269,283,2020-11-18 03:00:00,64.0,97.0,42.0,79.0,37.4,34.0,74.6,57.9
270,284,2020-11-18 04:00:00,73.0,105.0,46.0,73.0,42.9,39.1,90.6,69.7
271,285,2020-11-18 05:00:00,76.0,105.0,46.0,76.0,44.3,40.4,87.6,73.8
272,286,2020-11-18 06:00:00,84.0,116.0,47.0,70.0,45.0,41.2,95.7,78.3
273,287,2020-11-18 07:00:00,90.0,124.0,42.0,66.0,52.0,47.7,123.2,93.3
274,288,2020-11-18 08:00:00,71.0,104.0,37.0,71.0,39.7,36.2,80.3,66.1
275,289,2020-11-18 09:00:00,55.0,89.0,37.0,70.0,31.2,28.5,65.0,47.7
276,290,2020-11-18 12:00:00,31.0,54.0,21.0,66.0,15.4,14.2,33.7,23.1
277,291,2020-11-18 13:00:00,26.0,46.0,27.0,58.0,13.6,12.2,22.6,18.9
278,292,2020-11-18 14:00:00,21.0,34.0,23.0,50.0,11.6,10.4,17.5,15.7
279,293,2020-11-18 15:00:00,21.0,38.0,23.0,49.0,11.5,10.4,18.8,15.6
280,294,2020-11-18 16:00:00,21.0,44.0,21.0,43.0,11.1,10.0,20.2,14.8
281,295,2020-11-18 17:00:00,22.0,38.0,20.0,43.0,11.7,10.6,21.1,15.1
282,296,2020-11-18 18:00:00,24.0,52.0,28.0,47.0,13.9,12.5,31.2,19.0
283,297,2020-11-18 19:00:00,29.0,60.0,30.0,78.0,15.3,13.8,40.1,22.6
284,298,2020-11-18 20:00:00,33.0,72.0,30.0,82.0,19.0,15.7,39.0,25.1
285,299,2020-11-18 21:00:00,38.0,70.0,36.0,84.0,19.0,17.1,48.4,28.5
286,300,2020-11-18 22:00:00,42.0,80.0,37.0,76.0,20.4,18.3,40.3,30.2
287,301,2020-11-18 23:00:00,35.0,62.0,34.0,78.0,18.7,16.9,40.3,26.9
288,302,2020-11-19 00:00:00,38.0,66.0,32.0,63.0,17.4,15.8,37.3,26.8
289,303,2020-11-19 01:00:00,36.0,66.0,24.0,60.0,15.9,14.2,33.9,24.9
290,304,2020-11-19 02:00:00,42.0,76.0,25.0,42.0,15.8,14.4,33.9,26.8
291,305,2020-11-19 03:00:00,42.0,70.0,25.0,50.0,16.3,14.9,32.7,26.6
292,306,2020-11-19 04:00:00,44.0,70.0,20.0,47.0,16.4,14.9,33.8,28.2
293,307,2020-11-19 05:00:00,45.0,76.0,29.0,39.0,17.1,15.4,31.2,28.0
294,308,2020-11-19 06:00:00,44.0,72.0,24.0,45.0,17.0,15.4,33.8,28.9
295,309,2020-11-19 07:00:00,69.0,102.0,30.0,47.0,36.0,33.0,78.3,60.8
296,311,2020-11-19 10:00:00,35.0,64.0,23.0,60.0,18.3,16.5,34.5,26.1
297,312,2020-11-19 11:00:00,21.0,40.0,24.0,64.0,10.7,9.7,25.3,15.9
298,313,2020-11-19 12:00:00,12.0,26.0,21.0,58.0,6.9,6.3,15.5,9.4
299,314,2020-11-19 13:00:00,19.0,34.0,22.0,55.0,9.8,8.8,56.3,45.0
300,315,2020-11-19 14:00:00,14.0,24.0,17.0,47.0,7.8,6.9,16.1,9.2
301,316,2020-11-19 15:00:00,14.0,28.0,14.0,42.0,7.9,6.9,32.6,29.5
302,317,2020-11-19 16:00:00,12.0,26.0,19.0,59.0,9.1,5.9,166.4,151.6
303,318,2020-11-19 19:00:00,22.0,44.0,28.0,71.0,11.2,10.0,172.4,155.6
304,319,2020-11-19 20:00:00,26.0,62.0,27.0,74.0,14.5,13.1,188.2,168.8
305,320,2020-11-19 21:00:00,31.0,72.0,33.0,72.0,19.2,15.7,209.3,186.1
306,321,2020-11-19 22:00:00,36.0,70.0,28.0,75.0,18.3,16.6,354.5,314.4
307,322,2020-11-19 23:00:00,35.0,60.0,31.0,63.0,16.3,14.7,34.8,23.4
308,323,2020-11-20 00:00:00,31.0,58.0,22.0,57.0,14.3,13.0,35.0,22.0
309,324,2020-11-20 02:00:00,33.0,56.0,22.0,41.0,14.1,12.6,27.6,21.3
310,325,2020-11-20 03:00:00,46.0,82.0,34.0,63.0,20.2,18.2,51.5,30.4
311,326,2020-11-20 04:00:00,36.0,60.0,33.0,50.0,15.2,13.6,27.8,22.0
312,327,2020-11-20 05:00:00,33.0,48.0,30.0,40.0,13.4,12.1,27.2,20.7
313,328,2020-11-20 06:00:00,40.0,66.0,25.0,46.0,14.9,13.4,31.1,24.4
314,329,2020-11-20 07:00:00,42.0,66.0,33.0,50.0,16.2,14.7,31.3,24.7
315,330,2020-11-20 08:00:00,53.0,96.0,35.0,66.0,26.7,23.9,64.2,38.9
316,331,2020-11-20 09:00:00,42.0,83.0,40.0,78.0,19.1,17.2,48.0,29.2
317,332,2020-11-20 10:00:00,38.0,86.0,35.0,77.0,20.9,18.6,64.9,26.6
318,333,2020-11-20 11:00:00,5.0,18.0,23.0,73.0,5.3,2.9,14.6,3.6
319,334,2020-11-20 12:00:00,7.0,20.0,17.0,56.0,6.8,3.7,13.2,4.5
320,335,2020-11-20 13:00:00,12.0,30.0,13.0,54.0,10.6,6.1,16.1,7.9
321,336,2020-11-20 14:00:00,15.0,44.0,31.0,72.0,10.8,7.7,25.4,11.7
322,337,2020-11-20 15:00:00,8.0,26.0,18.0,52.0,7.1,4.1,24.6,6.9
323,338,2020-11-20 16:00:00,7.0,20.0,17.0,51.0,5.5,3.4,16.8,5.1
324,339,2020-11-20 17:00:00,12.0,42.0,13.0,51.0,10.5,6.3,23.6,9.3
325,340,2020-11-20 18:00:00,14.0,42.0,24.0,72.0,10.1,7.1,24.1,10.3
326,341,2020-11-20 19:00:00,15.0,40.0,29.0,81.0,14.5,7.7,32.2,11.7
327,343,2020-11-20 21:00:00,19.0,54.0,28.0,67.0,15.6,10.4,29.8,15.3
328,344,2020-11-20 22:00:00,22.0,62.0,30.0,72.0,11.5,10.3,31.3,16.2
329,345,2020-11-20 23:00:00,21.0,52.0,30.0,62.0,14.7,10.7,33.4,16.2
330,346,2020-11-21 00:00:00,28.0,87.0,34.0,77.0,16.6,10.9,58.9,19.6
331,347,2020-11-21 01:00:00,22.0,62.0,25.0,77.0,14.1,10.9,42.4,17.0
332,348,2020-11-21 02:00:00,28.0,80.0,27.0,61.0,16.9,12.1,40.5,19.7
333,349,2020-11-21 03:00:00,22.0,54.0,25.0,66.0,14.6,10.1,29.9,16.1
334,350,2020-11-21 05:00:00,31.0,68.0,25.0,48.0,16.5,13.2,38.0,22.1
335,351,2020-11-21 06:00:00,31.0,70.0,25.0,48.0,17.1,13.9,40.4,23.2
336,352,2020-11-21 07:00:00,28.0,58.0,21.0,43.0,13.7,11.7,26.2,18.0
337,353,2020-11-21 08:00:00,28.0,64.0,27.0,54.0,17.8,13.7,41.3,20.4
338,354,2020-11-21 09:00:00,14.0,56.0,22.0,80.0,14.5,7.8,43.4,11.6
339,355,2020-11-21 10:00:00,8.0,32.0,18.0,57.0,8.1,4.8,19.2,6.6
340,356,2020-11-21 11:00:00,14.0,32.0,15.0,51.0,12.6,10.9,24.3,14.6
341,357,2020-11-21 12:00:00,12.0,40.0,16.0,45.0,7.5,5.7,17.4,8.5
342,358,2020-11-21 13:00:00,15.0,44.0,21.0,73.0,10.7,7.5,33.6,11.0
343,359,2020-11-21 14:00:00,17.0,45.0,24.0,70.0,12.5,8.7,26.6,11.9
344,360,2020-11-21 15:00:00,17.0,46.0,27.0,94.0,10.9,9.0,20.8,12.1
345,361,2020-11-21 16:00:00,15.0,42.0,22.0,77.0,8.9,7.7,25.2,12.0
346,362,2020-11-21 17:00:00,17.0,76.0,23.0,78.0,13.2,8.4,43.1,12.5
347,363,2020-11-21 18:00:00,31.0,92.0,35.0,135.0,27.2,16.5,66.7,25.8
348,364,2020-11-21 19:00:00,40.0,99.0,56.0,150.0,31.2,20.4,80.8,30.5
349,365,2020-11-21 20:00:00,47.0,101.0,60.0,175.0,30.6,24.2,82.2,37.3
350,366,2020-11-21 21:00:00,58.0,125.0,86.0,175.0,48.8,35.5,142.6,53.7
351,367,2020-11-21 22:00:00,47.0,94.0,80.0,180.0,33.6,24.3,75.6,36.6
352,368,2020-11-21 23:00:00,44.0,88.0,58.0,133.0,27.8,21.8,64.3,32.3
353,369,2020-11-22 00:00:00,40.0,84.0,49.0,119.0,24.1,20.0,60.1,29.7
354,370,2020-11-22 01:00:00,42.0,92.0,46.0,116.0,25.2,19.5,67.4,32.1
355,371,2020-11-22 02:00:00,44.0,95.0,54.0,126.0,30.0,21.9,66.2,32.7
356,372,2020-11-22 03:00:00,50.0,100.0,53.0,132.0,31.7,25.9,69.2,39.8
357,373,2020-11-22 04:00:00,53.0,99.0,60.0,119.0,33.1,26.8,86.0,44.8
358,374,2020-11-22 05:00:00,58.0,103.0,49.0,89.0,34.7,31.2,78.2,50.6
359,375,2020-11-22 06:00:00,68.0,110.0,46.0,95.0,40.6,36.4,96.0,61.7
360,376,2020-11-22 07:00:00,66.0,105.0,47.0,84.0,38.4,34.4,90.2,58.7
361,377,2020-11-22 08:00:00,66.0,103.0,74.0,157.0,36.6,32.9,79.9,54.3
362,378,2020-11-22 09:00:00,69.0,103.0,45.0,86.0,37.6,34.1,79.4,57.7
363,379,2020-11-22 10:00:00,52.0,84.0,43.0,82.0,27.8,25.1,58.4,40.5
364,380,2020-11-22 11:00:00,59.0,91.0,54.0,96.0,32.1,29.1,59.3,46.2
365,381,2020-11-22 12:00:00,52.0,84.0,59.0,99.0,29.8,27.2,53.7,41.3
366,382,2020-11-22 13:00:00,45.0,76.0,50.0,100.0,22.7,20.7,40.7,30.5
367,383,2020-11-22 14:00:00,40.0,64.0,40.0,88.0,21.7,19.8,40.5,29.2
368,384,2020-11-22 15:00:00,44.0,68.0,41.0,81.0,23.9,21.7,38.1,29.9
369,385,2020-11-22 16:00:00,45.0,87.0,48.0,81.0,25.6,23.0,54.0,33.7
370,386,2020-11-22 17:00:00,44.0,76.0,47.0,91.0,24.5,22.2,52.0,33.3
371,387,2020-11-22 18:00:00,53.0,105.0,53.0,106.0,38.1,29.4,90.7,44.6
372,388,2020-11-22 19:00:00,56.0,95.0,67.0,149.0,35.9,32.1,82.1,48.9
373,389,2020-11-22 20:00:00,66.0,105.0,63.0,140.0,43.2,39.1,93.9,60.1
374,390,2020-11-22 22:00:00,89.0,128.0,83.0,140.0,66.0,59.3,141.7,97.0
375,391,2020-11-22 23:00:00,91.0,131.0,76.0,127.0,66.9,60.4,137.0,99.5
376,392,2020-11-23 00:00:00,89.0,127.0,68.0,120.0,62.4,56.1,132.9,94.8
377,393,2020-11-23 01:00:00,89.0,127.0,80.0,114.0,59.7,54.0,135.9,99.5
378,394,2020-11-23 02:00:00,83.0,118.0,63.0,108.0,58.2,52.5,120.2,86.9
379,395,2020-11-23 03:00:00,74.0,111.0,56.0,92.0,51.8,47.0,100.7,76.9
380,396,2020-11-23 04:00:00,77.0,114.0,57.0,83.0,51.6,46.7,104.6,78.5
381,397,2020-11-23 05:00:00,82.0,120.0,51.0,77.0,55.0,49.6,111.6,85.3
382,398,2020-11-23 06:00:00,91.0,129.0,56.0,83.0,63.4,57.5,141.2,104.7
383,399,2020-11-23 07:00:00,91.0,128.0,66.0,97.0,62.6,56.6,150.5,107.2
384,401,2020-11-23 09:00:00,88.0,127.0,78.0,142.0,58.8,53.2,135.0,94.3
385,402,2020-11-23 10:00:00,69.0,107.0,74.0,139.0,46.2,41.8,103.3,67.9
386,403,2020-11-23 11:00:00,63.0,103.0,53.0,103.0,41.6,37.6,90.6,58.8
387,404,2020-11-23 12:00:00,54.0,92.0,51.0,95.0,32.1,29.1,65.3,44.1
388,405,2020-11-23 13:00:00,46.0,82.0,47.0,103.0,29.0,26.0,52.9,38.0
389,406,2020-11-23 14:00:00,45.0,80.0,44.0,92.0,26.6,24.0,49.3,34.6
390,408,2020-11-23 17:00:00,51.0,93.0,44.0,107.0,32.5,29.0,77.5,44.5
391,409,2020-11-23 18:00:00,53.0,103.0,53.0,138.0,35.7,32.1,90.1,46.8
392,410,2020-11-23 19:00:00,67.0,116.0,74.0,173.0,49.0,41.7,115.7,65.6
393,411,2020-11-23 20:00:00,72.0,125.0,82.0,177.0,53.9,47.0,128.3,73.6
394,412,2020-11-23 21:00:00,69.0,121.0,72.0,175.0,51.6,46.0,140.3,72.6
395,413,2020-11-23 22:00:00,74.0,121.0,72.0,171.0,64.1,53.6,139.6,80.3
396,414,2020-11-23 23:00:00,69.0,119.0,72.0,185.0,52.9,44.9,125.4,70.0
397,415,2020-11-24 00:00:00,78.0,128.0,85.0,173.0,56.0,49.6,142.9,82.9
398,416,2020-11-24 01:00:00,63.0,112.0,76.0,145.0,46.9,40.3,106.7,65.7
399,417,2020-11-24 02:00:00,70.0,114.0,66.0,122.0,50.1,42.0,107.2,70.4
400,418,2020-11-24 03:00:00,63.0,109.0,64.0,137.0,45.7,40.7,107.7,66.1
401,419,2020-11-24 04:00:00,66.0,110.0,65.0,116.0,46.1,40.6,111.6,68.6
402,420,2020-11-24 05:00:00,70.0,112.0,58.0,127.0,49.3,44.0,114.3,74.4
403,421,2020-11-24 06:00:00,70.0,117.0,59.0,122.0,50.9,43.4,110.0,71.3
404,422,2020-11-24 07:00:00,67.0,111.0,67.0,121.0,46.5,41.6,109.0,70.2
405,423,2020-11-24 08:00:00,68.0,110.0,76.0,145.0,48.2,43.0,104.9,69.4
406,424,2020-11-24 09:00:00,64.0,110.0,60.0,125.0,45.1,39.8,117.3,61.2
407,425,2020-11-24 10:00:00,50.0,90.0,48.0,102.0,32.1,28.6,71.9,44.1
408,426,2020-11-24 11:00:00,53.0,92.0,43.0,104.0,33.4,30.1,72.9,45.2
409,427,2020-11-24 12:00:00,48.0,89.0,46.0,112.0,31.5,28.4,63.2,38.8
410,428,2020-11-24 13:00:00,44.0,83.0,42.0,107.0,25.7,23.0,51.9,34.9
411,429,2020-11-24 14:00:00,38.0,74.0,40.0,97.0,23.6,21.2,46.0,30.2
412,430,2020-11-24 15:00:00,42.0,82.0,41.0,91.0,24.1,21.8,49.9,30.4
413,431,2020-11-24 16:00:00,45.0,90.0,39.0,105.0,27.2,24.3,49.4,33.1
414,432,2020-11-24 17:00:00,42.0,90.0,44.0,107.0,26.4,22.8,62.4,33.1
415,433,2020-11-24 18:00:00,54.0,105.0,47.0,152.0,37.2,32.8,96.7,49.9
416,434,2020-11-24 19:00:00,61.0,116.0,66.0,165.0,47.7,39.2,120.1,61.1
417,435,2020-11-24 20:00:00,68.0,122.0,72.0,188.0,49.7,44.2,118.3,69.5
418,436,2020-11-24 21:00:00,69.0,121.0,85.0,171.0,50.7,45.3,112.0,71.8
419,437,2020-11-24 22:00:00,71.0,118.0,82.0,156.0,51.2,45.4,128.0,79.7
420,438,2020-11-24 23:00:00,68.0,118.0,72.0,154.0,49.8,44.4,120.4,72.5
421,439,2020-11-25 01:00:00,59.0,110.0,57.0,132.0,37.7,33.8,95.9,55.8
422,440,2020-11-25 02:00:00,63.0,107.0,67.0,131.0,42.0,37.4,102.1,66.2
423,441,2020-11-25 03:00:00,59.0,102.0,57.0,110.0,40.8,36.5,90.5,59.6
424,442,2020-11-25 04:00:00,55.0,101.0,54.0,97.0,36.3,32.7,87.7,53.7
425,443,2020-11-25 05:00:00,55.0,97.0,44.0,102.0,35.7,32.1,77.2,53.2
426,444,2020-11-25 06:00:00,60.0,103.0,52.0,99.0,42.3,38.0,95.4,63.6
427,445,2020-11-25 08:00:00,72.0,118.0,68.0,137.0,52.6,47.0,122.8,79.5
428,446,2020-11-25 09:00:00,67.0,114.0,68.0,140.0,47.2,42.5,100.6,68.7
429,447,2020-11-25 10:00:00,56.0,96.0,59.0,123.0,37.6,34.1,81.6,54.8
430,448,2020-11-25 11:00:00,51.0,88.0,50.0,109.0,33.6,30.3,69.1,43.4
431,449,2020-11-25 12:00:00,48.0,87.0,40.0,111.0,30.0,27.2,65.0,40.2
432,450,2020-11-25 13:00:00,45.0,80.0,34.0,83.0,27.9,25.2,58.0,35.5
433,451,2020-11-25 14:00:00,35.0,68.0,33.0,81.0,21.5,18.5,45.6,26.5
434,452,2020-11-25 15:00:00,31.0,58.0,33.0,77.0,17.4,15.6,41.0,23.8
435,453,2020-11-25 16:00:00,29.0,48.0,26.0,67.0,16.1,14.5,25.9,21.4
436,454,2020-11-25 17:00:00,35.0,70.0,27.0,76.0,19.1,17.2,38.7,25.6
437,455,2020-11-25 18:00:00,38.0,80.0,35.0,72.0,22.3,20.2,47.8,29.6
438,456,2020-11-25 19:00:00,49.0,89.0,36.0,79.0,30.8,27.5,61.7,40.9
439,457,2020-11-25 20:00:00,57.0,95.0,52.0,100.0,37.0,33.2,80.8,51.9
440,458,2020-11-25 21:00:00,54.0,91.0,50.0,97.0,33.2,30.1,65.5,46.5
441,459,2020-11-25 22:00:00,52.0,88.0,45.0,85.0,32.9,29.8,64.5,45.1
442,460,2020-11-25 23:00:00,53.0,92.0,38.0,78.0,29.9,26.7,70.3,44.9
443,461,2020-11-26 00:00:00,59.0,99.0,44.0,87.0,38.1,34.2,78.4,52.1
444,462,2020-11-26 01:00:00,52.0,92.0,43.0,91.0,35.4,31.7,69.6,46.0
445,463,2020-11-26 02:00:00,56.0,92.0,47.0,85.0,33.6,30.5,65.6,48.0
446,464,2020-11-26 03:00:00,70.0,105.0,48.0,71.0,37.5,33.8,76.2,60.9
447,465,2020-11-26 04:00:00,59.0,92.0,34.0,50.0,37.1,33.8,66.7,54.3
448,466,2020-11-26 05:00:00,54.0,87.0,40.0,58.0,31.0,28.1,53.9,46.1
449,467,2020-11-26 06:00:00,60.0,94.0,33.0,57.0,34.1,30.9,64.2,51.5
450,468,2020-11-26 07:00:00,53.0,89.0,38.0,57.0,28.4,25.7,57.3,43.5
451,469,2020-11-26 08:00:00,55.0,92.0,44.0,68.0,33.9,30.6,65.4,48.3
452,470,2020-11-26 09:00:00,42.0,78.0,34.0,54.0,23.3,21.1,44.8,32.8
453,471,2020-11-26 10:00:00,38.0,68.0,31.0,61.0,19.9,18.1,44.1,27.6
454,472,2020-11-26 11:00:00,38.0,68.0,27.0,72.0,19.8,17.9,47.3,28.4
455,473,2020-11-26 12:00:00,29.0,60.0,26.0,68.0,15.5,13.9,29.2,20.9
456,474,2020-11-26 13:00:00,24.0,46.0,13.0,63.0,13.7,12.5,26.2,18.9
457,475,2020-11-26 14:00:00,19.0,36.0,20.0,48.0,10.8,9.7,20.3,13.7
458,479,2020-11-26 18:00:00,42.0,78.0,24.0,55.0,21.2,19.1,41.5,30.7
459,480,2020-11-26 19:00:00,49.0,86.0,32.0,78.0,26.4,23.9,59.2,40.0
460,481,2020-11-26 20:00:00,56.0,96.0,42.0,81.0,32.9,29.6,75.0,51.2
461,482,2020-11-26 21:00:00,59.0,95.0,53.0,101.0,38.1,34.4,74.8,53.5
462,483,2020-11-26 22:00:00,63.0,101.0,49.0,86.0,41.2,37.1,82.3,61.7
463,484,2020-11-26 23:00:00,80.0,114.0,60.0,102.0,51.7,46.6,102.8,82.1
464,485,2020-11-27 00:00:00,89.0,122.0,53.0,82.0,54.4,49.4,110.8,86.7
465,486,2020-11-27 01:00:00,88.0,117.0,58.0,87.0,54.0,49.1,106.3,86.9
466,487,2020-11-27 02:00:00,88.0,119.0,67.0,94.0,53.0,48.3,109.0,89.9
467,489,2020-11-27 04:00:00,79.0,108.0,42.0,65.0,42.8,38.9,79.8,71.6
468,490,2020-11-27 05:00:00,52.0,82.0,38.0,61.0,22.8,20.9,40.4,36.2
469,491,2020-11-27 06:00:00,26.0,44.0,23.0,36.0,11.2,10.2,17.5,15.8
470,492,2020-11-27 07:00:00,47.0,80.0,19.0,23.0,20.5,18.7,34.7,30.9
471,493,2020-11-27 08:00:00,67.0,100.0,32.0,56.0,33.3,30.2,63.6,53.5
472,494,2020-11-27 09:00:00,51.0,87.0,33.0,63.0,24.2,21.8,58.2,37.6
473,495,2020-11-27 10:00:00,50.0,84.0,33.0,50.0,23.6,21.5,48.9,38.6
474,496,2020-11-27 11:00:00,45.0,81.0,36.0,72.0,24.9,22.2,51.2,34.3
475,497,2020-11-27 12:00:00,57.0,89.0,33.0,71.0,30.8,28.0,61.2,45.1
476,498,2020-11-27 13:00:00,57.0,94.0,31.0,70.0,26.8,24.4,51.2,43.5
477,499,2020-11-27 14:00:00,35.0,54.0,28.0,39.0,17.1,15.5,27.4,24.5
478,500,2020-11-27 15:00:00,46.0,80.0,27.0,46.0,22.6,20.4,48.7,34.9
479,502,2020-11-27 17:00:00,82.0,117.0,52.0,75.0,47.8,43.4,87.8,72.8
480,503,2020-11-27 18:00:00,97.0,140.0,51.0,79.0,49.8,45.1,101.9,85.4
481,504,2020-11-27 19:00:00,112.0,179.0,43.0,73.0,71.3,64.7,156.2,128.5
482,505,2020-11-27 20:00:00,103.0,151.0,56.0,72.0,63.9,57.8,139.1,114.5
483,506,2020-11-27 21:00:00,99.0,142.0,55.0,75.0,64.9,58.9,137.7,108.9
484,507,2020-11-27 22:00:00,94.0,134.0,42.0,69.0,61.3,55.4,126.8,100.5
485,508,2020-11-27 23:00:00,108.0,182.0,45.0,68.0,60.7,55.1,129.8,103.3
486,509,2020-11-28 01:00:00,94.0,135.0,40.0,62.0,53.3,48.3,102.3,84.4
487,510,2020-11-28 02:00:00,102.0,162.0,44.0,53.0,56.1,50.7,114.7,94.6
488,511,2020-11-28 03:00:00,109.0,184.0,39.0,59.0,58.4,52.9,133.3,103.5
489,513,2020-11-28 05:00:00,97.0,156.0,37.0,52.0,42.6,38.6,98.3,77.9
490,514,2020-11-28 06:00:00,96.0,161.0,30.0,43.0,40.9,37.0,91.1,71.0
491,515,2020-11-28 07:00:00,88.0,133.0,28.0,40.0,34.0,30.9,69.6,57.5
492,516,2020-11-28 08:00:00,89.0,131.0,20.0,39.0,38.3,34.7,85.7,68.6
493,517,2020-11-28 09:00:00,75.0,105.0,28.0,47.0,35.3,32.3,66.8,58.9
494,518,2020-11-28 10:00:00,58.0,89.0,24.0,46.0,31.0,28.2,52.3,45.7
495,519,2020-11-28 11:00:00,47.0,76.0,22.0,46.0,23.3,21.4,43.0,35.8
496,520,2020-11-28 12:00:00,47.0,78.0,17.0,40.0,23.4,21.2,42.3,33.3
497,521,2020-11-28 13:00:00,53.0,87.0,20.0,48.0,27.3,25.0,42.9,38.2
498,522,2020-11-28 14:00:00,48.0,80.0,19.0,48.0,23.8,21.7,39.5,33.7
499,523,2020-11-28 15:00:00,44.0,72.0,17.0,44.0,21.8,19.9,33.3,29.7
500,524,2020-11-28 16:00:00,33.0,52.0,20.0,42.0,18.5,16.8,26.5,23.3
501,525,2020-11-28 17:00:00,46.0,74.0,20.0,53.0,20.8,18.9,34.4,28.2
502,526,2020-11-28 18:00:00,52.0,87.0,19.0,65.0,26.8,24.1,50.5,36.6
503,527,2020-11-28 19:00:00,56.0,93.0,34.0,71.0,30.2,27.5,54.9,41.3
504,528,2020-11-28 20:00:00,61.0,96.0,34.0,80.0,31.7,28.5,59.7,43.5
505,529,2020-11-28 21:00:00,67.0,103.0,35.0,94.0,35.9,32.4,65.3,50.5
506,530,2020-11-28 22:00:00,68.0,103.0,27.0,71.0,35.4,32.0,69.1,51.3
507,531,2020-11-28 23:00:00,68.0,106.0,34.0,71.0,34.9,31.6,73.4,53.2
508,532,2020-11-29 00:00:00,79.0,119.0,33.0,75.0,38.7,34.9,82.3,65.1
509,533,2020-11-29 01:00:00,69.0,107.0,34.0,76.0,33.8,30.7,77.4,53.6
510,534,2020-11-29 02:00:00,75.0,106.0,28.0,66.0,34.3,31.3,65.6,55.7
511,535,2020-11-29 03:00:00,55.0,88.0,16.0,38.0,22.0,20.1,40.4,36.0
512,536,2020-11-29 04:00:00,64.0,99.0,21.0,36.0,29.1,26.4,56.9,47.3
513,537,2020-11-29 05:00:00,64.0,103.0,22.0,40.0,31.0,28.0,63.1,50.0
514,538,2020-11-29 07:00:00,77.0,118.0,24.0,57.0,34.9,31.4,79.7,59.1
515,539,2020-11-29 08:00:00,72.0,111.0,34.0,68.0,37.4,33.6,78.7,57.6
516,540,2020-11-29 09:00:00,52.0,85.0,27.0,64.0,27.8,25.2,46.3,38.2
517,541,2020-11-29 10:00:00,38.0,68.0,28.0,56.0,19.6,17.9,31.3,25.9
518,542,2020-11-29 11:00:00,38.0,56.0,23.0,51.0,19.7,17.9,30.9,25.8
519,543,2020-11-29 12:00:00,29.0,56.0,23.0,48.0,15.2,13.8,24.0,19.0
520,544,2020-11-29 13:00:00,29.0,56.0,15.0,39.0,15.1,13.6,23.0,18.4
521,546,2020-11-29 15:00:00,21.0,40.0,14.0,42.0,12.2,10.6,15.7,14.2
522,547,2020-11-29 16:00:00,28.0,60.0,19.0,58.0,14.7,13.3,30.2,19.6
523,548,2020-11-29 17:00:00,33.0,68.0,24.0,51.0,16.6,14.9,26.7,20.8
524,549,2020-11-29 18:00:00,36.0,76.0,23.0,59.0,17.6,15.9,36.5,22.6
525,550,2020-11-29 19:00:00,47.0,82.0,27.0,66.0,22.9,20.8,45.2,30.0
526,551,2020-11-29 20:00:00,54.0,91.0,38.0,100.0,23.7,21.2,54.5,38.3
527,552,2020-11-29 21:00:00,61.0,99.0,44.0,108.0,31.4,28.5,62.9,42.6
528,553,2020-11-29 22:00:00,53.0,92.0,40.0,93.0,28.2,25.4,52.2,38.2
529,554,2020-11-29 23:00:00,47.0,82.0,25.0,74.0,22.5,20.3,43.1,30.6
530,555,2020-11-30 00:00:00,45.0,82.0,30.0,63.0,22.8,19.5,40.4,30.0
531,556,2020-11-30 01:00:00,44.0,82.0,28.0,57.0,21.1,19.0,46.6,28.3
532,557,2020-11-30 03:00:00,40.0,80.0,27.0,53.0,19.1,16.9,31.7,24.3
533,558,2020-11-30 04:00:00,42.0,72.0,29.0,53.0,18.7,16.7,36.0,25.8
534,559,2020-11-30 06:00:00,42.0,80.0,20.0,58.0,18.9,16.8,34.7,26.4
535,560,2020-11-30 07:00:00,51.0,92.0,26.0,84.0,23.9,21.4,49.1,34.1
536,562,2020-11-30 09:00:00,51.0,91.0,33.0,73.0,31.7,28.5,61.9,41.4
537,563,2020-11-30 10:00:00,46.0,85.0,38.0,78.0,29.2,26.2,51.0,34.6
538,564,2020-11-30 12:00:00,47.0,84.0,34.0,84.0,26.8,24.1,42.4,32.7
539,565,2020-11-30 13:00:00,45.0,80.0,30.0,74.0,24.5,22.3,48.3,32.5
540,566,2020-11-30 14:00:00,47.0,83.0,30.0,79.0,26.4,23.7,44.3,35.4
541,567,2020-11-30 15:00:00,47.0,84.0,34.0,79.0,26.4,23.9,46.6,32.6
542,568,2020-11-30 16:00:00,46.0,84.0,37.0,82.0,26.3,23.6,50.3,32.2
543,569,2020-11-30 17:00:00,48.0,88.0,38.0,82.0,27.4,24.5,48.9,33.5
544,570,2020-11-30 18:00:00,49.0,87.0,29.0,80.0,27.4,24.7,55.0,36.1
545,571,2020-11-30 19:00:00,52.0,94.0,37.0,81.0,30.3,27.1,63.4,38.4
546,572,2020-11-30 20:00:00,77.0,133.0,85.0,173.0,57.3,46.2,146.6,69.8
547,573,2020-11-30 22:00:00,90.0,135.0,84.0,188.0,63.8,55.5,131.3,86.2
548,574,2020-11-30 23:00:00,84.0,127.0,86.0,184.0,56.6,50.4,120.7,75.8
549,575,2020-12-01 00:00:00,89.0,129.0,86.0,171.0,57.2,51.2,128.7,83.0
550,576,2020-12-01 01:00:00,89.0,125.0,79.0,153.0,59.2,53.6,116.4,81.6
551,577,2020-12-01 03:00:00,98.0,154.0,76.0,180.0,68.1,60.8,153.2,97.7
552,578,2020-12-01 04:00:00,108.0,179.0,87.0,182.0,84.4,75.3,177.4,116.2
553,579,2020-12-01 05:00:00,122.0,200.0,79.0,186.0,100.0,89.9,205.4,142.3
554,580,2020-12-01 06:00:00,129.0,209.0,80.0,168.0,104.6,94.6,203.1,149.5
555,581,2020-12-01 07:00:00,124.0,199.0,84.0,148.0,95.7,86.4,196.2,149.4
556,582,2020-12-01 08:00:00,106.0,159.0,86.0,158.0,80.9,72.7,166.0,117.5
557,583,2020-12-01 09:00:00,91.0,132.0,58.0,111.0,61.2,54.8,126.1,92.3
558,585,2020-12-01 11:00:00,59.0,97.0,37.0,79.0,36.1,32.8,71.0,50.0
559,586,2020-12-01 12:00:00,49.0,86.0,33.0,75.0,28.9,26.1,51.6,36.6
560,587,2020-12-01 13:00:00,38.0,74.0,26.0,84.0,23.2,20.8,41.1,27.3
561,588,2020-12-01 14:00:00,38.0,72.0,26.0,70.0,22.1,19.8,40.2,28.3
562,590,2020-12-01 17:00:00,38.0,80.0,29.0,75.0,24.3,21.8,51.0,31.5
563,591,2020-12-01 18:00:00,48.0,87.0,38.0,85.0,29.3,26.1,53.6,33.6
564,592,2020-12-01 19:00:00,58.0,97.0,49.0,110.0,36.6,32.9,66.3,47.1
565,593,2020-12-01 20:00:00,66.0,105.0,55.0,112.0,45.1,40.5,82.4,57.2
566,594,2020-12-01 21:00:00,70.0,110.0,54.0,112.0,45.9,41.3,97.7,60.8
567,595,2020-12-01 22:00:00,77.0,117.0,69.0,130.0,51.2,45.9,99.5,69.9
568,596,2020-12-01 23:00:00,89.0,129.0,79.0,150.0,62.2,55.8,120.6,81.9
569,597,2020-12-02 00:00:00,85.0,125.0,70.0,147.0,56.7,51.0,107.7,78.6
570,598,2020-12-02 01:00:00,96.0,142.0,83.0,149.0,69.6,62.6,136.6,98.5
571,599,2020-12-02 02:00:00,102.0,147.0,78.0,143.0,74.3,67.3,138.5,102.7
572,600,2020-12-02 03:00:00,97.0,133.0,66.0,113.0,66.7,60.2,127.4,96.5
573,601,2020-12-02 04:00:00,97.0,137.0,61.0,101.0,64.1,57.8,119.2,91.6
574,602,2020-12-02 05:00:00,105.0,150.0,59.0,107.0,70.1,63.3,137.2,104.4
575,603,2020-12-02 06:00:00,114.0,179.0,76.0,135.0,77.3,69.8,169.4,127.0
576,604,2020-12-02 07:00:00,135.0,222.0,79.0,156.0,112.4,101.5,221.2,164.6
577,605,2020-12-02 08:00:00,135.0,230.0,72.0,184.0,122.2,109.1,269.9,182.9
578,606,2020-12-02 09:00:00,59.0,103.0,79.0,186.0,38.7,34.7,74.9,49.0
579,607,2020-12-02 10:00:00,45.0,87.0,38.0,93.0,26.9,23.1,58.2,35.5
580,608,2020-12-02 11:00:00,36.0,82.0,35.0,83.0,22.5,20.1,37.3,25.9
581,609,2020-12-02 12:00:00,36.0,70.0,34.0,76.0,22.1,19.9,49.5,27.2
582,610,2020-12-02 13:00:00,35.0,76.0,31.0,77.0,19.9,18.0,33.9,24.1
583,611,2020-12-02 14:00:00,38.0,78.0,38.0,78.0,22.7,20.5,40.9,26.8
584,612,2020-12-02 15:00:00,36.0,72.0,48.0,84.0,22.2,20.1,34.2,26.2
585,613,2020-12-02 16:00:00,36.0,78.0,41.0,90.0,21.9,19.8,42.7,27.7
586,614,2020-12-02 17:00:00,40.0,84.0,44.0,108.0,25.7,22.1,54.9,29.7
587,615,2020-12-02 18:00:00,52.0,102.0,53.0,136.0,35.1,31.0,79.7,42.4
588,616,2020-12-02 19:00:00,61.0,112.0,75.0,173.0,46.7,39.1,97.5,51.8
589,617,2020-12-02 21:00:00,74.0,122.0,86.0,184.0,54.3,48.5,117.3,70.5
590,618,2020-12-02 22:00:00,78.0,125.0,77.0,187.0,57.4,51.5,116.1,77.3
591,619,2020-12-02 23:00:00,86.0,123.0,79.0,185.0,61.8,55.8,117.4,85.2
592,620,2020-12-03 00:00:00,71.0,110.0,84.0,150.0,45.8,41.4,86.7,63.3
593,621,2020-12-03 01:00:00,72.0,107.0,68.0,116.0,46.2,41.8,90.2,64.2
594,622,2020-12-03 02:00:00,84.0,120.0,74.0,121.0,51.5,46.7,94.9,77.1
595,623,2020-12-03 04:00:00,92.0,123.0,70.0,112.0,55.0,50.1,99.1,85.1
596,625,2020-12-03 07:00:00,109.0,151.0,77.0,130.0,71.1,64.7,139.1,114.7
597,626,2020-12-03 08:00:00,147.0,254.0,85.0,186.0,141.4,127.5,302.9,213.3
598,628,2020-12-03 11:00:00,62.0,103.0,64.0,133.0,41.9,37.7,86.3,55.0
599,629,2020-12-03 12:00:00,50.0,85.0,53.0,105.0,28.7,25.9,56.0,38.3
600,630,2020-12-03 13:00:00,44.0,78.0,29.0,90.0,23.7,21.6,44.2,31.1
601,631,2020-12-03 14:00:00,49.0,84.0,44.0,96.0,27.9,25.5,49.6,37.6
602,632,2020-12-03 15:00:00,31.0,54.0,36.0,75.0,17.0,15.2,29.3,20.3
603,633,2020-12-03 16:00:00,44.0,80.0,34.0,75.0,22.7,20.5,38.3,30.1
604,634,2020-12-03 17:00:00,40.0,78.0,43.0,66.0,21.6,19.4,36.2,26.5
605,636,2020-12-03 19:00:00,64.0,105.0,55.0,115.0,40.7,36.7,77.1,52.8
606,637,2020-12-03 20:00:00,83.0,118.0,72.0,159.0,55.9,50.4,108.3,77.2
607,638,2020-12-03 21:00:00,95.0,133.0,75.0,182.0,71.9,65.1,129.7,100.3
608,639,2020-12-03 22:00:00,99.0,137.0,73.0,152.0,74.8,67.7,132.5,100.8
609,640,2020-12-04 06:00:00,97.0,128.0,73.0,118.0,67.0,61.2,117.7,104.8
610,641,2020-12-04 07:00:00,105.0,140.0,77.0,132.0,77.4,70.5,139.9,119.9
611,642,2020-12-04 08:00:00,97.0,136.0,82.0,143.0,71.8,65.4,143.1,107.3
612,643,2020-12-04 09:00:00,89.0,138.0,84.0,179.0,65.1,58.5,137.9,91.0
613,644,2020-12-04 10:00:00,70.0,112.0,82.0,174.0,46.4,41.8,99.2,64.6
614,645,2020-12-04 11:00:00,54.0,93.0,57.0,115.0,32.9,29.6,62.6,43.3
615,646,2020-12-04 12:00:00,42.0,80.0,28.0,83.0,21.9,19.9,48.3,30.5
616,647,2020-12-04 13:00:00,40.0,82.0,30.0,71.0,21.8,19.9,37.2,28.0
617,648,2020-12-04 14:00:00,36.0,72.0,34.0,62.0,19.6,17.7,35.2,25.5
618,649,2020-12-04 15:00:00,33.0,54.0,25.0,60.0,16.5,14.9,31.0,21.0
619,650,2020-12-04 16:00:00,31.0,56.0,30.0,63.0,17.6,16.0,29.5,21.5
620,651,2020-12-04 17:00:00,33.0,62.0,21.0,61.0,18.9,17.1,34.6,22.2
621,653,2020-12-04 19:00:00,50.0,90.0,36.0,96.0,31.0,27.9,57.4,38.0
622,654,2020-12-04 20:00:00,61.0,103.0,51.0,115.0,40.3,35.9,77.5,51.7
623,656,2020-12-04 23:00:00,69.0,107.0,69.0,128.0,43.7,39.4,81.0,60.8
624,657,2020-12-05 00:00:00,71.0,114.0,60.0,130.0,44.3,39.7,89.8,61.1
625,658,2020-12-05 01:00:00,70.0,112.0,61.0,135.0,44.9,40.5,97.2,64.6
626,659,2020-12-05 02:00:00,75.0,108.0,61.0,109.0,45.7,41.3,81.0,64.4
627,660,2020-12-05 03:00:00,83.0,118.0,53.0,111.0,49.5,45.3,91.3,76.1
628,661,2020-12-05 04:00:00,90.0,122.0,59.0,110.0,54.1,49.3,111.9,91.4
629,662,2020-12-05 05:00:00,95.0,131.0,63.0,119.0,62.1,56.3,115.0,92.9
630,663,2020-12-05 06:00:00,95.0,127.0,57.0,95.0,59.8,54.6,107.6,96.1
631,664,2020-12-05 07:00:00,94.0,124.0,56.0,91.0,55.6,50.9,96.0,85.7
632,665,2020-12-05 08:00:00,91.0,128.0,66.0,126.0,61.8,56.0,112.3,89.4
633,666,2020-12-05 09:00:00,68.0,105.0,56.0,114.0,44.5,40.4,82.0,62.3
634,667,2020-12-05 10:00:00,46.0,82.0,43.0,96.0,27.0,24.4,45.6,34.4
635,668,2020-12-05 12:00:00,47.0,92.0,38.0,82.0,29.9,24.8,63.1,35.4
636,669,2020-12-05 13:00:00,36.0,68.0,33.0,74.0,22.4,20.2,37.6,26.9
637,670,2020-12-05 14:00:00,35.0,62.0,26.0,72.0,21.6,19.6,42.6,27.6
638,671,2020-12-05 15:00:00,31.0,64.0,31.0,74.0,19.1,16.9,37.4,22.9
639,673,2020-12-05 17:00:00,35.0,78.0,31.0,78.0,23.3,20.2,60.9,26.9
640,680,2020-12-07 12:00:00,38.0,62.0,33.0,84.0,19.7,18.0,35.1,28.0
