created_at,PM2.5,PM10,NO2,CO
01-12-2020 01:00,84.25,166.5,62.1,1.3
01-12-2020 02:00,77.5,147.75,52,1.14
01-12-2020 03:00,73.75,144,65.12,1.28
01-12-2020 04:00,78.75,180.5,63.98,1.35
01-12-2020 05:00,85,183,64.38,1.06
01-12-2020 06:00,79.25,181.5,56.62,0.84
01-12-2020 07:00,81,163,48.45,0.69
01-12-2020 08:00,84.5,150.5,46.72,0.68
01-12-2020 09:00,79,146.25,38.5,0.53
01-12-2020 10:00,56.75,112,37.5,0.47
01-12-2020 11:00,49,106,31.25,0.37
01-12-2020 12:00,36,78,30.55,0.31
01-12-2020 13:00,31.25,77.25,28.38,0.45
01-12-2020 14:00,26,80.5,27.43,0.38
01-12-2020 15:00,28.5,70.25,26.95,0.36
01-12-2020 16:00,34.25,70.75,26.55,0.33
01-12-2020 17:00,29,71.25,26.18,0.28
01-12-2020 18:00,31.25,77.5,31.67,0.37
01-12-2020 19:00,40.75,91.25,42.68,0.6
01-12-2020 20:00,50.5,110.5,48.6,0.79
01-12-2020 21:00,54.75,112,52.38,0.87
01-12-2020 22:00,57.75,116.5,57.42,1.04
01-12-2020 23:00,71.5,135,68.9,1.19
02-12-2020 00:00,76.75,149.25,68.45,1.15
02-12-2020 01:00,73.25,147.5,61.48,1.11
02-12-2020 02:00,81.75,147.5,55.73,0.94
02-12-2020 03:00,75,135.5,45.7,0.74
02-12-2020 04:00,64.75,110,40.95,0.64
02-12-2020 05:00,60.5,102.5,37.02,0.59
02-12-2020 06:00,63.25,114,39.85,0.76
02-12-2020 07:00,76.75,140.25,39.45,0.85
02-12-2020 08:00,77.25,163,51.98,1.17
02-12-2020 09:00,73.75,184.5,69.67,1.21
02-12-2020 10:00,68.75,162.75,42.58,0.65
02-12-2020 11:00,37.25,90.5,34.98,0.46
02-12-2020 12:00,34.75,81.25,32.2,0.34
02-12-2020 13:00,33.25,76.25,28.92,0.3
02-12-2020 14:00,32.75,77.25,31.05,0.27
02-12-2020 15:00,40.5,79.5,30.85,0.25
02-12-2020 16:00,46.25,85.5,29.5,0.25
02-12-2020 17:00,41.75,94.5,27.85,0.32
02-12-2020 18:00,46.25,115,34.98,0.43
02-12-2020 19:00,58.5,145.25,42.3,0.61
02-12-2020 20:00,77.5,173.75,44.97,0.71
02-12-2020 21:00,85.25,178,49.6,0.77
02-12-2020 22:00,83.75,184.75,49.4,0.72
02-12-2020 23:00,77.5,186.5,54.23,0.76
03-12-2020 00:00,80.25,176.25,49.85,0.58
03-12-2020 01:00,80,141.5,42.05,0.33
03-12-2020 02:00,69.5,117.25,39.8,0.32
03-12-2020 03:00,72.5,119.25,41.9,0.29
03-12-2020 04:00,68.5,113.5,38.5,0.3
03-12-2020 05:00,71,115,39.9,0.38
03-12-2020 06:00,74.5,124.25,39.52,0.4
03-12-2020 07:00,76.25,126.25,43,0.43
03-12-2020 08:00,79,144,65.32,0.84
03-12-2020 09:00,85.25,182,77.77,1.1
03-12-2020 10:00,85.25,174.5,58.15,0.96
03-12-2020 11:00,78.25,174.25,47.62,0.79
03-12-2020 12:00,61.25,126,46.2,0.69
03-12-2020 13:00,47,101.25,39.77,0.58
03-12-2020 14:00,32.75,91.5,30.88,0.52
03-12-2020 15:00,42,90.75,32.4,0.5
03-12-2020 16:00,35.5,75,30.2,0.45
03-12-2020 17:00,36.25,72.75,32.08,0.48
03-12-2020 18:00,41,69.75,41.3,0.67
03-12-2020 19:00,40,89.5,56.73,0.94
03-12-2020 20:00,59.25,126,80.58,1.5
03-12-2020 21:00,72.75,164.75,86.18,1.68
03-12-2020 22:00,74.5,174.5,68.6,1.4
03-12-2020 23:00,73,152,62.35,1.16
04-12-2020 06:00,73,118,41.8,0.5
04-12-2020 07:00,74,121.5,41.4,0.5
04-12-2020 08:00,78.25,134.75,44.3,0.58
04-12-2020 09:00,82.5,152,46.08,0.78
04-12-2020 10:00,83.5,177.75,45.67,0.73
04-12-2020 11:00,75.75,159.25,42.6,0.72
04-12-2020 12:00,49.75,107,39.55,0.57
04-12-2020 13:00,28.5,80,31.12,0.31
04-12-2020 14:00,31,68.75,32.52,0.27
04-12-2020 15:00,31.75,61.5,31.4,0.23
04-12-2020 16:00,26.25,60.75,31.07,0.2
04-12-2020 17:00,27.75,62.5,28.45,0.32
04-12-2020 18:00,22,65.5,34.6,0.44
04-12-2020 19:00,27.75,83.25,54.27,0.77
04-12-2020 20:00,39.75,100.75,62.45,0.99
04-12-2020 21:00,57,125.25,70.35,1.24
04-12-2020 22:00,76.75,156.25,70.03,1.29
04-12-2020 23:00,78.75,149.75,66.5,1.19
05-12-2020 00:00,66.75,128.5,65.1,1.03
05-12-2020 01:00,60.25,131.25,57.38,0.82
05-12-2020 02:00,61,128.5,43.02,0.61
05-12-2020 03:00,59,109.5,36.6,0.51
05-12-2020 04:00,54.5,110.75,37.35,0.46
05-12-2020 05:00,60,112.25,34.68,0.4
05-12-2020 06:00,61.5,113,34.33,0.36
05-12-2020 07:00,56.75,94,38.17,0.4
05-12-2020 08:00,58.5,99.75,40.48,0.53
05-12-2020 09:00,63.5,123,40.9,0.55
05-12-2020 10:00,52.75,109.5,28.95,0.48
05-12-2020 11:00,41.75,93.5,27.05,0.35
05-12-2020 12:00,38,85,26.9,0.31
05-12-2020 13:00,36.75,80,24.32,0.2
05-12-2020 14:00,31.25,73.5,23.98,0.18
05-12-2020 15:00,27.25,72.5,22.95,0.16
05-12-2020 16:00,29.5,72,24,0.15
05-12-2020 17:00,26.5,69,25.4,0.28
05-12-2020 18:00,32.5,85,35.08,0.48
05-12-2020 19:00,40.5,116.5,51.2,0.77
05-12-2020 20:00,55,152.75,59.15,1.07
05-12-2020 21:00,69.25,168.75,66.85,1.27
05-12-2020 22:00,76.75,173,66.65,1.31
05-12-2020 23:00,78,167.75,50.88,1.02
06-12-2020 00:00,71.25,155.5,44.98,0.78
06-12-2020 01:00,58,131.5,43.38,0.64
06-12-2020 02:00,50.75,107.25,41.08,0.57
06-12-2020 03:00,46,98,38.95,0.5
06-12-2020 04:00,41.75,84.5,32.92,0.43
06-12-2020 05:00,37.75,76.75,29.32,0.43
06-12-2020 06:00,39.25,69.75,29.75,0.4
06-12-2020 07:00,47.25,81,36.35,0.48
06-12-2020 08:00,51.5,93,36.33,0.56
06-12-2020 09:00,56,108.75,37.2,0.63
06-12-2020 10:00,63.25,125,31.93,0.68
06-12-2020 11:00,56.5,110,28.2,0.67
06-12-2020 12:00,50.5,97.25,25.55,0.59
06-12-2020 13:00,43.5,83.75,23.92,0.4
06-12-2020 14:00,35.5,76,22.32,0.33
06-12-2020 15:00,31,68.5,20.27,0.28
06-12-2020 16:00,22,55.5,20.52,0.23
06-12-2020 17:00,21.25,57.25,20.17,0.32
06-12-2020 18:00,22,61.25,28.95,0.5
06-12-2020 19:00,34.25,74.75,40.47,0.74
06-12-2020 20:00,45,91.25,54.75,0.98
06-12-2020 21:00,49.25,108,62.98,1.09
06-12-2020 22:00,55.25,115.75,72.3,1.36
06-12-2020 23:00,67.5,142.25,73.28,1.57
07-12-2020 00:00,82.25,169.25,57,1.19
07-12-2020 01:00,74,136.5,43.35,0.83
07-12-2020 02:00,62.5,119.5,35.08,0.65
07-12-2020 03:00,53.25,96,32.25,0.48
07-12-2020 04:00,47.5,83.25,30.33,0.47
07-12-2020 05:00,47,83.25,26.95,0.43
07-12-2020 06:00,50,90,27.07,0.46
07-12-2020 07:00,50.5,90.5,32.65,0.52
07-12-2020 08:00,53.5,96.25,35,0.63
07-12-2020 09:00,57.75,109.5,29.82,0.58
07-12-2020 10:00,53.5,102,22.82,0.48
07-12-2020 11:00,40.75,77.5,24.1,0.51
07-12-2020 12:00,33.75,84.75,22.7,0.58
07-12-2020 13:00,30.25,77.75,17.1,0.03
07-12-2020 14:00,23,60.5,18.27,0.2
07-12-2020 15:00,24,60.75,17.1,0.15
07-12-2020 16:00,16.75,49.25,0,0.15
07-12-2020 17:00,15.25,55.5,27.9,0.46
07-12-2020 18:00,23.5,72.25,37.85,0.64
07-12-2020 19:00,30.25,104,53.12,0.85
07-12-2020 20:00,41,119.25,64.12,1.03
07-12-2020 21:00,52.75,129.25,60.57,0.83
07-12-2020 22:00,52,128.25,54.67,0.81
07-12-2020 23:00,52.5,121,57.92,0.75
08-12-2020 00:00,58.5,119.25,63.7,0.83
08-12-2020 01:00,72.25,131.25,63.15,0.8
08-12-2020 02:00,73.5,130.25,68.3,0.81
08-12-2020 03:00,72.5,127.5,57.7,0.81
08-12-2020 04:00,63.75,107,52.8,0.79
08-12-2020 05:00,63.25,105.75,50.73,0.84
08-12-2020 06:00,70.25,108.5,45.75,0.69
08-12-2020 07:00,59.5,96.25,43.23,0.46
08-12-2020 08:00,53.25,85.25,43.02,0.5
08-12-2020 09:00,60.5,107.5,53.97,0.73
08-12-2020 10:00,64.75,138,48.3,0.65
08-12-2020 11:00,42.5,107,38.97,0.52
08-12-2020 12:00,30.25,75.75,39.2,0.4
08-12-2020 13:00,23.5,70.5,34.6,0.33
08-12-2020 14:00,16.75,62,35.1,0.26
08-12-2020 15:00,9.75,51,35.7,0.26
08-12-2020 16:00,11.75,53.25,35.5,0.26
08-12-2020 17:00,20.75,53.5,34.02,0.39
08-12-2020 18:00,24.25,61.25,38.65,0.44
08-12-2020 19:00,29.75,68.5,67.97,0.75
08-12-2020 20:00,35.25,92.25,105.9,1.03
08-12-2020 21:00,41.5,111,79.9,0.94
08-12-2020 22:00,59.75,135.75,76.4,1.17
08-12-2020 23:00,66.25,156.75,89.33,1.48
09-12-2020 00:00,71.5,160.75,97.17,1.47
09-12-2020 01:00,76.25,164.5,101.33,1.39
09-12-2020 02:00,73.5,158.5,94.92,1.16
09-12-2020 03:00,68.75,162.25,101.12,1.38
09-12-2020 04:00,84,182,94.25,1.31
09-12-2020 05:00,77.5,159.75,84.17,0.98
09-12-2020 06:00,72.5,134,70.82,0.76
09-12-2020 07:00,64,126,66.47,0.71
09-12-2020 08:00,69.5,136.5,66.03,0.72
09-12-2020 09:00,67,129.5,66.2,0.72
09-12-2020 10:00,59,115,59.35,0.61
09-12-2020 11:00,37,91,54.02,0.51
09-12-2020 12:00,25.5,81.75,44.5,1.68
09-12-2020 13:00,16,67.25,38.02,0.45
09-12-2020 14:00,23.75,73.25,29.8,0.35
09-12-2020 15:00,12.25,56.25,25.1,0.29
09-12-2020 16:00,15.75,64.75,25.25,0.29
09-12-2020 17:00,16.25,60.5,22.9,0.36
09-12-2020 18:00,23,65.75,39.67,0.44
09-12-2020 19:00,36,94.5,65.72,0.78
09-12-2020 20:00,47.25,116,77.03,0.9
09-12-2020 21:00,45,106.75,93.15,1.14
09-12-2020 22:00,49,124.5,112.5,1.76
09-12-2020 23:00,60.5,149.25,103.3,1.71
10-12-2020 00:00,57.75,135.75,83.35,1.39
10-12-2020 01:00,53.25,130.75,72,1.08
10-12-2020 02:00,53,137.75,77,0.94
10-12-2020 03:00,58.75,141.5,77.33,0.89
10-12-2020 04:00,59.75,143.25,81.82,1.12
10-12-2020 05:00,64.5,160,86.35,1.23
10-12-2020 06:00,61.25,145.5,75.35,0.97
10-12-2020 07:00,58,118.25,71.28,0.86
10-12-2020 08:00,61.25,112,64.9,0.74
10-12-2020 09:00,54.5,113,62.25,0.71
10-12-2020 10:00,57.75,124.25,59.7,0.68
10-12-2020 11:00,51.5,117.75,50.17,0.6
10-12-2020 12:00,42,104.5,51.1,0.62
10-12-2020 13:00,34.25,97,42.72,0.54
10-12-2020 14:00,29,78.5,42.88,0.41
10-12-2020 15:00,29.5,74.5,40.1,0.38
10-12-2020 16:00,30.75,68.75,38.92,0.37
10-12-2020 17:00,29.25,73.25,34.55,0.33
10-12-2020 18:00,28.5,74.5,41.75,0.39
10-12-2020 19:00,34,86.25,50.95,0.55
10-12-2020 20:00,38.75,94.75,67.33,0.82
10-12-2020 21:00,47,110.25,66.45,0.88
10-12-2020 22:00,56,116.5,66.95,0.96
10-12-2020 23:00,53.25,117.75,41.83,0.65
11-12-2020 00:00,44.5,93.75,36.65,0.49
11-12-2020 01:00,40.5,72.75,30.15,0.3
11-12-2020 02:00,33.75,59.5,28.73,0.31
11-12-2020 03:00,37.75,70,29.77,0.32
11-12-2020 04:00,42.5,79.5,31.73,0.33
11-12-2020 05:00,42,81,34.35,0.36
11-12-2020 06:00,45.75,79.75,32.17,0.36
11-12-2020 07:00,46,76,30.85,0.36
11-12-2020 08:00,43.5,78.75,34.38,0.41
11-12-2020 09:00,52.25,87,35.15,0.29
11-12-2020 10:00,51,93.25,37.68,0.35
11-12-2020 11:00,54.25,103.5,35.25,0.25
11-12-2020 12:00,25.25,75,34.95,0.2
11-12-2020 13:00,19.5,65.25,34.62,0.31
11-12-2020 14:00,25.75,62.25,35.73,0.26
11-12-2020 15:00,21.5,59.75,35.28,0.23
11-12-2020 16:00,21.75,61.5,36.25,0.29
11-12-2020 17:00,26.75,69.5,38.98,0.42
11-12-2020 18:00,27,76,42.42,0.48
11-12-2020 19:00,32.75,92.5,49.55,0.61
11-12-2020 20:00,42.75,100.75,63.97,0.84
11-12-2020 21:00,50,115.5,67.4,0.87
11-12-2020 22:00,55.75,124,55.75,0.89
11-12-2020 23:00,56.25,119,44.25,0.82
12-12-2020 00:00,62,129.5,64.38,0.92
12-12-2020 01:00,67.25,142.75,48.52,0.59
12-12-2020 02:00,61,110.5,38.67,0.45
12-12-2020 03:00,48.75,96.75,33.5,0.4
12-12-2020 04:00,47,91.5,31.52,0.33
12-12-2020 05:00,43.25,78.75,32.62,0.34
12-12-2020 06:00,40,78.25,29.1,0.29
12-12-2020 07:00,38.5,69.75,28.07,0.3
12-12-2020 08:00,44.25,72.75,31.32,0.34
12-12-2020 09:00,49.75,84,31.32,0.27
12-12-2020 10:00,54.25,88,32.7,0.28
12-12-2020 11:00,55.75,107.5,39.62,0.48
12-12-2020 12:00,60.5,120.5,37.6,0.36
12-12-2020 13:00,42,89.5,33.15,0.41
12-12-2020 14:00,44.75,83,33.33,0.33
12-12-2020 15:00,41.5,84,33.62,0.31
12-12-2020 16:00,35.75,80.5,35.8,0.36
12-12-2020 17:00,40.75,87.75,36.85,0.33
12-12-2020 18:00,43,90,38.62,0.37
12-12-2020 19:00,53,102.5,47.27,0.53
12-12-2020 20:00,57.5,114.5,56.08,0.69
12-12-2020 21:00,65.5,123.25,65.55,0.99
12-12-2020 22:00,77.5,137.5,56.27,0.96
12-12-2020 23:00,81.75,140,38.85,0.77
13-12-2020 00:00,79,133.25,35.55,0.66
13-12-2020 01:00,72.75,131,37.38,0.52
13-12-2020 02:00,71,127.5,33.12,0.5
13-12-2020 03:00,67.25,115.5,33.88,0.5
13-12-2020 04:00,66.75,112.5,34.55,0.47
13-12-2020 05:00,69.5,115.5,38.1,0.5
13-12-2020 06:00,64.5,110.25,38.08,0.48
13-12-2020 07:00,73.75,110.5,44.02,0.56
13-12-2020 08:00,77.25,116.25,39.23,0.63
13-12-2020 09:00,75.25,117.5,39.88,0.57
13-12-2020 10:00,82.75,134,34.92,0.5
13-12-2020 11:00,74,123.75,35.22,0.52
13-12-2020 12:00,63.75,114.25,32.9,0.44
13-12-2020 13:00,50.75,97.25,31.68,0.46
13-12-2020 14:00,49.25,96.5,32.58,0.4
13-12-2020 15:00,46.75,91,33.98,0.39
13-12-2020 16:00,46.75,87,33.95,0.42
13-12-2020 17:00,46.5,83.5,32.25,0.4
13-12-2020 18:00,40,82.75,36.17,0.45
13-12-2020 19:00,47.5,96.5,48.25,0.64
13-12-2020 20:00,63.5,133.5,61.83,0.91
13-12-2020 21:00,72.25,139.25,61.12,0.83
13-12-2020 22:00,74.25,132.5,56.3,0.75
13-12-2020 23:00,71.75,131,57.38,0.83
14-12-2020 00:00,76.75,137.75,53.17,0.77
14-12-2020 01:00,63.25,124.75,34.18,0.63
14-12-2020 02:00,50.75,102,31,0.56
14-12-2020 03:00,47,88.25,28.03,0.52
14-12-2020 04:00,46,83.25,28.3,0.48
14-12-2020 05:00,44,83.25,26.38,0.22
14-12-2020 06:00,47.75,82.75,27.12,0.24
14-12-2020 07:00,49.5,87.5,26.5,0.26
14-12-2020 08:00,49,86.75,28.5,0.3
14-12-2020 09:00,53.5,94.25,30.55,0.48
14-12-2020 10:00,59,111.25,32.3,0.53
14-12-2020 11:00,58.75,113.75,32.58,0.49
14-12-2020 12:00,49,108.75,32.4,0.45
14-12-2020 13:00,46,102.5,30.88,0.4
14-12-2020 14:00,34.5,89,30.65,0.33
14-12-2020 15:00,27.25,68.75,31.32,0.29
14-12-2020 16:00,29.5,63.25,31.23,0.3
14-12-2020 17:00,32.25,65.5,28.67,0.33
14-12-2020 18:00,30.75,73,43.8,0.51
14-12-2020 19:00,45.25,118,52.27,0.71
14-12-2020 20:00,55.5,137.5,48.55,0.77
14-12-2020 21:00,58.75,115,49.53,0.76
14-12-2020 22:00,62.75,115.5,44.35,0.71
14-12-2020 23:00,58,112.5,39.83,0.64
15-12-2020 00:00,54.5,97.5,42.55,0.58
15-12-2020 01:00,53,95.25,42.67,0.35
15-12-2020 12:00,32,96.25,29.3,0.34
15-12-2020 13:00,31.5,86.25,25.73,0.39
15-12-2020 14:00,30.5,78.75,26.78,0.34
15-12-2020 15:00,30.75,71.75,27.62,0.35
15-12-2020 16:00,27.25,75,28.02,0.34
15-12-2020 17:00,29,82.5,28.4,0.41
15-12-2020 18:00,32.5,74,34.58,0.51
15-12-2020 19:00,37.75,91.75,44.45,0.71
15-12-2020 20:00,50.75,104.25,51.9,0.89
15-12-2020 21:00,60.75,121.75,55.65,0.92
15-12-2020 22:00,78,137,58.25,1.02
15-12-2020 23:00,86.25,139.5,59.45,1.1
16-12-2020 00:00,82.5,142.25,67.35,1.13
16-12-2020 01:00,80.25,153.25,48.42,0.89
16-12-2020 02:00,84.25,148,37.27,0.77
16-12-2020 03:00,77.5,149.25,33.02,0.72
16-12-2020 04:00,80,151.5,32.85,0.7
16-12-2020 05:00,75.75,147.25,30.9,0.57
16-12-2020 06:00,79.25,147,28.85,0.57
16-12-2020 07:00,77,142.5,35.32,0.6
16-12-2020 08:00,82.5,135.75,31.5,0.61
16-12-2020 09:00,74,127.25,30.38,0.67
16-12-2020 10:00,76.5,120.25,32.15,0.64
16-12-2020 11:00,65.5,117,33.45,0.7
16-12-2020 12:00,64,121.75,35.6,0.69
16-12-2020 13:00,63.5,115.25,33.7,0.44
16-12-2020 14:00,61.5,105.25,33.2,0.36
16-12-2020 15:00,54,96.75,32.08,0.32
16-12-2020 16:00,36.5,86.25,31.65,0.31
16-12-2020 17:00,36.25,82,30.85,0.41
16-12-2020 18:00,34.25,79.25,34.6,0.44
16-12-2020 19:00,45.75,96.75,46.33,0.64
16-12-2020 20:00,53.75,124,57.83,0.84
16-12-2020 21:00,60.25,130.25,64.62,0.92
16-12-2020 22:00,54.75,112.25,63.85,0.9
16-12-2020 23:00,56.25,111.25,66.12,1
17-12-2020 00:00,62,113.75,66.77,0.87
17-12-2020 01:00,57.5,107.25,62.17,0.64
17-12-2020 02:00,53,100.25,57.25,0.54
17-12-2020 03:00,54.25,108.25,62.95,0.51
17-12-2020 04:00,55.5,118,52.05,0.47
17-12-2020 05:00,50.75,108.25,44.22,0.48
17-12-2020 06:00,59.25,106.25,37.2,0.46
17-12-2020 07:00,60.25,105.5,38.88,0.49
17-12-2020 08:00,61,104.5,52.33,0.72
17-12-2020 09:00,61.5,116,43.62,0.61
17-12-2020 10:00,62.75,119,39.92,0.61
17-12-2020 11:00,60,116.25,39.58,0.62
17-12-2020 12:00,49,108,36.55,0.47
17-12-2020 13:00,35.75,88,31.1,0.52
17-12-2020 14:00,41.5,87.75,33.38,0.47
17-12-2020 15:00,43,84.75,31.05,0.47
17-12-2020 16:00,42,78.75,30.83,0.44
17-12-2020 17:00,37.5,78.5,31.75,0.36
17-12-2020 18:00,34.5,69,35.25,0.44
17-12-2020 19:00,40.25,72.25,63.2,0.86
17-12-2020 20:00,48.5,111.75,98.03,1.66
17-12-2020 21:00,62,146,93.95,1.54
17-12-2020 22:00,65.75,151.75,99.25,1.8
17-12-2020 23:00,79.25,177.25,89.3,1.57
18-12-2020 00:00,83.25,174.5,84.82,1.32
18-12-2020 01:00,75.5,163,60.47,0.93
18-12-2020 02:00,76.75,131,46.73,0.74
18-12-2020 03:00,77.75,128.5,49.3,0.67
18-12-2020 04:00,81.75,139,47.47,0.64
18-12-2020 05:00,75.75,134.5,42.75,0.58
18-12-2020 06:00,70.75,118.25,37.9,0.54
18-12-2020 07:00,77.25,113.75,37.35,0.57
18-12-2020 08:00,80.75,128.25,41.92,0.71
18-12-2020 09:00,78.5,143,46.2,0.84
18-12-2020 10:00,75.25,159.25,46.05,0.81
18-12-2020 11:00,77.75,156.5,42.85,0.72
18-12-2020 12:00,70.5,129.25,42,0.61
18-12-2020 13:00,57.25,101.5,34.17,0.46
18-12-2020 14:00,47,84,35.27,0.37
18-12-2020 15:00,42.5,77.75,33.35,0.39
18-12-2020 16:00,48,96.5,33.12,0.34
18-12-2020 17:00,51.75,102,33.85,0.35
18-12-2020 18:00,54.5,103.5,41.1,0.48
18-12-2020 19:00,60.5,115.5,56.08,0.77
18-12-2020 20:00,76.5,166.25,69.05,1.01
18-12-2020 21:00,82.75,172.5,55.1,0.94
18-12-2020 22:00,78.5,181.75,52.35,0.96
18-12-2020 23:00,77.25,179,42.9,0.77
19-12-2020 00:00,78.5,153.75,38.58,0.7
19-12-2020 01:00,80.5,153.5,44.55,0.52
19-12-2020 02:00,81,168.25,52.23,0.54
19-12-2020 03:00,78,182.5,51.68,0.51
19-12-2020 04:00,79,181.25,44.47,0.43
19-12-2020 05:00,81.5,157,35.52,0.42
19-12-2020 06:00,77.5,132.5,35.83,0.38
19-12-2020 07:00,70,121.5,35.25,0.41
19-12-2020 08:00,71.25,121.75,39,0.49
19-12-2020 09:00,77.25,136,42.55,0.7
19-12-2020 10:00,81,155.5,42.2,0.66
19-12-2020 11:00,68,124.25,35.2,0.54
19-12-2020 12:00,54.75,98,36,0.51
19-12-2020 13:00,51.25,98.75,35.77,0.45
19-12-2020 14:00,50.5,101,34.83,0.41
19-12-2020 15:00,45,98,33.2,0.35
19-12-2020 16:00,43.25,90.5,31.5,0.34
19-12-2020 17:00,48,96,31.98,0.38
19-12-2020 18:00,52.25,101.5,37.92,0.49
19-12-2020 19:00,60.25,118.5,57.32,0.75
19-12-2020 20:00,73.5,153.5,72.22,1.08
19-12-2020 21:00,77,172.5,56.67,0.86
19-12-2020 22:00,80.5,165.75,43.02,0.67
19-12-2020 23:00,75.5,153,44.67,0.66
20-12-2020 00:00,83.5,160.5,43.1,0.56
20-12-2020 01:00,83.75,152.5,42.5,0.45
20-12-2020 02:00,77.75,141,42.67,0.4
20-12-2020 03:00,70.25,136.5,40.6,0.36
20-12-2020 04:00,66.75,125.5,33.78,0.38
20-12-2020 05:00,63.75,108.75,35.42,0.44
20-12-2020 06:00,64.5,114.25,35.6,0.49
20-12-2020 07:00,59.75,108.5,37.08,0.49
20-12-2020 08:00,57.5,116.25,35.08,0.49
20-12-2020 09:00,54.5,120.5,38.2,0.39
20-12-2020 10:00,57.75,128.75,37.1,0.38
20-12-2020 11:00,52.75,111,33.47,0.39
20-12-2020 12:00,47.5,79.25,37,0.38
20-12-2020 13:00,41.75,84.75,32.85,0.45
20-12-2020 14:00,38.75,88.75,32.2,0.38
20-12-2020 15:00,42.25,86.25,33.15,0.38
20-12-2020 16:00,44,88.5,30.72,0.35
20-12-2020 17:00,37.5,83.25,30.55,0.3
20-12-2020 18:00,36.5,82,31.65,0.35
20-12-2020 19:00,39.75,91,42.52,0.5
20-12-2020 20:00,52.25,120.75,55.42,0.75
20-12-2020 21:00,73.5,151.5,52.05,0.84
20-12-2020 22:00,72,141,50.98,0.85
20-12-2020 23:00,71.25,146.75,48.4,0.74
21-12-2020 00:00,65.75,129.5,37.95,0.57
21-12-2020 01:00,56,108,35.58,0.47
21-12-2020 02:00,57.5,112,35.1,0.41
21-12-2020 03:00,59.25,110.75,38.42,0.33
21-12-2020 04:00,46.75,93.75,31,0.29
21-12-2020 05:00,33.25,78.5,27.9,0.28
21-12-2020 06:00,30.25,70.5,27.77,0.31
21-12-2020 07:00,28.25,74,30.67,0.36
21-12-2020 08:00,37,97.25,39.97,0.51
21-12-2020 09:00,60.25,131.25,45.98,0.61
21-12-2020 10:00,54.25,148,42.2,0.56
21-12-2020 11:00,40,107,40.12,0.51
21-12-2020 12:00,31.25,83.25,39.35,0.48
21-12-2020 13:00,31.75,84.75,35.55,0.31
21-12-2020 14:00,30.25,85.5,36,0.27
21-12-2020 15:00,25.75,79.25,33.12,0.21
21-12-2020 16:00,22.5,75.5,30.65,0.2
21-12-2020 17:00,32.25,78,32.1,0.45
21-12-2020 18:00,30.75,77.25,38.88,0.54
21-12-2020 19:00,35.5,99,55.83,0.79
21-12-2020 20:00,51.75,134.75,95.32,1.31
21-12-2020 21:00,77.5,188,85.8,1.1
21-12-2020 22:00,78.25,177.75,73.03,0.96
21-12-2020 23:00,82.75,150,68.85,0.84
22-12-2020 00:00,75.75,156.5,73.08,0.81
22-12-2020 12:00,25.5,83.75,41.3,0.45
22-12-2020 13:00,27.25,82,42.25,0.33
22-12-2020 14:00,27.75,88.25,41.38,0.3
22-12-2020 15:00,28.25,87.25,38.58,0.29
22-12-2020 16:00,30.5,82,35.58,0.26
22-12-2020 17:00,25.25,80,33.35,0.36
22-12-2020 18:00,25.5,79.75,43.28,0.5
22-12-2020 19:00,37.25,99.75,55.22,0.7
22-12-2020 20:00,55.75,125.25,79.75,1.16
22-12-2020 21:00,75.75,178,103.12,1.34
22-12-2020 22:00,84.75,180,82.38,1.2
22-12-2020 23:00,84,175.75,86.85,1.35
23-12-2020 00:00,76.5,171.75,104.85,1.54
23-12-2020 01:00,79.75,174,113.5,1.59
23-12-2020 02:00,77.75,182,95.75,1.35
23-12-2020 03:00,81,165.75,69.18,1.04
23-12-2020 04:00,76.75,137.25,81.2,1.07
23-12-2020 05:00,82.5,173.25,74.95,0.97
23-12-2020 06:00,84,179.5,79.55,0.97
23-12-2020 07:00,81,179.25,78.97,0.97
23-12-2020 08:00,75.5,181,78.75,1.07
23-12-2020 09:00,85,177.25,68.55,0.88
23-12-2020 10:00,78.75,169.25,51.12,0.63
23-12-2020 11:00,70.25,129.5,53.15,0.75
23-12-2020 12:00,70.5,136,52.7,0.65
23-12-2020 13:00,59.75,117,49.15,0.52
23-12-2020 14:00,57.5,127.75,48.83,0.49
23-12-2020 15:00,53.25,138.5,47.65,0.44
23-12-2020 16:00,53.25,127.75,47.27,0.44
23-12-2020 17:00,51,122.5,40.8,0.52
23-12-2020 18:00,51.5,112.5,44.03,0.59
23-12-2020 19:00,57.25,132.75,57.15,0.84
23-12-2020 20:00,68,155.25,59.85,0.92
23-12-2020 21:00,63,132,55.35,0.76
23-12-2020 22:00,67.5,125.75,48.88,0.75
23-12-2020 23:00,73.5,137,52.58,0.78
24-12-2020 00:00,76.25,145.75,61.48,0.75
24-12-2020 01:00,70.25,142.5,51.2,0.76
24-12-2020 02:00,68.25,134.25,43.52,0.65
24-12-2020 03:00,70.25,129.75,34.88,0.56
24-12-2020 04:00,73,121.5,32.75,0.54
24-12-2020 05:00,73.5,118.25,32.6,0.49
24-12-2020 06:00,82.5,122.5,33.25,0.54
24-12-2020 07:00,77.25,127.25,37.5,0.56
24-12-2020 08:00,77.25,137.5,45.88,0.66
24-12-2020 09:00,81.25,141.25,50.77,0.65
24-12-2020 10:00,74.75,148.5,45.27,0.61
24-12-2020 11:00,81,149.5,45.15,0.7
24-12-2020 12:00,84.25,152.5,49,0.7
24-12-2020 13:00,85.25,166,44.17,0.65
24-12-2020 14:00,82,158.75,44.35,0.56
24-12-2020 15:00,69.25,133.75,42.15,0.51
24-12-2020 16:00,61.75,117.5,40.2,0.41
24-12-2020 17:00,47,96.25,39.55,0.42
24-12-2020 18:00,47.25,91.75,42.4,0.42
24-12-2020 19:00,42.5,106.5,60.12,0.69
24-12-2020 20:00,59,151.25,85.15,1.11
24-12-2020 21:00,77.75,170,82.32,1.1
24-12-2020 22:00,79.5,159,69,0.97
24-12-2020 23:00,78.5,151.5,59.92,0.87
25-12-2020 00:00,79.25,145,50.2,0.83
25-12-2020 01:00,77.75,137.5,44.3,0.78
25-12-2020 02:00,79.25,133.75,41.65,0.69
25-12-2020 03:00,78.75,137,38.35,0.61
25-12-2020 04:00,83.75,147.75,50.53,0.68
25-12-2020 05:00,82.25,173.25,61.67,0.72
25-12-2020 06:00,81,179.25,69.17,0.71
25-12-2020 07:00,83.5,175.25,69.25,0.78
25-12-2020 08:00,80.5,169.5,59.8,0.8
25-12-2020 09:00,76.5,167.5,50.03,0.73
25-12-2020 10:00,80.25,167,42.45,0.65
25-12-2020 11:00,86.75,169.75,43.67,0.72
25-12-2020 12:00,86,166.25,46.55,0.71
25-12-2020 13:00,82.75,156.5,42.42,0.66
25-12-2020 14:00,75.25,152.5,40.67,0.62
25-12-2020 15:00,79.75,145.5,40.52,0.55
25-12-2020 16:00,72,121,36.5,0.49
25-12-2020 17:00,70.75,126.25,36.22,0.42
25-12-2020 18:00,75.5,134.25,41.47,0.51
25-12-2020 19:00,76.5,138,47.3,0.64
25-12-2020 20:00,84.5,142.5,57.8,0.82
25-12-2020 21:00,83,158.25,63.5,1.01
25-12-2020 22:00,76,165.75,64.9,1.08
25-12-2020 23:00,80.25,169.5,58.98,1.03
26-12-2020 00:00,75.5,176.5,62.95,1.1
26-12-2020 01:00,78.75,184.5,68.4,1.15
26-12-2020 02:00,81.75,186.5,58.85,1.11
26-12-2020 03:00,76,185.75,68.33,1.12
26-12-2020 04:00,80.75,179.5,64.03,1.03
26-12-2020 05:00,84.5,181.75,60.67,0.91
26-12-2020 06:00,79.5,184.5,67.12,1.02
26-12-2020 07:00,78.5,182,59.77,1.07
26-12-2020 08:00,80.5,172,60.9,1.25
26-12-2020 09:00,81,176.5,81.85,1.52
26-12-2020 10:00,77.75,176,60.9,0.93
26-12-2020 11:00,79.25,185.75,52.65,0.69
26-12-2020 12:00,82.5,176.25,51.35,0.61
26-12-2020 13:00,72.5,169.75,47,0.71
26-12-2020 14:00,76.5,173.25,46.15,0.62
26-12-2020 15:00,84.5,165.5,43.38,0.55
26-12-2020 16:00,82.25,152.75,41.35,0.47
26-12-2020 17:00,73.5,141,42.45,0.53
26-12-2020 18:00,79,154.75,48.85,0.64
26-12-2020 19:00,75.5,161.5,61.12,0.83
26-12-2020 20:00,82.5,170.75,71.47,1.04
26-12-2020 21:00,79,182.25,79.85,1.17
26-12-2020 22:00,75.5,176.5,89.3,1.39
26-12-2020 23:00,81,181,102.45,1.65
27-12-2020 00:00,74.25,171.75,71.45,1.44
27-12-2020 01:00,74,170.75,64.7,1.22
27-12-2020 02:00,79.75,170,64.4,1.14
27-12-2020 03:00,80,171.75,66.75,1.1
27-12-2020 04:00,82.5,176.75,72,1.31
27-12-2020 05:00,82,176,72.55,1.58
27-12-2020 06:00,82.25,178.5,72.78,1.49
27-12-2020 07:00,74.25,184.75,63.38,1.53
27-12-2020 08:00,77.25,181.25,59.55,1.26
27-12-2020 09:00,83,183.5,69.45,1.14
27-12-2020 10:00,79,186.25,61.42,0.86
27-12-2020 11:00,77.25,181.75,51.88,0.64
27-12-2020 12:00,80,180.75,54.45,0.64
27-12-2020 13:00,79.25,170,44.68,0.61
27-12-2020 14:00,76.5,155.25,41.95,0.38
27-12-2020 15:00,47,114.25,38.68,0.27
27-12-2020 16:00,44,97,36.8,0.21
27-12-2020 17:00,47.5,104.25,35,0.29
27-12-2020 18:00,59.75,140.25,42.35,0.35
27-12-2020 19:00,67,182.75,51,0.58
27-12-2020 20:00,75.75,181,73.85,0.94
27-12-2020 21:00,84.25,179.5,78.28,1
27-12-2020 22:00,83.75,182.75,77.1,1.09
27-12-2020 23:00,81.75,174.5,73.55,1.08
28-12-2020 00:00,84.25,155.5,62.62,0.9
28-12-2020 01:00,78,142,64.25,0.94
28-12-2020 02:00,82.75,155.5,54.3,0.88
28-12-2020 03:00,79.75,168.25,53.85,0.85
28-12-2020 04:00,80,163.75,47.4,0.8
28-12-2020 05:00,75.75,156.75,44.42,0.74
28-12-2020 06:00,78.75,161.5,44.4,0.77
28-12-2020 07:00,75,177.25,54.77,1.02
28-12-2020 08:00,84,175.25,54.95,1.15
28-12-2020 09:00,82.25,177.75,50.85,1.07
28-12-2020 10:00,78.75,181,40.23,0.82
28-12-2020 11:00,81.5,174.75,42.48,0.77
28-12-2020 12:00,73.5,173,47.35,0.87
28-12-2020 13:00,69.5,158.75,44.3,0.74
28-12-2020 14:00,60.75,122.5,30.33,0.54
28-12-2020 15:00,56.75,116.75,37.17,0.51
28-12-2020 16:00,57.5,122.5,38.6,0.5
28-12-2020 17:00,63,127.5,40.12,0.54
28-12-2020 18:00,67.25,141.25,48.4,0.66
28-12-2020 19:00,74,157,68.05,0.97
28-12-2020 20:00,83.25,176.75,81.22,1.3
28-12-2020 21:00,84.25,180,73.85,1.15
28-12-2020 22:00,81.75,174,67.75,1.05
28-12-2020 23:00,75,174.75,69.38,1.1
29-12-2020 00:00,83,177,67,1.1
29-12-2020 01:00,79.25,175.75,65.5,1.08
29-12-2020 02:00,79.5,172.75,59.58,1.04
29-12-2020 03:00,85.5,172.75,43.97,0.77
29-12-2020 04:00,81.5,164.75,38.1,0.65
29-12-2020 05:00,80.75,160.5,37.83,0.6
29-12-2020 06:00,73.75,157.75,30.52,0.58
29-12-2020 07:00,75.25,156,31.65,0.6
29-12-2020 08:00,80.75,162.75,35.77,0.68
29-12-2020 09:00,76.5,170.25,36.57,0.81
29-12-2020 10:00,74.25,183.5,41.33,0.83
29-12-2020 11:00,73.25,174.25,41.77,0.79
29-12-2020 12:00,76.25,159,41.95,0.68
29-12-2020 13:00,74.25,133.5,41.17,0.59
29-12-2020 14:00,74,145.75,40.83,0.54
29-12-2020 15:00,69.75,139.75,40.05,0.51
29-12-2020 16:00,68.75,133.75,40.83,0.51
29-12-2020 17:00,77,137,43.35,0.56
29-12-2020 18:00,77.5,142.25,47.27,0.67
29-12-2020 19:00,81,156.75,51.75,0.76
29-12-2020 20:00,83.5,175.5,50.83,0.83
29-12-2020 21:00,75.5,162.5,48.05,0.8
29-12-2020 22:00,82.5,164.5,46.52,0.81
29-12-2020 23:00,79.75,162.25,41.92,0.72
30-12-2020 00:00,78,152.25,41.35,0.68
30-12-2020 08:00,77.5,150,29.6,0.77
30-12-2020 09:00,80.5,161.25,35.45,0.69
30-12-2020 10:00,81.75,166.25,32.6,0.66
30-12-2020 11:00,82.25,162.25,33.9,0.63
30-12-2020 12:00,83.5,166,36.75,0.64
30-12-2020 13:00,78.75,163.75,37.5,0.61
30-12-2020 14:00,85,150.75,35.25,0.5
30-12-2020 15:00,77.25,133.25,34.72,0.48
30-12-2020 16:00,72,136.5,33.35,0.48
30-12-2020 17:00,72,134.75,34.38,0.58
30-12-2020 18:00,75.25,137,36.23,0.61
30-12-2020 19:00,85.25,154.5,46.8,0.77
30-12-2020 20:00,85.75,177,47.85,0.82
30-12-2020 21:00,82.5,170,44.88,0.68
30-12-2020 22:00,77.5,175,44.23,0.69
30-12-2020 23:00,83.5,170.5,44.85,0.71
31-12-2020 00:00,81,161,42.65,0.59
31-12-2020 01:00,84.75,147.75,42.38,0.62
31-12-2020 02:00,77.25,156,43.52,0.64
31-12-2020 03:00,76.25,161,36.2,0.57
31-12-2020 04:00,80,151.75,32.08,0.57
31-12-2020 05:00,78.75,157.25,31.52,0.43
31-12-2020 06:00,77.5,145.5,29.4,0.41
31-12-2020 07:00,83.25,133.25,31.42,0.4
31-12-2020 08:00,78.75,127.75,32.88,0.43
31-12-2020 09:00,81.5,131.25,31.85,0.5
31-12-2020 10:00,80.25,145.25,30.95,0.47
31-12-2020 11:00,75.75,150,35.62,0.59
31-12-2020 12:00,84.75,151.5,36.55,0.53
31-12-2020 13:00,76.5,155.5,34.3,0.55
31-12-2020 14:00,72,172,33.3,0.5
31-12-2020 15:00,74,144.5,33,0.51
31-12-2020 16:00,79.5,143.5,33.45,0.49
31-12-2020 17:00,76.75,146.25,34.75,0.54
31-12-2020 18:00,75.5,149.75,37.2,0.6
31-12-2020 19:00,81.75,152,43.55,0.76
31-12-2020 20:00,79,166.75,53.05,0.93
31-12-2020 21:00,83.25,181,53.38,1
31-12-2020 22:00,86.5,172.25,57.05,1.05
31-12-2020 23:00,85.25,173.75,54.17,1.05
01-01-2021 00:00,86,176,52.22,1.12
,,,,
,,,,
,,,,
,,,,
,,,,
,,,,
,,,,
,,,,
,,,,
,,,,
,,,,
,,,,
,,,,
,,,,
,,,,
,,,,
,,,,
,,,,
,,,,
,,,,
,,,,
,,,,
,,,,
,,,,
,,,,
,,,,
,,,,
,,,,
,,,,
,,,,
,,,,
,,,,
,,,,
,,,,
,,,,
