created_at,PM10,PM2.5,RH,Temp
01-11-2020 00:00,172,73,61,29.4
01-11-2020 00:15,172,73,62,29.4
01-11-2020 00:30,172,73,63,29.4
01-11-2020 00:45,158,80,64,29.4
01-11-2020 01:00,158,80,63,29.4
01-11-2020 01:15,158,80,66,29.4
01-11-2020 01:30,158,80,66,29.4
01-11-2020 01:45,132,67,65,29.5
01-11-2020 02:00,132,67,66,29.4
01-11-2020 02:15,132,67,67,29.4
01-11-2020 02:30,132,67,68,29.4
01-11-2020 02:45,133,69,69,29.7
01-11-2020 03:00,133,69,67,30
01-11-2020 03:15,133,69,66,30
01-11-2020 03:30,133,69,68,29.7
01-11-2020 03:45,152,71,71,29.5
01-11-2020 04:00,152,71,72,29.4
01-11-2020 04:15,152,71,73,29.3
01-11-2020 04:30,152,71,74,29.4
01-11-2020 04:45,133,75,70,29.4
01-11-2020 05:00,133,75,71,29.3
01-11-2020 05:15,133,75,72,29.3
01-11-2020 05:30,133,75,74,29.3
01-11-2020 05:45,175,75,75,29.3
01-11-2020 06:00,175,75,76,29.3
01-11-2020 06:15,175,75,75,29.3
01-11-2020 06:30,175,75,71,29.3
01-11-2020 06:45,182,84,70,29.3
01-11-2020 07:00,182,84,68,29.3
01-11-2020 07:15,182,84,63,29.2
01-11-2020 07:30,182,84,62,29.2
01-11-2020 07:45,187,87,61,29.3
01-11-2020 08:00,187,87,59,29.2
01-11-2020 08:15,187,87,58,29.2
01-11-2020 08:30,187,87,56,29.3
01-11-2020 08:45,177,72,55,29.3
01-11-2020 09:00,177,72,55,29.3
01-11-2020 09:15,177,72,53,29.4
01-11-2020 09:30,177,72,50,29.4
01-11-2020 09:45,181,72,49,29.7
01-11-2020 10:00,181,72,49,30
01-11-2020 10:15,181,72,49,30.1
01-11-2020 10:30,181,72,49,29.8
01-11-2020 10:45,146,63,49,29.9
01-11-2020 11:00,146,63,48,30.1
01-11-2020 11:15,146,63,48,30.2
01-11-2020 11:30,146,63,46,29.9
01-11-2020 11:45,133,59,46,29.8
01-11-2020 12:00,133,59,46,30.1
01-11-2020 12:15,133,59,45,30.2
01-11-2020 12:30,133,59,45,29.8
01-11-2020 12:45,111,49,45,29.7
01-11-2020 13:00,111,49,45,29.6
01-11-2020 13:15,111,49,44,29.6
01-11-2020 13:30,111,49,44,29.6
01-11-2020 13:45,133,59,44,29.7
01-11-2020 14:00,133,59,44,29.7
01-11-2020 14:15,133,59,44,29.7
01-11-2020 14:30,133,59,44,29.7
01-11-2020 14:45,123,53,45,29.6
01-11-2020 15:00,123,53,45,29.6
01-11-2020 15:15,123,53,45,29.7
01-11-2020 15:30,123,53,44,29.7
01-11-2020 15:45,123,57,45,29.7
01-11-2020 16:00,123,57,46,29.6
01-11-2020 16:15,123,57,46,29.7
01-11-2020 16:30,123,57,45,29.7
01-11-2020 16:45,133,59,46,29.7
01-11-2020 17:00,133,59,46,29.6
01-11-2020 17:15,133,59,47,29.6
01-11-2020 17:30,133,59,48,29.7
01-11-2020 17:45,152,66,49,29.6
01-11-2020 18:00,152,66,50,29.5
01-11-2020 18:15,152,66,50,29.5
01-11-2020 18:30,152,66,50,29.5
01-11-2020 18:45,166,71,50,29.4
01-11-2020 19:00,166,71,50,29.4
01-11-2020 19:15,166,71,51,29.5
01-11-2020 19:30,166,71,52,29.4
01-11-2020 19:45,172,82,53,29.4
01-11-2020 20:00,172,82,54,29.4
01-11-2020 20:15,172,82,54,29.4
01-11-2020 20:30,172,82,54,29.4
01-11-2020 20:45,175,74,54,29.4
01-11-2020 21:00,175,74,55,29.4
01-11-2020 21:15,175,74,55,29.4
01-11-2020 21:30,175,74,55,29.3
01-11-2020 21:45,187,76,56,29.3
01-11-2020 22:00,187,76,56,29.2
01-11-2020 22:15,187,76,57,29.3
01-11-2020 22:30,187,76,58,29.3
01-11-2020 22:45,180,84,58,29.4
01-11-2020 23:00,180,84,59,29.3
01-11-2020 23:15,180,84,59,29.4
01-11-2020 23:30,180,84,58,29.4
01-11-2020 23:45,169,83,59,29.4
02-11-2020 00:00,169,83,60,29.4
02-11-2020 00:15,169,83,60,29.4
02-11-2020 00:30,169,83,62,29.3
02-11-2020 00:45,154,74,64,29.4
02-11-2020 01:00,154,74,66,29.3
02-11-2020 01:15,154,74,68,29.3
02-11-2020 01:30,154,74,71,29.3
02-11-2020 01:45,153,80,72,29.4
02-11-2020 02:00,153,80,70,29.4
02-11-2020 02:15,153,80,67,29.3
02-11-2020 02:30,153,80,69,29.3
02-11-2020 02:45,184,87,72,29.5
02-11-2020 03:00,184,87,72,29.9
02-11-2020 03:15,184,87,74,29.9
02-11-2020 03:30,184,87,76,29.6
02-11-2020 03:45,175,80,78,29.5
02-11-2020 04:00,175,80,80,29.4
02-11-2020 04:15,175,80,80,29.4
02-11-2020 04:30,175,80,81,29.4
02-11-2020 04:45,172,86,81,29.4
02-11-2020 05:00,172,86,82,29.3
02-11-2020 05:15,172,86,83,29.3
02-11-2020 05:30,172,86,83,29.3
02-11-2020 05:45,188,81,83,29.3
02-11-2020 06:00,188,81,82,29.3
02-11-2020 06:15,188,81,82,29.3
02-11-2020 06:30,188,81,81,29.3
02-11-2020 06:45,173,74,80,29.3
02-11-2020 07:00,173,74,78,29.3
02-11-2020 07:15,173,74,75,29.3
02-11-2020 07:30,173,74,73,29.3
02-11-2020 07:45,187,79,71,29.4
02-11-2020 08:00,187,79,68,29.3
02-11-2020 08:15,187,79,64,29.3
02-11-2020 08:30,187,79,62,29.3
02-11-2020 08:45,177,72,60,29.4
02-11-2020 09:00,177,72,59,29.4
02-11-2020 09:15,177,72,56,29.5
02-11-2020 09:30,177,72,54,29.5
02-11-2020 09:45,187,79,52,29.6
02-11-2020 10:00,187,79,51,30
02-11-2020 10:15,187,79,50,30.1
02-11-2020 10:30,187,79,50,29.7
02-11-2020 10:45,180,74,50,29.8
02-11-2020 11:00,180,74,48,30.2
02-11-2020 11:15,180,74,48,30.3
02-11-2020 11:30,180,74,48,30
02-11-2020 11:45,155,69,46,30
02-11-2020 12:00,155,69,46,30.2
02-11-2020 12:15,155,69,46,30.2
02-11-2020 12:30,155,69,45,30
02-11-2020 12:45,134,72,45,29.9
02-11-2020 13:00,134,72,45,29.8
02-11-2020 13:15,134,72,44,29.8
02-11-2020 13:30,134,72,43,29.8
02-11-2020 13:45,106,55,45,29.8
02-11-2020 14:00,106,55,45,29.8
02-11-2020 14:15,106,55,44,29.8
02-11-2020 14:30,106,55,45,29.9
02-11-2020 14:45,99,55,46,29.9
02-11-2020 15:00,99,55,48,30
02-11-2020 15:15,99,55,49,29.9
02-11-2020 15:30,99,55,50,29.9
02-11-2020 15:45,113,62,50,29.9
02-11-2020 16:00,113,62,50,29.8
02-11-2020 16:15,113,62,50,29.7
02-11-2020 16:30,113,62,51,29.6
02-11-2020 16:45,125,61,52,29.6
02-11-2020 17:00,125,61,52,29.6
02-11-2020 17:15,125,61,53,29.5
02-11-2020 17:30,125,61,54,29.5
02-11-2020 17:45,152,71,56,29.5
02-11-2020 18:00,152,71,57,29.5
02-11-2020 18:15,152,71,58,29.4
02-11-2020 18:30,152,71,58,29.5
02-11-2020 18:45,176,86,59,29.5
02-11-2020 19:00,176,86,60,29.4
02-11-2020 19:15,176,86,61,29.4
02-11-2020 19:30,176,86,61,29.3
02-11-2020 19:45,177,78,61,29.4
02-11-2020 20:00,177,78,62,29.3
02-11-2020 20:15,177,78,62,29.3
02-11-2020 20:30,177,78,63,29.3
02-11-2020 20:45,184,77,63,29.3
02-11-2020 21:00,184,77,62,29.3
02-11-2020 21:15,184,77,63,29.3
02-11-2020 21:30,184,77,64,29.3
02-11-2020 21:45,180,83,64,29.3
02-11-2020 22:00,180,83,64,29.3
02-11-2020 22:15,180,83,64,29.3
02-11-2020 22:30,180,83,65,29.3
02-11-2020 22:45,166,79,65,29.3
02-11-2020 23:00,166,79,66,29.3
02-11-2020 23:15,166,79,67,29.3
02-11-2020 23:30,166,79,67,29.3
02-11-2020 23:45,178,86,68,29.3
03-11-2020 00:00,178,86,69,29.2
03-11-2020 00:15,178,86,70,29.2
03-11-2020 00:30,178,86,70,29.2
03-11-2020 00:45,180,77,71,29.2
03-11-2020 01:00,180,77,71,29.2
03-11-2020 01:15,180,77,71,29.2
03-11-2020 01:30,180,77,72,29.3
03-11-2020 01:45,173,83,72,29.3
03-11-2020 02:00,173,83,72,29.3
03-11-2020 02:15,173,83,73,29.3
03-11-2020 02:30,173,83,73,29.2
03-11-2020 02:45,149,81,72,29.4
03-11-2020 03:00,149,81,73,29.8
03-11-2020 03:15,149,81,74,29.9
03-11-2020 03:30,149,81,73,29.6
03-11-2020 03:45,163,82,74,29.4
03-11-2020 04:00,163,82,74,29.3
03-11-2020 04:15,163,82,73,29.3
03-11-2020 04:30,163,82,72,29.2
03-11-2020 04:45,156,75,70,29.2
03-11-2020 05:00,156,75,69,29.1
03-11-2020 05:15,156,75,69,29.2
03-11-2020 05:30,156,75,72,29.2
03-11-2020 05:45,160,86,69,29.3
03-11-2020 06:00,160,86,68,29.2
03-11-2020 06:15,160,86,74,29.2
03-11-2020 06:30,160,86,79,29.3
03-11-2020 06:45,185,85,81,29.3
03-11-2020 07:00,185,85,80,29.3
03-11-2020 07:15,185,85,79,29.3
03-11-2020 07:30,185,85,77,29.3
03-11-2020 07:45,176,79,73,29.3
03-11-2020 08:00,176,79,71,29.2
03-11-2020 08:15,176,79,70,29.2
03-11-2020 08:30,176,79,67,29.2
03-11-2020 08:45,188,74,64,29.3
03-11-2020 09:00,188,74,62,29.3
03-11-2020 09:15,188,74,60,29.3
03-11-2020 09:30,188,74,56,29.3
03-11-2020 09:45,172,85,53,29.5
03-11-2020 10:00,172,85,52,30
03-11-2020 10:15,172,85,52,30.1
03-11-2020 10:30,172,85,51,29.7
03-11-2020 10:45,174,76,52,29.8
03-11-2020 11:00,174,76,53,30.2
03-11-2020 11:15,174,76,53,30.4
03-11-2020 11:30,174,76,53,30.4
03-11-2020 11:45,176,84,53,30.4
03-11-2020 12:00,176,84,53,30.4
03-11-2020 12:15,176,84,54,30.4
03-11-2020 12:30,176,84,53,30.3
03-11-2020 12:45,147,78,52,30.3
03-11-2020 13:00,147,78,53,30.1
03-11-2020 13:15,147,78,52,30.1
03-11-2020 13:30,147,78,51,30.2
03-11-2020 13:45,141,78,51,30.4
03-11-2020 14:00,141,78,51,30.5
03-11-2020 14:15,141,78,52,30.3
03-11-2020 14:30,141,78,53,30
03-11-2020 14:45,154,77,52,29.7
03-11-2020 15:00,154,77,52,29.7
03-11-2020 15:15,154,77,52,29.8
03-11-2020 15:30,154,77,52,29.6
03-11-2020 15:45,159,81,52,29.4
03-11-2020 16:00,159,81,52,29.4
03-11-2020 16:15,159,81,52,29.3
03-11-2020 16:30,159,81,51,29.2
03-11-2020 16:45,157,77,51,29.2
03-11-2020 17:00,157,77,51,29.1
03-11-2020 17:15,157,77,52,29.1
03-11-2020 17:30,157,77,52,29.1
03-11-2020 17:45,188,85,53,29.2
03-11-2020 18:00,188,85,52,29.1
03-11-2020 18:15,188,85,52,29.1
03-11-2020 18:30,188,85,51,29.1
03-11-2020 18:45,174,75,51,29.1
03-11-2020 19:00,174,75,52,29.1
03-11-2020 19:15,174,75,52,29.1
03-11-2020 19:30,174,75,51,29.1
03-11-2020 19:45,179,87,51,29.1
03-11-2020 20:00,179,87,52,29
03-11-2020 20:15,179,87,52,29.1
03-11-2020 20:30,179,87,53,29.3
03-11-2020 20:45,183,76,53,29.3
03-11-2020 21:00,183,76,53,29.2
03-11-2020 21:15,183,76,52,29.1
03-11-2020 21:30,183,76,52,29.2
03-11-2020 21:45,175,87,51,29.2
03-11-2020 22:00,175,87,51,29.1
03-11-2020 22:15,175,87,51,29.1
03-11-2020 22:30,175,87,52,29.2
03-11-2020 22:45,173,78,53,29.2
03-11-2020 23:00,173,78,54,29.1
03-11-2020 23:15,173,78,54,29.1
03-11-2020 23:30,173,78,54,29.1
03-11-2020 23:45,170,86,55,29.2
04-11-2020 00:00,170,86,57,29.2
04-11-2020 00:15,170,86,58,29.2
04-11-2020 00:30,170,86,60,29.3
04-11-2020 00:45,168,85,62,29.2
04-11-2020 01:00,168,85,60,29.2
04-11-2020 01:15,168,85,62,29.2
04-11-2020 01:30,168,85,65,29.2
04-11-2020 01:45,176,84,67,29.2
04-11-2020 02:00,176,84,68,29.2
04-11-2020 02:15,176,84,68,29.2
04-11-2020 02:30,176,84,67,29.2
04-11-2020 02:45,158,74,65,29.4
04-11-2020 03:00,158,74,63,29.7
04-11-2020 03:15,158,74,62,29.7
04-11-2020 03:30,158,74,61,29.5
04-11-2020 03:45,153,83,59,29.4
04-11-2020 04:00,153,83,61,29.3
04-11-2020 04:15,153,83,63,29.3
04-11-2020 04:30,153,83,63,29.3
04-11-2020 04:45,182,84,62,29.3
04-11-2020 05:00,182,84,64,29.2
04-11-2020 05:15,182,84,64,29.3
04-11-2020 05:30,182,84,63,29.3
04-11-2020 05:45,178,83,65,29.2
04-11-2020 06:00,178,83,66,29.2
04-11-2020 06:15,178,83,67,29.2
04-11-2020 06:30,178,83,66,29.2
04-11-2020 06:45,187,73,65,29.3
04-11-2020 07:00,187,73,65,29.2
04-11-2020 07:15,187,73,66,29.2
04-11-2020 07:30,187,73,66,29.2
04-11-2020 07:45,181,78,65,29.2
04-11-2020 08:00,181,78,62,29.2
04-11-2020 08:15,181,78,58,29.2
04-11-2020 08:30,181,78,56,29.2
04-11-2020 08:45,180,84,55,29.2
04-11-2020 09:00,180,84,53,29.2
04-11-2020 09:15,180,84,52,29.2
04-11-2020 09:30,180,84,48,29.2
04-11-2020 09:45,174,87,46,29.4
04-11-2020 10:00,174,87,44,29.8
04-11-2020 10:15,174,87,43,29.9
04-11-2020 10:30,174,87,44,29.7
04-11-2020 10:45,162,56,43,29.7
04-11-2020 11:00,162,56,43,29.9
04-11-2020 11:15,162,56,42,30.1
04-11-2020 11:30,162,56,41,29.9
04-11-2020 11:45,136,51,40,29.8
04-11-2020 12:00,136,51,40,30
04-11-2020 12:15,136,51,39,30.1
04-11-2020 12:30,136,51,40,29.8
04-11-2020 12:45,118,37,40,29.7
04-11-2020 13:00,118,37,40,29.5
04-11-2020 13:15,118,37,40,29.5
04-11-2020 13:30,118,37,40,29.5
04-11-2020 13:45,106,42,40,29.6
04-11-2020 14:00,106,42,40,29.5
04-11-2020 14:15,106,42,40,29.5
04-11-2020 14:30,106,42,41,29.5
04-11-2020 14:45,120,49,41,29.6
04-11-2020 15:00,120,49,42,29.5
04-11-2020 15:15,120,49,42,29.5
04-11-2020 15:30,120,49,41,29.6
04-11-2020 15:45,125,48,42,29.6
04-11-2020 16:00,125,48,42,29.6
04-11-2020 16:15,125,48,42,29.5
04-11-2020 16:30,125,48,42,29.5
04-11-2020 16:45,140,59,43,29.5
04-11-2020 17:00,140,59,43,29.5
04-11-2020 17:15,140,59,44,29.4
04-11-2020 17:30,140,59,45,29.5
04-11-2020 17:45,174,64,46,29.4
04-11-2020 18:00,174,64,47,29.3
04-11-2020 18:15,174,64,47,29.3
04-11-2020 18:30,174,64,48,29.4
04-11-2020 18:45,166,72,48,29.4
04-11-2020 19:00,166,72,48,29.4
04-11-2020 19:15,166,72,50,29.4
04-11-2020 19:30,166,72,49,29.3
04-11-2020 19:45,175,76,48,29.4
04-11-2020 20:00,175,76,48,29.3
04-11-2020 20:15,175,76,49,29.3
04-11-2020 20:30,175,76,48,29.3
04-11-2020 20:45,163,70,48,29.3
04-11-2020 21:00,163,70,49,29.3
04-11-2020 21:15,163,70,48,29.3
04-11-2020 21:30,163,70,48,29.3
04-11-2020 21:45,161,75,50,29.3
04-11-2020 22:00,161,75,51,29.3
04-11-2020 22:15,161,75,51,29.3
04-11-2020 22:30,161,75,52,29.3
04-11-2020 22:45,185,87,53,29.3
04-11-2020 23:00,185,87,52,29.2
04-11-2020 23:15,185,87,52,29.2
04-11-2020 23:30,185,87,53,29.2
04-11-2020 23:45,183,84,54,29.2
05-11-2020 00:00,183,84,54,29.2
05-11-2020 00:15,183,84,54,29.2
05-11-2020 00:30,183,84,53,29.3
05-11-2020 00:45,184,78,53,29.2
05-11-2020 01:00,184,78,54,29.1
05-11-2020 01:15,184,78,55,29.2
05-11-2020 01:30,184,78,56,29.3
05-11-2020 01:45,156,77,58,29.3
05-11-2020 02:00,156,77,60,29.2
05-11-2020 02:15,156,77,63,29.2
05-11-2020 02:30,156,77,65,29.3
05-11-2020 02:45,140,70,64,29.5
05-11-2020 03:00,140,70,62,29.7
05-11-2020 03:15,140,70,64,29.8
05-11-2020 03:30,140,70,64,29.6
05-11-2020 03:45,124,70,65,29.4
05-11-2020 04:00,124,70,67,29.3
05-11-2020 04:15,124,70,70,29.3
05-11-2020 04:30,124,70,71,29.3
05-11-2020 04:45,155,78,70,29.3
05-11-2020 05:00,155,78,69,29.2
05-11-2020 05:15,155,78,68,29.3
05-11-2020 05:30,155,78,67,29.3
05-11-2020 05:45,169,74,67,29.3
05-11-2020 06:00,169,74,68,29.3
05-11-2020 06:15,169,74,67,29.3
05-11-2020 06:30,169,74,65,29.3
05-11-2020 06:45,154,75,62,29.3
05-11-2020 07:00,154,75,58,29.2
05-11-2020 07:15,154,75,55,29.1
05-11-2020 07:30,154,75,52,29.1
05-11-2020 07:45,160,64,51,29.2
05-11-2020 08:00,160,64,50,29.2
05-11-2020 08:15,160,64,52,29.2
05-11-2020 08:30,160,64,50,29.2
05-11-2020 08:45,183,73,50,29.2
05-11-2020 09:00,183,73,45,29.2
05-11-2020 09:15,183,73,42,29.2
05-11-2020 09:30,183,73,42,29.2
05-11-2020 09:45,116,46,39,29.5
05-11-2020 10:00,116,46,40,29.9
05-11-2020 10:15,116,46,39,30
05-11-2020 10:30,116,46,38,29.7
05-11-2020 10:45,97,41,38,29.7
05-11-2020 11:00,97,41,38,30.1
05-11-2020 11:15,97,41,37,30.3
05-11-2020 11:30,97,41,37,30
05-11-2020 11:45,99,37,37,30
05-11-2020 12:00,99,37,37,30.2
05-11-2020 12:15,99,37,37,30.3
05-11-2020 12:30,99,37,38,30
05-11-2020 12:45,97,38,38,29.9
05-11-2020 13:00,97,38,38,29.7
05-11-2020 13:15,97,38,38,29.6
05-11-2020 13:30,97,38,37,29.8
05-11-2020 13:45,99,40,38,29.8
05-11-2020 14:00,99,40,38,29.7
05-11-2020 14:15,99,40,37,29.7
05-11-2020 14:30,99,40,38,29.8
05-11-2020 14:45,90,43,38,29.8
05-11-2020 15:00,90,43,38,29.7
05-11-2020 15:15,90,43,38,29.7
05-11-2020 15:30,90,43,39,29.8
05-11-2020 15:45,99,38,40,29.8
05-11-2020 16:00,99,38,40,29.8
05-11-2020 16:15,99,38,41,29.8
05-11-2020 16:30,99,38,41,29.8
05-11-2020 16:45,120,53,42,29.7
05-11-2020 17:00,120,53,42,29.7
05-11-2020 17:15,120,53,43,29.7
05-11-2020 17:30,120,53,44,29.6
05-11-2020 17:45,163,51,45,29.7
05-11-2020 18:00,163,51,46,29.6
05-11-2020 18:15,163,51,46,29.5
05-11-2020 18:30,163,51,46,29.5
05-11-2020 18:45,181,72,46,29.4
05-11-2020 19:00,181,72,46,29.3
05-11-2020 19:15,181,72,47,29.4
05-11-2020 19:30,181,72,47,29.4
05-11-2020 19:45,175,81,48,29.4
05-11-2020 20:00,175,81,48,29.3
05-11-2020 20:15,175,81,47,29.3
05-11-2020 20:30,175,81,46,29.3
05-11-2020 20:45,176,69,46,29.4
05-11-2020 21:00,176,69,46,29.3
05-11-2020 21:15,176,69,47,29.3
05-11-2020 21:30,176,69,48,29.3
05-11-2020 21:45,156,68,48,29.3
05-11-2020 22:00,156,68,49,29.3
05-11-2020 22:15,156,68,49,29.3
05-11-2020 22:30,156,68,51,29.3
05-11-2020 22:45,145,61,52,29.3
05-11-2020 23:00,145,61,52,29.2
05-11-2020 23:15,145,61,53,29.3
05-11-2020 23:30,145,61,52,29.3
05-11-2020 23:45,149,67,52,29.3
06-11-2020 00:00,149,67,51,29.3
06-11-2020 00:15,149,67,51,29.3
06-11-2020 00:30,149,67,52,29.3
06-11-2020 00:45,143,66,52,29.2
06-11-2020 01:00,143,66,54,29.1
06-11-2020 01:15,143,66,55,29.2
06-11-2020 01:30,143,66,56,29.3
06-11-2020 01:45,133,65,57,29.3
06-11-2020 02:00,133,65,58,29.2
06-11-2020 02:15,133,65,59,29.3
06-11-2020 02:30,133,65,59,29.2
06-11-2020 02:45,127,61,59,29.3
06-11-2020 03:00,127,61,58,29.7
06-11-2020 03:15,127,61,57,29.9
06-11-2020 03:30,127,61,56,29.6
06-11-2020 03:45,128,58,56,29.4
06-11-2020 04:00,128,58,56,29.3
06-11-2020 04:15,128,58,56,29.3
06-11-2020 04:30,128,58,56,29.3
06-11-2020 04:45,122,61,55,29.3
06-11-2020 05:00,122,61,56,29.2
06-11-2020 05:15,122,61,56,29.2
06-11-2020 05:30,122,61,56,29.3
06-11-2020 05:45,120,54,57,29.3
06-11-2020 06:00,120,54,59,29.2
06-11-2020 06:15,120,54,60,29.2
06-11-2020 06:30,120,54,60,29.2
06-11-2020 06:45,115,54,60,29.2
06-11-2020 07:00,115,54,62,29.2
06-11-2020 07:15,115,54,60,29.2
06-11-2020 07:30,115,54,56,29.3
06-11-2020 07:45,139,60,55,29.2
06-11-2020 08:00,139,60,51,29.2
06-11-2020 08:15,139,60,49,29.2
06-11-2020 08:30,139,60,48,29.2
06-11-2020 08:45,159,60,47,29.3
06-11-2020 09:00,159,60,47,29.2
06-11-2020 09:15,159,60,47,29.2
06-11-2020 09:30,159,60,47,29.3
06-11-2020 09:45,153,59,47,29.5
06-11-2020 10:00,153,59,47,29.8
06-11-2020 10:15,153,59,47,30
06-11-2020 10:30,153,59,47,29.7
06-11-2020 10:45,139,60,48,29.7
06-11-2020 11:00,139,60,49,29.9
06-11-2020 11:15,139,60,50,30
06-11-2020 11:30,139,60,49,29.8
06-11-2020 11:45,137,68,50,29.8
06-11-2020 12:00,137,68,50,30
06-11-2020 12:15,137,68,50,30.1
06-11-2020 12:30,137,68,50,29.8
06-11-2020 12:45,137,69,51,29.5
06-11-2020 13:00,137,69,52,29.3
06-11-2020 13:15,137,69,53,29.2
06-11-2020 13:30,137,69,53,29.3
06-11-2020 13:45,128,65,53,29.3
06-11-2020 14:00,128,65,55,29.2
06-11-2020 14:15,128,65,56,29.3
06-11-2020 14:30,128,65,56,29.3
06-11-2020 14:45,126,72,57,29.3
06-11-2020 15:00,126,72,58,29.2
06-11-2020 15:15,126,72,59,29.1
06-11-2020 15:30,126,72,60,29.2
06-11-2020 15:45,115,61,60,29.1
06-11-2020 16:00,115,61,60,29.1
06-11-2020 16:15,115,61,61,29.1
06-11-2020 16:30,115,61,61,29.2
06-11-2020 16:45,123,68,63,29.3
06-11-2020 17:00,123,68,64,29.3
06-11-2020 17:15,123,68,66,29.2
06-11-2020 17:30,123,68,67,29.3
06-11-2020 17:45,131,68,68,29.4
06-11-2020 18:00,131,68,70,29.3
06-11-2020 18:15,131,68,70,29.3
06-11-2020 18:30,131,68,69,29.3
06-11-2020 18:45,162,86,68,29.3
06-11-2020 19:00,162,86,67,29.2
06-11-2020 19:15,162,86,66,29.1
06-11-2020 19:30,162,86,66,29.1
06-11-2020 19:45,170,85,66,29.2
06-11-2020 20:00,170,85,66,29.1
06-11-2020 20:15,170,85,66,29.1
06-11-2020 20:30,170,85,67,29.1
06-11-2020 20:45,170,86,68,29.2
06-11-2020 21:00,170,86,68,29.2
06-11-2020 21:15,170,86,67,29.2
06-11-2020 21:30,170,86,68,29.3
06-11-2020 21:45,175,79,68,29.2
06-11-2020 22:00,175,79,68,29.1
06-11-2020 22:15,175,79,69,29.1
06-11-2020 22:30,175,79,70,29.1
06-11-2020 22:45,163,72,72,29.2
06-11-2020 23:00,163,72,73,29.1
06-11-2020 23:15,163,72,74,29.1
06-11-2020 23:30,163,72,76,29.2
06-11-2020 23:45,162,77,76,29.2
07-11-2020 00:00,162,77,75,29.1
07-11-2020 00:15,162,77,75,29.1
07-11-2020 00:30,162,77,75,29.1
07-11-2020 00:45,159,86,75,29.2
07-11-2020 01:00,159,86,75,29.1
07-11-2020 01:15,159,86,75,29.1
07-11-2020 01:30,159,86,75,29.2
07-11-2020 01:45,154,87,76,29.2
07-11-2020 02:00,154,87,76,29.2
07-11-2020 02:15,154,87,76,29.2
07-11-2020 02:30,154,87,76,29.2
07-11-2020 02:45,149,72,76,29.4
07-11-2020 03:00,149,72,74,29.7
07-11-2020 03:15,149,72,74,29.8
07-11-2020 03:30,149,72,74,29.6
07-11-2020 03:45,144,85,74,29.4
07-11-2020 04:00,144,85,75,29.2
07-11-2020 04:15,144,85,75,29.2
07-11-2020 04:30,144,85,75,29.2
07-11-2020 04:45,144,79,75,29.3
07-11-2020 05:00,144,79,74,29.2
07-11-2020 05:15,144,79,74,29.1
07-11-2020 05:30,144,79,73,29.2
07-11-2020 05:45,140,85,73,29.2
07-11-2020 06:00,140,85,72,29.2
07-11-2020 06:15,140,85,70,29.2
07-11-2020 06:30,140,85,70,29.2
07-11-2020 06:45,142,78,70,29.2
07-11-2020 07:00,142,78,71,29.2
07-11-2020 07:15,142,78,71,29.2
07-11-2020 07:30,142,78,69,29.3
07-11-2020 07:45,145,79,64,29.2
07-11-2020 08:00,145,79,61,29.2
07-11-2020 08:15,145,79,59,29.2
07-11-2020 08:30,145,79,59,29.2
07-11-2020 08:45,161,80,58,29.2
07-11-2020 09:00,161,80,56,29.1
07-11-2020 09:15,161,80,55,29.2
07-11-2020 09:30,161,80,54,29.2
07-11-2020 09:45,165,75,54,29.4
07-11-2020 10:00,165,75,54,29.7
07-11-2020 10:15,165,75,53,29.9
07-11-2020 10:30,165,75,53,29.6
07-11-2020 10:45,166,76,52,29.6
07-11-2020 11:00,166,76,53,29.8
07-11-2020 11:15,166,76,53,30
07-11-2020 11:30,166,76,53,29.7
07-11-2020 11:45,155,74,53,29.7
07-11-2020 12:00,155,74,53,29.9
07-11-2020 12:15,155,74,53,30
07-11-2020 12:30,155,74,53,29.6
07-11-2020 12:45,138,67,52,29.5
07-11-2020 13:00,138,67,53,29.3
07-11-2020 13:15,138,67,52,29.3
07-11-2020 13:30,138,67,52,29.3
07-11-2020 13:45,127,70,53,29.3
07-11-2020 14:00,127,70,54,29.3
07-11-2020 14:15,127,70,53,29.3
07-11-2020 14:30,127,70,52,29.3
07-11-2020 14:45,123,65,54,29.3
07-11-2020 15:00,123,65,54,29.3
07-11-2020 15:15,123,65,54,29.2
07-11-2020 15:30,123,65,54,29.2
07-11-2020 15:45,120,68,54,29.2
07-11-2020 16:00,120,68,55,29.2
07-11-2020 16:15,120,68,56,29.2
07-11-2020 16:30,120,68,57,29.2
07-11-2020 16:45,146,75,58,29.2
07-11-2020 17:00,146,75,59,29.2
07-11-2020 17:15,146,75,59,29.1
07-11-2020 17:30,146,75,60,29.2
07-11-2020 17:45,163,79,60,29.2
07-11-2020 18:00,163,79,60,29.2
07-11-2020 18:15,163,79,61,29.1
07-11-2020 18:30,163,79,62,29.1
07-11-2020 18:45,188,85,62,29.2
07-11-2020 19:00,188,85,62,29.1
07-11-2020 19:15,188,85,62,29
07-11-2020 19:30,188,85,62,29.1
07-11-2020 19:45,183,85,62,29.2
07-11-2020 20:00,183,85,61,29.2
07-11-2020 20:15,183,85,61,29.1
07-11-2020 20:30,183,85,60,29.1
07-11-2020 20:45,167,86,60,29.1
07-11-2020 21:00,167,86,60,29.1
07-11-2020 21:15,167,86,59,29.1
07-11-2020 21:30,167,86,59,29.2
07-11-2020 21:45,150,72,59,29.2
07-11-2020 22:00,150,72,59,29.2
07-11-2020 22:15,150,72,59,29.3
07-11-2020 22:30,150,72,59,29.2
07-11-2020 22:45,161,78,59,29.2
07-11-2020 23:00,161,78,59,29.2
07-11-2020 23:15,161,78,59,29.2
07-11-2020 23:30,161,78,60,29.2
07-11-2020 23:45,166,82,59,29.2
08-11-2020 00:00,166,82,58,29.2
08-11-2020 00:15,166,82,58,29.2
08-11-2020 00:30,166,82,58,29.2
08-11-2020 00:45,138,67,58,29.3
08-11-2020 01:00,138,67,57,29.3
08-11-2020 01:15,138,67,58,29.2
08-11-2020 01:30,138,67,58,29.2
08-11-2020 01:45,128,61,59,29.3
08-11-2020 02:00,128,61,59,29.2
08-11-2020 02:15,128,61,59,29.2
08-11-2020 02:30,128,61,59,29.3
08-11-2020 02:45,126,66,58,29.5
08-11-2020 03:00,126,66,59,29.8
08-11-2020 03:15,126,66,60,29.9
08-11-2020 03:30,126,66,60,29.6
08-11-2020 03:45,123,68,61,29.4
08-11-2020 04:00,123,68,60,29.3
08-11-2020 04:15,123,68,60,29.3
08-11-2020 04:30,123,68,58,29.3
08-11-2020 04:45,126,61,58,29.3
08-11-2020 05:00,126,61,58,29.2
08-11-2020 05:15,126,61,57,29.2
08-11-2020 05:30,126,61,58,29.2
08-11-2020 05:45,123,62,59,29.2
08-11-2020 06:00,123,62,60,29.2
08-11-2020 06:15,123,62,61,29.3
08-11-2020 06:30,123,62,62,29.3
08-11-2020 06:45,140,74,62,29.3
08-11-2020 07:00,140,74,60,29.3
08-11-2020 07:15,140,74,58,29.2
08-11-2020 07:30,140,74,55,29.2
08-11-2020 07:45,160,83,55,29.2
08-11-2020 08:00,160,83,51,29.2
08-11-2020 08:15,160,83,51,29.2
08-11-2020 08:30,160,83,50,29.2
08-11-2020 08:45,179,78,49,29.2
08-11-2020 11:45,106,56,44,
08-11-2020 12:00,106,56,44,
08-11-2020 12:15,106,56,43,
08-11-2020 12:30,106,56,43,29.6
08-11-2020 12:45,93,49,43,29.4
08-11-2020 13:00,93,49,43,29.4
08-11-2020 13:15,93,49,43,29.4
08-11-2020 13:30,93,49,42,29.4
08-11-2020 13:45,96,50,42,29.5
08-11-2020 14:00,96,50,42,29.5
08-11-2020 14:15,96,50,42,29.5
08-11-2020 14:30,96,50,42,29.4
08-11-2020 14:45,89,49,42,29.4
08-11-2020 15:00,89,49,42,29.4
08-11-2020 15:15,89,49,42,29.5
08-11-2020 15:30,89,49,42,29.6
08-11-2020 15:45,88,50,42,29.6
08-11-2020 16:00,88,50,42,29.5
08-11-2020 16:15,88,50,41,29.6
08-11-2020 16:30,88,50,42,29.5
08-11-2020 16:45,85,37,42,29.5
08-11-2020 17:00,85,37,43,29.4
08-11-2020 17:15,85,37,44,29.4
08-11-2020 17:30,85,37,46,29.4
08-11-2020 17:45,97,44,47,29.4
08-11-2020 18:00,97,44,48,29.4
08-11-2020 18:15,97,44,49,29.4
08-11-2020 18:30,97,44,51,29.4
08-11-2020 18:45,147,66,51,29.5
08-11-2020 19:00,147,66,53,29.4
08-11-2020 19:15,147,66,53,29.4
08-11-2020 19:30,147,66,53,29.3
08-11-2020 19:45,155,68,53,29.3
08-11-2020 20:00,155,68,54,29.2
08-11-2020 20:15,155,68,53,29.2
08-11-2020 20:30,155,68,52,29.3
08-11-2020 20:45,163,69,53,29.3
08-11-2020 21:00,163,69,54,29.2
08-11-2020 21:15,163,69,53,29.2
08-11-2020 21:30,163,69,53,29.3
08-11-2020 21:45,139,72,52,29.3
08-11-2020 22:00,139,72,52,29.3
08-11-2020 22:15,139,72,50,29.3
08-11-2020 22:30,139,72,49,29.2
08-11-2020 22:45,118,62,49,29.3
08-11-2020 23:00,118,62,49,29.2
08-11-2020 23:15,118,62,49,29.2
08-11-2020 23:30,118,62,50,29.2
08-11-2020 23:45,100,56,50,29.3
09-11-2020 00:00,100,56,51,29.2
09-11-2020 00:15,100,56,49,29.3
09-11-2020 00:30,100,56,49,29.3
09-11-2020 00:45,103,50,50,29.3
09-11-2020 01:00,103,50,51,29.3
09-11-2020 01:15,103,50,51,29.3
09-11-2020 01:30,103,50,51,29.3
09-11-2020 01:45,104,57,50,29.3
09-11-2020 02:00,104,57,52,29.3
09-11-2020 02:15,104,57,54,29.3
09-11-2020 02:30,104,57,56,29.4
09-11-2020 02:45,100,63,59,29.5
09-11-2020 03:00,100,63,60,29.8
09-11-2020 03:15,100,63,62,29.9
09-11-2020 03:30,100,63,64,29.6
09-11-2020 03:45,106,68,64,29.5
09-11-2020 04:00,106,68,64,29.4
09-11-2020 04:15,106,68,63,29.3
09-11-2020 04:30,106,68,62,29.2
09-11-2020 04:45,139,78,62,29.3
09-11-2020 05:00,139,78,61,29.2
09-11-2020 05:15,139,78,61,29.3
09-11-2020 05:30,139,78,62,29.3
09-11-2020 05:45,170,72,63,29.2
09-11-2020 06:00,170,72,66,29.2
09-11-2020 06:15,170,72,67,29.2
09-11-2020 06:30,170,72,65,29.2
09-11-2020 06:45,187,83,66,29.2
09-11-2020 07:00,187,83,67,29.2
09-11-2020 07:15,187,83,67,29.3
09-11-2020 07:30,187,83,66,29.3
09-11-2020 07:45,179,80,65,29.3
09-11-2020 08:00,179,80,63,29.3
09-11-2020 08:15,179,80,58,29.3
09-11-2020 08:30,179,80,56,29.4
09-11-2020 08:45,179,87,53,29.4
09-11-2020 09:00,179,87,49,29.4
09-11-2020 09:15,179,87,46,29.5
09-11-2020 09:30,179,87,46,29.5
09-11-2020 09:45,188,87,45,29.7
09-11-2020 10:00,188,87,44,30.1
09-11-2020 10:15,188,87,44,30.3
09-11-2020 10:30,188,87,43,30
09-11-2020 10:45,137,65,43,30
09-11-2020 11:00,137,65,42,30.3
09-11-2020 11:15,137,65,41,30.5
09-11-2020 11:30,137,65,40,30.2
09-11-2020 11:45,115,58,40,30.2
09-11-2020 12:00,115,58,39,30.4
09-11-2020 12:15,115,58,39,30.5
09-11-2020 12:30,115,58,38,30.3
09-11-2020 12:45,108,58,37,30.2
09-11-2020 13:00,108,58,38,30.1
09-11-2020 13:15,108,58,37,30.1
09-11-2020 13:30,108,58,36,30.2
09-11-2020 13:45,96,58,36,30.2
09-11-2020 14:00,96,58,36,30.2
09-11-2020 14:15,96,58,36,30.2
09-11-2020 14:30,96,58,36,30.2
09-11-2020 14:45,105,52,36,30.1
09-11-2020 15:00,105,52,36,30
09-11-2020 15:15,105,52,37,30.1
09-11-2020 15:30,105,52,37,30.2
09-11-2020 15:45,132,65,37,30.1
09-11-2020 16:00,132,65,38,30.1
09-11-2020 16:15,132,65,38,30.1
09-11-2020 16:30,132,65,38,30.1
09-11-2020 16:45,149,67,39,30.2
09-11-2020 17:00,149,67,40,30.1
09-11-2020 17:15,149,67,41,30
09-11-2020 17:30,149,67,43,30
09-11-2020 17:45,170,79,44,29.9
09-11-2020 18:00,170,79,46,29.8
09-11-2020 18:15,170,79,46,29.8
09-11-2020 18:30,170,79,45,29.8
09-11-2020 18:45,183,74,44,29.8
09-11-2020 19:00,183,74,45,29.7
09-11-2020 19:15,183,74,46,29.7
09-11-2020 19:30,183,74,46,29.6
09-11-2020 19:45,178,83,47,29.7
09-11-2020 20:00,178,83,48,29.6
09-11-2020 20:15,178,83,48,29.6
09-11-2020 20:30,178,83,49,29.6
09-11-2020 20:45,183,75,49,29.6
09-11-2020 21:00,183,75,48,29.5
09-11-2020 21:15,183,75,49,29.5
09-11-2020 21:30,183,75,49,29.6
09-11-2020 21:45,188,83,50,29.6
09-11-2020 22:00,188,83,50,29.5
09-11-2020 22:15,188,83,51,29.5
09-11-2020 22:30,188,83,50,29.5
09-11-2020 22:45,172,82,51,29.6
09-11-2020 23:00,172,82,51,29.4
09-11-2020 23:15,172,82,52,29.4
09-11-2020 23:30,172,82,54,29.6
09-11-2020 23:45,179,82,54,29.6
10-11-2020 00:00,179,82,52,29.5
10-11-2020 00:15,179,82,51,29.5
10-11-2020 00:30,179,82,51,29.4
10-11-2020 00:45,186,73,52,29.5
10-11-2020 01:00,186,73,52,29.4
10-11-2020 01:15,186,73,52,29.5
10-11-2020 01:30,186,73,53,29.5
10-11-2020 01:45,171,77,53,29.5
10-11-2020 02:00,171,77,53,29.5
10-11-2020 02:15,171,77,54,29.4
10-11-2020 02:30,171,77,54,29.4
10-11-2020 02:45,181,78,55,29.6
10-11-2020 03:00,181,78,55,30
10-11-2020 03:15,181,78,54,30.1
10-11-2020 03:30,181,78,54,29.9
10-11-2020 03:45,174,73,54,29.7
10-11-2020 04:00,174,73,53,29.6
10-11-2020 04:15,174,73,52,29.6
10-11-2020 04:30,174,73,53,29.6
10-11-2020 04:45,157,77,54,29.7
10-11-2020 05:00,157,77,54,29.5
10-11-2020 05:15,157,77,54,29.6
10-11-2020 05:30,157,77,55,29.7
10-11-2020 05:45,169,85,56,29.6
10-11-2020 06:00,169,85,56,29.5
10-11-2020 06:15,169,85,55,29.4
10-11-2020 06:30,169,85,55,29.5
10-11-2020 06:45,185,84,54,29.5
10-11-2020 07:00,185,84,52,29.4
10-11-2020 07:15,185,84,51,29.4
10-11-2020 07:30,185,84,50,29.4
10-11-2020 07:45,185,76,50,29.4
10-11-2020 08:00,185,76,49,29.4
10-11-2020 08:15,185,76,48,29.5
10-11-2020 08:30,185,76,47,29.6
10-11-2020 08:45,182,86,47,29.6
10-11-2020 09:00,182,86,48,29.6
10-11-2020 09:15,182,86,47,29.7
10-11-2020 09:30,182,86,46,29.6
10-11-2020 09:45,165,83,46,29.8
10-11-2020 10:00,165,83,46,30.2
10-11-2020 10:15,165,83,44,30.4
10-11-2020 10:30,165,83,44,30.1
10-11-2020 10:45,136,69,44,30.2
10-11-2020 11:00,136,69,44,30.4
10-11-2020 11:15,136,69,44,30.5
10-11-2020 11:30,136,69,43,30.3
10-11-2020 11:45,136,63,43,30.1
10-11-2020 12:00,136,63,42,30.2
10-11-2020 12:15,136,63,41,30.3
10-11-2020 12:30,136,63,41,30
10-11-2020 12:45,118,63,40,29.9
10-11-2020 13:00,118,63,40,29.8
10-11-2020 13:15,118,63,39,29.8
10-11-2020 13:30,118,63,39,29.8
10-11-2020 13:45,109,61,39,29.8
10-11-2020 14:00,109,61,39,29.8
10-11-2020 14:15,109,61,39,29.8
10-11-2020 14:30,109,61,39,29.8
10-11-2020 14:45,110,55,38,29.9
10-11-2020 15:00,110,55,38,29.9
10-11-2020 15:15,110,55,39,29.8
10-11-2020 15:30,110,55,38,29.8
10-11-2020 15:45,117,52,38,29.8
10-11-2020 16:00,117,52,39,29.8
10-11-2020 16:15,117,52,39,29.7
10-11-2020 16:30,117,52,39,29.8
10-11-2020 16:45,126,58,40,29.7
10-11-2020 17:00,126,58,42,29.6
10-11-2020 17:15,126,58,43,29.6
10-11-2020 17:30,126,58,44,29.7
10-11-2020 17:45,162,70,46,29.6
10-11-2020 18:00,162,70,47,29.4
10-11-2020 18:15,162,70,48,29.4
10-11-2020 18:30,162,70,47,29.4
10-11-2020 18:45,173,83,47,29.4
10-11-2020 19:00,173,83,48,29.3
10-11-2020 19:15,173,83,48,29.4
10-11-2020 19:30,173,83,49,29.4
10-11-2020 19:45,181,72,50,29.4
10-11-2020 20:00,181,72,49,29.3
10-11-2020 20:15,181,72,49,29.3
10-11-2020 20:30,181,72,50,29.2
10-11-2020 20:45,177,79,49,29.2
10-11-2020 21:00,177,79,50,29.1
10-11-2020 21:15,177,79,50,29.2
10-11-2020 21:30,177,79,50,29.2
10-11-2020 21:45,162,86,51,29.3
10-11-2020 22:00,162,86,52,29.3
10-11-2020 22:15,162,86,52,29.3
10-11-2020 22:30,162,86,53,29.3
10-11-2020 22:45,174,87,53,29.3
10-11-2020 23:00,174,87,53,29.3
10-11-2020 23:15,174,87,53,29.3
10-11-2020 23:30,174,87,53,29.3
10-11-2020 23:45,176,85,54,29.3
11-11-2020 00:00,176,85,53,
11-11-2020 00:15,176,85,53,
11-11-2020 00:30,176,85,54,29.2
11-11-2020 00:45,166,82,57,29.2
11-11-2020 01:00,166,82,58,29.2
11-11-2020 01:15,166,82,58,29.1
11-11-2020 01:30,166,82,57,29.2
11-11-2020 01:45,161,76,58,29.2
11-11-2020 02:00,161,76,59,29.2
11-11-2020 02:15,161,76,60,29.2
11-11-2020 02:30,161,76,61,29.2
11-11-2020 02:45,164,76,60,29.4
11-11-2020 03:00,164,76,61,29.7
11-11-2020 03:15,164,76,62,29.8
11-11-2020 03:30,164,76,63,29.5
11-11-2020 03:45,173,80,63,29.4
11-11-2020 04:00,173,80,64,29.3
11-11-2020 04:15,173,80,65,29.2
11-11-2020 04:30,173,80,65,29.2
11-11-2020 04:45,175,75,66,29.2
11-11-2020 05:00,175,75,65,29.2
11-11-2020 05:15,175,75,67,29.2
11-11-2020 05:30,175,75,68,29.2
11-11-2020 05:45,166,84,68,29.2
11-11-2020 06:00,166,84,66,29.2
11-11-2020 06:15,166,84,65,29.2
11-11-2020 06:30,166,84,66,29.2
11-11-2020 06:45,153,83,68,29.2
11-11-2020 07:00,153,83,68,29.1
11-11-2020 07:15,153,83,66,29.1
11-11-2020 07:30,153,83,64,29.1
11-11-2020 07:45,177,80,59,29.1
11-11-2020 08:00,177,80,58,29.1
11-11-2020 08:15,177,80,55,29.1
11-11-2020 08:30,177,80,53,29.1
11-11-2020 08:45,177,83,51,29.2
11-11-2020 09:00,177,83,50,29.2
11-11-2020 09:15,177,83,50,29.2
11-11-2020 09:30,177,83,50,29.2
11-11-2020 09:45,136,73,50,29.4
11-11-2020 10:00,136,73,51,29.9
11-11-2020 10:15,136,73,50,29.9
11-11-2020 10:30,136,73,51,29.7
11-11-2020 10:45,122,59,50,29.7
11-11-2020 11:00,122,59,49,30
11-11-2020 11:15,122,59,48,30.1
11-11-2020 11:30,122,59,49,29.8
11-11-2020 11:45,85,42,49,29.7
11-11-2020 12:00,85,42,48,29.9
11-11-2020 12:15,85,42,48,29.9
11-11-2020 12:30,85,42,47,29.6
11-11-2020 12:45,78,33,48,29.5
11-11-2020 13:00,78,33,47,29.3
11-11-2020 13:15,78,33,47,29.3
11-11-2020 13:30,78,33,47,29.3
11-11-2020 13:45,70,31,46,29.3
11-11-2020 14:00,70,31,46,29.3
11-11-2020 14:15,70,31,46,29.3
11-11-2020 14:30,70,31,46,29.4
11-11-2020 14:45,63,28,47,29.4
11-11-2020 15:00,63,28,48,29.3
11-11-2020 15:15,63,28,48,29.4
11-11-2020 15:30,63,28,49,29.4
11-11-2020 15:45,65,30,49,29.4
11-11-2020 16:00,65,30,49,29.4
11-11-2020 16:15,65,30,50,29.4
11-11-2020 16:30,65,30,52,29.3
11-11-2020 16:45,61,31,52,29.4
11-11-2020 17:00,61,31,53,29.3
11-11-2020 17:15,61,31,55,29.3
11-11-2020 17:30,61,31,57,29.3
11-11-2020 17:45,80,30,59,29.3
11-11-2020 18:00,80,30,61,29.3
11-11-2020 18:15,80,30,62,29.3
11-11-2020 18:30,80,30,63,29.3
11-11-2020 18:45,101,50,64,29.3
11-11-2020 19:00,101,50,63,29.3
11-11-2020 19:15,101,50,64,29.3
11-11-2020 19:30,101,50,65,29.2
11-11-2020 19:45,122,54,64,29.2
11-11-2020 20:00,122,54,64,29.2
11-11-2020 20:15,122,54,64,29.1
11-11-2020 20:30,122,54,65,29.1
11-11-2020 20:45,100,45,65,29.2
11-11-2020 21:00,100,45,66,29.2
11-11-2020 21:15,100,45,65,29.1
11-11-2020 21:30,100,45,65,29.2
11-11-2020 21:45,109,48,64,29.2
11-11-2020 22:00,109,48,64,29.2
11-11-2020 22:15,109,48,64,29.2
11-11-2020 22:30,109,48,64,29.1
11-11-2020 22:45,110,42,64,29.2
11-11-2020 23:00,110,42,64,29.2
11-11-2020 23:15,110,42,64,29.2
11-11-2020 23:30,110,42,64,29.2
11-11-2020 23:45,96,36,66,29.3
12-11-2020 06:45,72,42,83,
12-11-2020 07:00,72,42,81,
12-11-2020 07:15,72,42,80,
12-11-2020 07:30,72,42,78,29.4
12-11-2020 07:45,54,29,78,29.4
12-11-2020 08:00,54,29,78,29.4
12-11-2020 08:15,54,29,77,29.3
12-11-2020 08:30,54,29,77,29.3
12-11-2020 08:45,51,23,77,29.3
12-11-2020 09:00,51,23,81,29.3
12-11-2020 09:15,51,23,83,29.3
12-11-2020 09:30,51,23,80,29.3
12-11-2020 09:45,47,25,78,29.5
12-11-2020 10:00,47,25,78,29.8
12-11-2020 10:15,47,25,75,29.8
12-11-2020 10:30,47,25,75,29.4
12-11-2020 10:45,40,19,74,29.4
12-11-2020 11:00,40,19,72,29.8
12-11-2020 11:15,40,19,69,29.9
12-11-2020 11:30,40,19,70,29.6
12-11-2020 11:45,43,20,70,29.5
12-11-2020 12:00,43,20,70,29.9
12-11-2020 12:15,43,20,71,29.9
12-11-2020 12:30,43,20,71,29.5
12-11-2020 12:45,51,22,71,29.3
12-11-2020 13:00,51,22,71,29.2
12-11-2020 13:15,51,22,70,29.2
12-11-2020 13:30,51,22,70,29.2
12-11-2020 13:45,47,25,68,29.2
12-11-2020 14:00,47,25,66,29.2
12-11-2020 14:15,47,25,65,29.2
12-11-2020 14:30,47,25,65,29.1
12-11-2020 14:45,49,17,66,29.2
12-11-2020 15:00,49,17,65,29.2
12-11-2020 15:15,49,17,64,29.2
12-11-2020 15:30,49,17,65,29.2
12-11-2020 15:45,51,17,65,29.2
12-11-2020 16:00,51,17,66,29.2
12-11-2020 16:15,51,17,67,29.2
12-11-2020 16:30,51,17,67,29.1
12-11-2020 16:45,58,19,68,29.1
12-11-2020 17:00,58,19,68,29.1
12-11-2020 17:15,58,19,70,29.2
12-11-2020 17:30,58,19,70,29.2
12-11-2020 17:45,67,34,71,29.2
12-11-2020 18:00,67,34,72,29.2
12-11-2020 18:15,67,34,72,29.2
12-11-2020 18:30,67,34,73,29.3
12-11-2020 18:45,76,37,74,29.2
12-11-2020 19:00,76,37,74,29.1
12-11-2020 19:15,76,37,75,29.2
12-11-2020 19:30,76,37,75,29.2
12-11-2020 19:45,103,46,76,29.1
12-11-2020 20:00,103,46,76,29.1
12-11-2020 20:15,103,46,77,29.1
12-11-2020 20:30,103,46,77,29.1
12-11-2020 20:45,94,50,77,29.2
12-11-2020 21:00,94,50,77,29.2
12-11-2020 21:15,94,50,77,29.1
12-11-2020 21:30,94,50,78,29.2
12-11-2020 21:45,47,24,78,29.3
12-11-2020 22:00,47,24,79,29.2
12-11-2020 22:15,47,24,79,29.2
12-11-2020 22:30,47,24,79,29.2
12-11-2020 22:45,43,20,80,29.2
12-11-2020 23:00,43,20,80,29.2
12-11-2020 23:15,43,20,81,29.2
12-11-2020 23:30,43,20,81,29.2
12-11-2020 23:45,45,15,81,29.2
13-11-2020 00:00,45,15,81,29.2
13-11-2020 00:15,45,15,80,29.2
13-11-2020 00:30,45,15,80,29.2
13-11-2020 00:45,38,13,80,29.2
13-11-2020 01:00,38,13,80,29.2
13-11-2020 01:15,38,13,80,29.2
13-11-2020 01:30,38,13,80,29.3
13-11-2020 01:45,29,14,80,29.3
13-11-2020 02:00,29,14,80,29.2
13-11-2020 02:15,29,14,81,29.2
13-11-2020 02:30,29,14,81,29.3
13-11-2020 02:45,37,20,81,29.4
13-11-2020 03:00,37,20,81,29.7
13-11-2020 03:15,37,20,82,29.8
13-11-2020 03:30,37,20,83,29.5
13-11-2020 03:45,32,24,83,29.4
13-11-2020 04:00,32,24,83,29.3
13-11-2020 04:15,32,24,84,29.2
13-11-2020 04:30,32,24,84,29.2
13-11-2020 04:45,37,18,84,29.2
13-11-2020 05:00,37,18,83,29.1
13-11-2020 05:15,37,18,83,29.2
13-11-2020 05:30,37,18,84,29.2
13-11-2020 05:45,37,25,84,29.2
13-11-2020 06:00,37,25,84,29.2
13-11-2020 06:15,37,25,84,29.3
13-11-2020 06:30,37,25,84,29.2
13-11-2020 06:45,43,25,84,29.2
13-11-2020 07:00,43,25,82,29.2
13-11-2020 07:15,43,25,80,29.1
13-11-2020 07:30,43,25,78,29.2
13-11-2020 07:45,47,22,78,29.3
13-11-2020 08:00,47,22,76,29.2
13-11-2020 08:15,47,22,75,29.2
13-11-2020 08:30,47,22,73,29.2
13-11-2020 08:45,56,24,72,29.2
13-11-2020 09:00,56,24,71,29.2
13-11-2020 09:15,56,24,71,29.1
13-11-2020 09:30,56,24,72,29.2
13-11-2020 09:45,45,23,70,29.3
13-11-2020 10:00,45,23,69,29.7
13-11-2020 10:15,45,23,68,29.7
13-11-2020 10:30,45,23,66,29.4
13-11-2020 10:45,50,20,66,
13-11-2020 11:00,50,20,66,
13-11-2020 11:15,50,20,65,
13-11-2020 11:30,50,20,64,29.4
13-11-2020 11:45,57,19,64,29.3
13-11-2020 12:00,57,19,64,29.7
13-11-2020 12:15,57,19,63,29.7
13-11-2020 12:30,57,19,62,29.4
13-11-2020 12:45,53,25,61,29.3
13-11-2020 13:00,53,25,60,29.2
13-11-2020 13:15,53,25,59,29.1
13-11-2020 13:30,53,25,58,29.2
13-11-2020 13:45,49,22,57,29.3
13-11-2020 14:00,49,22,58,29.3
13-11-2020 14:15,49,22,60,29.2
13-11-2020 14:30,49,22,61,29.1
13-11-2020 14:45,58,20,60,29.1
13-11-2020 15:00,58,20,60,29.1
13-11-2020 15:15,58,20,60,29.1
13-11-2020 15:30,58,20,60,29.1
13-11-2020 15:45,60,27,60,29.1
13-11-2020 16:00,60,27,61,29.1
13-11-2020 16:15,60,27,62,29
13-11-2020 16:30,60,27,62,29.1
13-11-2020 16:45,66,28,62,29.2
13-11-2020 17:00,66,28,64,29.2
13-11-2020 17:15,66,28,66,29.2
13-11-2020 17:30,66,28,67,29.2
13-11-2020 17:45,77,35,68,29.2
13-11-2020 18:00,77,35,69,29.1
13-11-2020 18:15,77,35,67,29.1
13-11-2020 18:30,77,35,66,29.1
13-11-2020 18:45,121,43,68,29.1
13-11-2020 19:00,121,43,69,29.1
13-11-2020 19:15,121,43,69,29.1
13-11-2020 19:30,121,43,70,29.1
13-11-2020 19:45,132,54,71,29.1
13-11-2020 20:00,132,54,71,29.1
13-11-2020 20:15,132,54,71,29.1
13-11-2020 20:30,132,54,70,29.2
13-11-2020 20:45,145,60,69,29.2
13-11-2020 21:00,145,60,70,29.2
13-11-2020 21:15,145,60,72,29.2
13-11-2020 21:30,145,60,73,29.2
13-11-2020 21:45,107,67,73,29.2
13-11-2020 22:00,107,67,74,29.2
13-11-2020 22:15,107,67,74,29.3
13-11-2020 22:30,107,67,74,29.3
13-11-2020 22:45,108,67,75,29.3
13-11-2020 23:00,108,67,76,29.3
13-11-2020 23:15,108,67,76,29.3
13-11-2020 23:30,108,67,76,29.4
13-11-2020 23:45,100,54,76,29.3
14-11-2020 00:00,100,54,77,29.3
14-11-2020 00:15,100,54,78,29.3
14-11-2020 00:30,100,54,78,29.3
14-11-2020 00:45,96,48,79,29.3
14-11-2020 01:00,96,48,80,29.2
14-11-2020 01:15,96,48,81,29.2
14-11-2020 01:30,96,48,81,29.3
14-11-2020 01:45,108,54,82,29.4
14-11-2020 02:00,108,54,82,29.3
14-11-2020 02:15,108,54,82,29.3
14-11-2020 02:30,108,54,82,29.3
14-11-2020 02:45,102,59,82,29.5
14-11-2020 03:00,102,59,82,29.7
14-11-2020 03:15,102,59,83,29.8
14-11-2020 03:30,102,59,84,29.5
14-11-2020 03:45,77,42,84,29.4
14-11-2020 04:00,77,42,83,29.3
14-11-2020 04:15,77,42,82,29.3
14-11-2020 04:30,77,42,82,29.3
14-11-2020 04:45,71,32,82,29.2
14-11-2020 05:00,71,32,82,29.2
14-11-2020 05:15,71,32,82,29.2
14-11-2020 05:30,71,32,83,29.2
14-11-2020 05:45,77,37,83,29.3
14-11-2020 06:00,77,37,83,29.3
14-11-2020 06:15,77,37,83,29.3
14-11-2020 06:30,77,37,82,29.3
14-11-2020 06:45,72,42,81,29.3
14-11-2020 07:00,72,42,79,29.2
14-11-2020 07:15,72,42,75,29.3
14-11-2020 07:30,72,42,72,29.2
14-11-2020 07:45,81,35,70,29.2
14-11-2020 08:00,81,35,68,29.1
14-11-2020 08:15,81,35,66,29.2
14-11-2020 08:30,81,35,65,29.2
14-11-2020 08:45,98,38,64,29.2
14-11-2020 09:00,98,38,63,29.2
14-11-2020 09:15,98,38,61,29.1
14-11-2020 09:30,98,38,60,29.2
14-11-2020 09:45,94,43,60,29.3
14-11-2020 10:00,94,43,59,29.7
14-11-2020 10:15,94,43,59,29.8
14-11-2020 10:30,94,43,59,29.5
14-11-2020 10:45,71,24,57,29.5
14-11-2020 11:00,71,24,56,29.8
14-11-2020 11:15,71,24,55,29.9
14-11-2020 11:30,71,24,55,29.7
14-11-2020 11:45,60,29,55,29.6
14-11-2020 12:00,60,29,54,29.8
14-11-2020 12:15,60,29,53,29.8
14-11-2020 12:30,60,29,53,29.5
14-11-2020 12:45,54,25,52,29.3
14-11-2020 13:00,54,25,52,29.3
14-11-2020 13:15,54,25,52,29.3
14-11-2020 13:30,54,25,52,29.3
14-11-2020 13:45,53,19,52,29.3
14-11-2020 14:00,53,19,51,29.2
14-11-2020 14:15,53,19,51,29.3
14-11-2020 14:30,53,19,50,29.3
14-11-2020 14:45,52,20,50,29.3
14-11-2020 15:00,52,20,50,29.3
14-11-2020 15:15,52,20,50,29.3
14-11-2020 15:30,52,20,50,29.3
14-11-2020 15:45,48,24,51,29.2
14-11-2020 16:00,48,24,52,29.2
14-11-2020 16:15,48,24,52,29.2
14-11-2020 16:30,48,24,53,29.2
14-11-2020 16:45,57,19,54,29.2
14-11-2020 17:00,57,19,55,29.1
14-11-2020 17:15,57,19,58,29.2
14-11-2020 17:30,57,19,59,29.3
14-11-2020 17:45,63,35,60,29.2
14-11-2020 18:00,63,35,61,29.1
14-11-2020 18:15,63,35,61,29.2
14-11-2020 18:30,63,35,63,29.2
14-11-2020 18:45,72,33,64,29.2
14-11-2020 19:00,72,33,63,29.1
14-11-2020 19:15,72,33,64,29.2
14-11-2020 19:30,72,33,65,29.2
14-11-2020 19:45,135,85,66,29.2
14-11-2020 20:00,135,85,66,29.1
14-11-2020 20:15,135,85,66,29.1
14-11-2020 20:30,135,85,67,29.2
14-11-2020 20:45,179,83,68,29.2
14-11-2020 21:00,179,83,67,29.1
14-11-2020 21:15,179,83,68,29.1
14-11-2020 21:30,179,83,69,29.2
14-11-2020 21:45,173,72,69,29.2
14-11-2020 22:00,173,72,69,29.1
14-11-2020 22:15,173,72,70,29.1
14-11-2020 22:30,173,72,70,29.2
14-11-2020 22:45,184,87,70,29.2
14-11-2020 23:00,184,87,71,29.1
14-11-2020 23:15,184,87,72,29.1
14-11-2020 23:30,184,87,74,29.2
14-11-2020 23:45,175,87,74,29.3
15-11-2020 00:00,175,87,72,29.2
15-11-2020 00:15,175,87,72,29.2
15-11-2020 00:30,175,87,72,29.2
15-11-2020 00:45,130,82,71,29.2
15-11-2020 01:00,130,82,70,29.2
15-11-2020 01:15,130,82,71,29.2
15-11-2020 01:30,130,82,72,29.2
15-11-2020 01:45,103,63,72,29.2
15-11-2020 02:00,103,63,73,29.2
15-11-2020 02:15,103,63,75,29.2
15-11-2020 02:30,103,63,76,29.1
15-11-2020 02:45,88,55,77,29.3
15-11-2020 03:00,88,55,77,29.7
15-11-2020 03:15,88,55,78,29.8
15-11-2020 03:30,88,55,79,29.6
15-11-2020 03:45,87,55,80,29.4
15-11-2020 04:00,87,55,80,29.2
15-11-2020 04:15,87,55,80,29.3
15-11-2020 04:30,87,55,81,29.3
15-11-2020 04:45,75,42,81,29.3
15-11-2020 05:00,75,42,82,29.2
15-11-2020 05:15,75,42,82,29.3
15-11-2020 05:30,75,42,82,29.3
15-11-2020 05:45,74,31,84,29.4
15-11-2020 06:00,74,31,84,29.3
15-11-2020 06:15,74,31,84,29.2
15-11-2020 06:30,74,31,84,29.2
15-11-2020 06:45,74,49,83,29.3
15-11-2020 07:00,74,49,82,29.3
15-11-2020 07:15,74,49,76,29.2
15-11-2020 07:30,74,49,69,29.3
15-11-2020 07:45,80,45,68,29.2
15-11-2020 08:00,80,45,68,29.1
15-11-2020 08:15,80,45,67,29.1
15-11-2020 08:30,80,45,66,29.1
15-11-2020 08:45,75,39,65,29.1
15-11-2020 09:00,75,39,62,29.1
15-11-2020 09:15,75,39,61,29.1
15-11-2020 09:30,75,39,59,29.2
15-11-2020 09:45,76,40,58,29.3
15-11-2020 10:00,76,40,58,29.7
15-11-2020 10:15,76,40,56,29.8
15-11-2020 10:30,76,40,55,29.5
15-11-2020 10:45,94,40,54,29.5
15-11-2020 11:00,94,40,53,29.8
15-11-2020 11:15,94,40,52,29.9
15-11-2020 11:30,94,40,52,29.7
15-11-2020 11:45,60,30,52,29.7
15-11-2020 12:00,60,30,52,29.9
15-11-2020 12:15,60,30,52,29.9
15-11-2020 12:30,60,30,52,29.6
15-11-2020 12:45,52,22,52,29.5
15-11-2020 13:00,52,22,52,29.3
15-11-2020 13:15,52,22,52,29.3
15-11-2020 13:30,52,22,52,29.4
15-11-2020 13:45,56,25,52,29.4
15-11-2020 14:00,56,25,52,29.3
15-11-2020 14:15,56,25,52,29.3
15-11-2020 14:30,56,25,51,29.3
15-11-2020 14:45,44,28,53,29.3
15-11-2020 15:00,44,28,54,29.3
15-11-2020 15:15,44,28,55,29.3
15-11-2020 15:30,44,28,55,29.2
15-11-2020 15:45,45,24,54,29.2
15-11-2020 16:00,45,24,54,29.2
15-11-2020 16:15,45,24,56,29.2
15-11-2020 16:30,45,24,57,29.1
15-11-2020 16:45,50,24,58,29.2
15-11-2020 17:00,50,24,58,29.2
15-11-2020 17:15,50,24,59,29.2
15-11-2020 17:30,50,24,60,29.2
15-11-2020 17:45,51,20,61,29.2
15-11-2020 18:00,51,20,62,29.1
15-11-2020 18:15,51,20,63,29.1
15-11-2020 18:30,51,20,64,29.1
15-11-2020 18:45,64,31,64,29.1
15-11-2020 19:00,64,31,65,29.1
15-11-2020 19:15,64,31,66,29.1
15-11-2020 19:30,64,31,67,29.2
15-11-2020 19:45,104,65,68,29.2
15-11-2020 20:00,104,65,68,29.2
15-11-2020 20:15,104,65,68,29.2
15-11-2020 20:30,104,65,69,29.2
15-11-2020 20:45,177,81,69,29.2
15-11-2020 21:00,177,81,70,29.1
15-11-2020 21:15,177,81,69,29.1
15-11-2020 21:30,177,81,69,29.1
15-11-2020 21:45,143,81,69,29.2
15-11-2020 22:00,143,81,68,29.2
15-11-2020 22:15,143,81,68,29.2
15-11-2020 22:30,143,81,68,29.2
15-11-2020 22:45,94,55,68,29.2
15-11-2020 23:00,94,55,69,29.2
15-11-2020 23:15,94,55,69,29.2
15-11-2020 23:30,94,55,70,29.1
15-11-2020 23:45,79,48,70,29.2
16-11-2020 00:00,79,48,71,29.1
16-11-2020 00:15,79,48,72,29.2
16-11-2020 00:30,79,48,73,29.2
16-11-2020 00:45,72,49,72,29.2
16-11-2020 01:00,72,49,72,29.2
16-11-2020 01:15,72,49,72,29.2
16-11-2020 01:30,72,49,72,29.2
16-11-2020 01:45,64,36,72,29.2
16-11-2020 02:00,64,36,71,29.2
16-11-2020 02:15,64,36,72,29.2
16-11-2020 02:30,64,36,71,29.2
16-11-2020 02:45,55,33,71,29.4
16-11-2020 03:00,55,33,71,29.7
16-11-2020 03:15,55,33,71,29.8
16-11-2020 03:30,55,33,72,29.6
16-11-2020 03:45,57,26,73,29.4
16-11-2020 04:00,57,26,74,29.3
16-11-2020 04:15,57,26,75,29.2
16-11-2020 04:30,57,26,76,29.2
16-11-2020 04:45,61,33,76,29.3
16-11-2020 05:00,61,33,75,29.3
16-11-2020 05:15,61,33,74,29.3
16-11-2020 05:30,61,33,75,29.2
16-11-2020 05:45,60,38,75,29.2
16-11-2020 06:00,60,38,75,29.3
16-11-2020 06:15,60,38,75,29.3
16-11-2020 06:30,60,38,77,29.3
16-11-2020 06:45,75,43,78,29.2
16-11-2020 07:00,75,43,78,29.2
16-11-2020 07:15,75,43,78,29.2
16-11-2020 07:30,75,43,76,29.3
16-11-2020 07:45,72,47,75,29.3
16-11-2020 08:00,72,47,72,29.2
16-11-2020 08:15,72,47,69,29.2
16-11-2020 08:30,72,47,66,29.1
16-11-2020 08:45,77,34,65,29.1
16-11-2020 09:00,77,34,65,29.1
16-11-2020 09:15,77,34,64,29.1
16-11-2020 09:30,77,34,63,29.1
16-11-2020 09:45,79,37,63,29.2
16-11-2020 10:00,79,37,62,29.7
16-11-2020 10:15,79,37,60,29.8
16-11-2020 10:30,79,37,59,29.5
16-11-2020 10:45,83,45,59,29.5
16-11-2020 11:00,83,45,59,29.8
16-11-2020 11:15,83,45,59,30
16-11-2020 11:30,83,45,58,29.7
16-11-2020 11:45,70,39,58,29.6
16-11-2020 12:00,70,39,57,29.8
16-11-2020 12:15,70,39,56,29.8
16-11-2020 12:30,70,39,56,29.5
16-11-2020 12:45,77,39,57,29.4
16-11-2020 13:00,77,39,58,29.3
16-11-2020 13:15,77,39,56,29.3
16-11-2020 13:30,77,39,56,29.3
16-11-2020 13:45,62,31,57,29.3
16-11-2020 14:00,62,31,58,29.2
16-11-2020 14:15,62,31,58,29.2
16-11-2020 14:30,62,31,57,29.2
16-11-2020 14:45,72,31,56,29.2
16-11-2020 15:00,72,31,58,29.2
16-11-2020 15:15,72,31,58,29.2
16-11-2020 15:30,72,31,59,29.3
16-11-2020 15:45,83,44,59,29.3
16-11-2020 16:00,83,44,58,29.2
16-11-2020 16:15,83,44,58,29.1
16-11-2020 16:30,83,44,58,29.1
16-11-2020 16:45,66,33,59,29.2
16-11-2020 17:00,66,33,60,29.2
16-11-2020 17:15,66,33,62,29.2
16-11-2020 17:30,66,33,63,29.2
16-11-2020 17:45,80,35,64,29.2
16-11-2020 18:00,80,35,65,29.2
16-11-2020 18:15,80,35,65,29.1
16-11-2020 18:30,80,35,65,29.1
16-11-2020 18:45,107,46,64,29.1
16-11-2020 19:00,107,46,64,29.1
16-11-2020 19:15,107,46,65,29.1
16-11-2020 19:30,107,46,65,29.1
16-11-2020 19:45,120,55,65,29.1
16-11-2020 20:00,120,55,66,29.1
16-11-2020 20:15,120,55,68,29.1
16-11-2020 20:30,120,55,69,29.1
16-11-2020 20:45,114,65,71,29.2
16-11-2020 21:00,114,65,71,29.1
16-11-2020 21:15,114,65,71,29.2
16-11-2020 21:30,114,65,72,29.2
16-11-2020 21:45,97,61,73,29.2
16-11-2020 22:00,97,61,74,29.2
16-11-2020 22:15,97,61,74,29.2
16-11-2020 22:30,97,61,74,29.3
16-11-2020 22:45,93,53,75,29.2
16-11-2020 23:00,93,53,76,29.2
16-11-2020 23:15,93,53,77,29.3
16-11-2020 23:30,93,53,78,29.2
16-11-2020 23:45,93,47,77,29.2
17-11-2020 00:00,93,47,77,29.2
17-11-2020 00:15,93,47,77,29.3
17-11-2020 00:30,93,47,77,29.2
17-11-2020 00:45,83,43,77,29.3
17-11-2020 01:00,83,43,76,29.2
17-11-2020 01:15,83,43,76,29.2
17-11-2020 01:30,83,43,77,29.2
17-11-2020 01:45,80,46,79,29.3
17-11-2020 02:00,80,46,80,29.3
17-11-2020 02:15,80,46,80,29.3
17-11-2020 02:30,80,46,80,29.3
17-11-2020 02:45,73,38,81,29.4
17-11-2020 03:00,73,38,82,29.7
17-11-2020 03:15,73,38,82,29.8
17-11-2020 03:30,73,38,82,29.5
17-11-2020 03:45,68,39,82,29.4
17-11-2020 04:00,68,39,82,29.3
17-11-2020 04:15,68,39,83,29.3
17-11-2020 04:30,68,39,83,29.2
17-11-2020 04:45,73,40,84,29.3
17-11-2020 05:00,73,40,84,29.3
17-11-2020 05:15,73,40,84,29.3
17-11-2020 05:30,73,40,84,29.3
17-11-2020 05:45,82,51,84,29.3
17-11-2020 06:00,82,51,84,29.3
17-11-2020 06:15,82,51,84,29.3
17-11-2020 06:30,82,51,85,29.3
17-11-2020 06:45,85,56,84,29.3
17-11-2020 07:00,85,56,83,29.3
17-11-2020 07:15,85,56,79,29.2
17-11-2020 07:30,85,56,75,29.3
17-11-2020 07:45,98,63,72,29.3
17-11-2020 08:00,98,63,67,29.2
17-11-2020 08:15,98,63,64,29.2
17-11-2020 08:30,98,63,62,29.2
17-11-2020 08:45,89,47,61,29.1
17-11-2020 09:00,89,47,60,29.1
17-11-2020 09:15,89,47,59,29.1
17-11-2020 09:30,89,47,57,29.1
17-11-2020 09:45,86,48,56,29.3
17-11-2020 10:00,86,48,56,29.7
17-11-2020 10:15,86,48,56,29.7
17-11-2020 10:30,86,48,55,29.5
17-11-2020 10:45,89,46,54,29.5
17-11-2020 11:00,89,46,53,29.8
17-11-2020 11:15,89,46,51,29.9
17-11-2020 11:30,89,46,51,29.7
17-11-2020 11:45,79,28,51,29.6
17-11-2020 12:00,79,28,50,29.9
17-11-2020 12:15,79,28,48,29.9
17-11-2020 12:30,79,28,47,29.5
17-11-2020 12:45,69,36,46,29.4
17-11-2020 13:00,69,36,46,29.3
17-11-2020 13:15,69,36,45,29.2
17-11-2020 13:30,69,36,44,29.3
17-11-2020 13:45,70,33,42,29.3
17-11-2020 14:00,70,33,42,29.3
17-11-2020 14:15,70,33,43,29.3
17-11-2020 14:30,70,33,44,29.3
17-11-2020 14:45,64,30,44,29.3
17-11-2020 15:00,64,30,44,29.3
17-11-2020 15:15,64,30,44,29.4
17-11-2020 15:30,64,30,43,29.4
17-11-2020 15:45,59,30,43,29.3
17-11-2020 16:00,59,30,44,29.3
17-11-2020 16:15,59,30,44,29.3
17-11-2020 16:30,59,30,45,29.3
17-11-2020 16:45,57,27,45,29.3
17-11-2020 17:00,57,27,47,29.3
17-11-2020 17:15,57,27,47,29.3
17-11-2020 17:30,57,27,48,29.3
17-11-2020 17:45,67,38,48,29.3
17-11-2020 18:00,67,38,49,29.2
17-11-2020 18:15,67,38,51,29.2
17-11-2020 18:30,67,38,53,29.2
17-11-2020 18:45,78,36,53,29.2
17-11-2020 19:00,78,36,53,29.1
17-11-2020 19:15,78,36,54,29.1
17-11-2020 19:30,78,36,57,29.1
17-11-2020 19:45,92,32,58,29.2
17-11-2020 20:00,92,32,59,29.1
17-11-2020 20:15,92,32,61,29.1
17-11-2020 20:30,92,32,62,29.1
17-11-2020 20:45,111,55,62,29.2
17-11-2020 21:00,111,55,62,29.2
17-11-2020 21:15,111,55,62,29.2
17-11-2020 21:30,111,55,63,29.2
17-11-2020 21:45,104,53,63,29.2
17-11-2020 22:00,104,53,65,29.1
17-11-2020 22:15,104,53,66,29.2
17-11-2020 22:30,104,53,67,29.2
17-11-2020 22:45,110,52,68,29.3
17-11-2020 23:00,110,52,69,29.3
17-11-2020 23:15,110,52,71,29.3
17-11-2020 23:30,110,52,71,29.2
17-11-2020 23:45,114,53,71,29.3
18-11-2020 00:00,114,53,72,29.2
18-11-2020 00:15,114,53,73,29.3
18-11-2020 00:30,114,53,74,29.2
18-11-2020 00:45,94,56,76,29.3
18-11-2020 01:00,94,56,76,29.2
18-11-2020 01:15,94,56,76,29.3
18-11-2020 01:30,94,56,77,29.3
18-11-2020 01:45,75,44,78,29.3
18-11-2020 02:00,75,44,80,29.3
18-11-2020 02:15,75,44,80,29.3
18-11-2020 02:30,75,44,80,29.3
18-11-2020 02:45,79,42,80,29.5
18-11-2020 03:00,79,42,81,29.8
18-11-2020 03:15,79,42,82,29.9
18-11-2020 03:30,79,42,83,29.6
18-11-2020 03:45,73,46,84,29.5
18-11-2020 04:00,73,46,84,29.4
18-11-2020 04:15,73,46,84,29.3
18-11-2020 04:30,73,46,84,29.3
18-11-2020 04:45,76,46,85,29.3
18-11-2020 05:00,76,46,86,29.3
18-11-2020 05:15,76,46,86,29.3
18-11-2020 05:30,76,46,86,29.3
18-11-2020 05:45,70,47,87,29.3
18-11-2020 06:00,70,47,86,29.3
18-11-2020 06:15,70,47,86,29.3
18-11-2020 06:30,70,47,86,29.4
18-11-2020 06:45,66,42,86,29.4
18-11-2020 07:00,66,42,87,29.3
18-11-2020 07:15,66,42,87,29.3
18-11-2020 07:30,66,42,86,29.3
18-11-2020 07:45,71,37,82,29.3
18-11-2020 08:00,71,37,78,29.2
18-11-2020 08:15,71,37,76,29.2
18-11-2020 08:30,71,37,74,29.2
18-11-2020 08:45,70,37,74,29.2
18-11-2020 09:00,70,37,74,29.1
18-11-2020 09:15,70,37,73,29.1
18-11-2020 09:30,70,37,71,29.1
18-11-2020 09:45,60,33,70,29.3
18-11-2020 10:00,60,33,69,29.7
18-11-2020 10:15,60,33,69,29.8
18-11-2020 10:30,60,33,67,29.5
18-11-2020 10:45,62,30,64,29.5
18-11-2020 11:00,62,30,65,29.8
18-11-2020 11:15,62,30,62,30
18-11-2020 11:30,62,30,61,29.6
18-11-2020 11:45,66,21,60,29.5
18-11-2020 12:00,66,21,59,29.8
18-11-2020 12:15,66,21,58,29.7
18-11-2020 12:30,66,21,58,29.5
18-11-2020 12:45,58,27,58,29.3
18-11-2020 13:00,58,27,57,29.2
18-11-2020 13:15,58,27,57,29.2
18-11-2020 13:30,58,27,56,29.2
18-11-2020 13:45,50,23,56,29.2
18-11-2020 14:00,50,23,56,29.2
18-11-2020 14:15,50,23,56,29.2
18-11-2020 14:30,50,23,56,29.3
18-11-2020 14:45,49,23,57,29.2
18-11-2020 15:00,49,23,58,29.2
18-11-2020 15:15,49,23,58,29.1
18-11-2020 15:30,49,23,58,29.2
18-11-2020 15:45,43,21,58,29.2
18-11-2020 16:00,43,21,57,29.2
18-11-2020 16:15,43,21,57,29.2
18-11-2020 16:30,43,21,57,29.2
18-11-2020 16:45,43,20,58,29.2
18-11-2020 17:00,43,20,59,29.1
18-11-2020 17:15,43,20,60,29.1
18-11-2020 17:30,43,20,63,29.1
18-11-2020 17:45,47,28,66,29.2
18-11-2020 18:00,47,28,69,29.2
18-11-2020 18:15,47,28,69,29.1
18-11-2020 18:30,47,28,69,29.1
18-11-2020 18:45,78,30,70,29.2
18-11-2020 19:00,78,30,71,29.2
18-11-2020 19:15,78,30,71,29.2
18-11-2020 19:30,78,30,71,29.2
18-11-2020 19:45,82,30,71,29.2
18-11-2020 20:00,82,30,72,29.1
18-11-2020 20:15,82,30,73,29.1
18-11-2020 20:30,82,30,72,29.1
18-11-2020 20:45,84,36,73,29.1
18-11-2020 21:00,84,36,73,29.1
18-11-2020 21:15,84,36,73,29.2
18-11-2020 21:30,84,36,73,29.1
18-11-2020 21:45,76,37,74,29.1
18-11-2020 22:00,76,37,74,29.1
18-11-2020 22:15,76,37,74,29.2
18-11-2020 22:30,76,37,74,29.2
18-11-2020 22:45,78,34,74,29.2
18-11-2020 23:00,78,34,74,29.1
18-11-2020 23:15,78,34,74,29.1
18-11-2020 23:30,78,34,75,29.2
18-11-2020 23:45,63,32,76,29.2
19-11-2020 00:00,63,32,77,29.1
19-11-2020 00:15,63,32,78,29.1
19-11-2020 00:30,63,32,79,29.2
19-11-2020 00:45,60,24,80,29.2
19-11-2020 01:00,60,24,80,29.1
19-11-2020 01:15,60,24,81,29.1
19-11-2020 01:30,60,24,82,29.2
19-11-2020 01:45,42,25,82,29.2
19-11-2020 02:00,42,25,83,29.2
19-11-2020 02:15,42,25,83,29.2
19-11-2020 02:30,42,25,84,29.2
19-11-2020 02:45,50,25,84,29.4
19-11-2020 03:00,50,25,84,29.7
19-11-2020 03:15,50,25,84,29.8
19-11-2020 03:30,50,25,84,29.5
19-11-2020 03:45,47,20,84,29.4
19-11-2020 04:00,47,20,84,29.3
19-11-2020 04:15,47,20,84,29.2
19-11-2020 04:30,47,20,84,29.2
19-11-2020 04:45,39,29,84,29.2
19-11-2020 05:00,39,29,84,29.2
19-11-2020 05:15,39,29,84,29.2
19-11-2020 05:30,39,29,84,29.2
19-11-2020 05:45,45,24,84,29.2
19-11-2020 06:00,45,24,84,29.2
19-11-2020 06:15,45,24,84,29.2
19-11-2020 06:30,45,24,84,29.2
19-11-2020 06:45,47,30,83,29.3
19-11-2020 07:00,47,30,83,29.2
19-11-2020 07:15,47,30,82,29.2
19-11-2020 07:30,47,30,81,29.2
19-11-2020 07:45,39,28,78,29.3
19-11-2020 08:00,39,28,78,29.3
19-11-2020 08:15,39,28,77,29.2
19-11-2020 08:30,39,28,74,29.1
19-11-2020 08:45,54,23,72,29.1
19-11-2020 09:00,54,23,71,29.1
19-11-2020 09:15,54,23,70,29.1
19-11-2020 09:30,54,23,70,29.1
19-11-2020 09:45,60,23,69,29.3
19-11-2020 10:00,60,23,66,29.7
19-11-2020 10:15,60,23,66,29.8
19-11-2020 10:30,60,23,65,29.5
19-11-2020 10:45,64,24,63,29.4
19-11-2020 11:00,64,24,61,29.7
19-11-2020 11:15,64,24,60,29.9
19-11-2020 11:30,64,24,60,29.7
19-11-2020 11:45,58,21,58,29.6
19-11-2020 12:00,58,21,57,29.8
19-11-2020 12:15,58,21,56,29.9
19-11-2020 12:30,58,21,56,29.6
19-11-2020 12:45,55,22,57,29.5
19-11-2020 13:00,55,22,56,29.3
19-11-2020 13:15,55,22,55,29.2
19-11-2020 13:30,55,22,55,29.2
19-11-2020 13:45,47,17,54,29.2
19-11-2020 14:00,47,17,53,29.2
19-11-2020 14:15,47,17,55,29.2
19-11-2020 14:30,47,17,55,29.2
19-11-2020 14:45,42,14,54,29.2
19-11-2020 15:00,42,14,52,29.2
19-11-2020 15:15,42,14,53,29.2
19-11-2020 15:30,42,14,54,29.2
19-11-2020 15:45,59,19,54,29.3
19-11-2020 16:00,59,19,53,29.3
19-11-2020 16:15,59,19,54,29.3
19-11-2020 16:30,59,19,55,29.3
19-11-2020 16:45,56,15,57,29.3
19-11-2020 17:00,56,15,58,29.3
19-11-2020 17:15,56,15,60,29.3
19-11-2020 17:30,56,15,61,29.2
19-11-2020 17:45,61,20,63,29.2
19-11-2020 18:00,61,20,65,29.2
19-11-2020 18:15,61,20,65,29.2
19-11-2020 18:30,61,20,66,29.2
19-11-2020 18:45,71,28,66,29.1
19-11-2020 19:00,71,28,67,29.1
19-11-2020 19:15,71,28,68,29.1
19-11-2020 19:30,71,28,68,29.1
19-11-2020 19:45,74,27,69,29.2
19-11-2020 20:00,74,27,69,29.1
19-11-2020 20:15,74,27,70,29.1
19-11-2020 20:30,74,27,70,29.1
19-11-2020 20:45,72,33,71,29.1
19-11-2020 21:00,72,33,71,29.1
19-11-2020 21:15,72,33,71,29.1
19-11-2020 21:30,72,33,71,29.1
19-11-2020 21:45,75,28,71,29.1
19-11-2020 22:00,75,28,72,29
19-11-2020 22:15,75,28,73,29
19-11-2020 22:30,75,28,73,29.1
19-11-2020 22:45,63,31,74,29.1
19-11-2020 23:00,63,31,75,29.1
19-11-2020 23:15,63,31,76,29.2
19-11-2020 23:30,63,31,77,29.2
19-11-2020 23:45,57,22,78,29.2
20-11-2020 00:00,57,22,79,29.2
20-11-2020 00:15,57,22,80,29.2
20-11-2020 00:30,57,22,80,29.2
20-11-2020 00:45,44,20,80,29.2
20-11-2020 01:00,44,20,81,29.1
20-11-2020 01:15,44,20,82,29.2
20-11-2020 01:30,44,20,82,29.2
20-11-2020 01:45,41,22,83,29.2
20-11-2020 02:00,41,22,83,29.2
20-11-2020 02:15,41,22,84,29.2
20-11-2020 02:30,41,22,84,29.2
20-11-2020 02:45,63,34,85,29.4
20-11-2020 03:00,63,34,85,29.7
20-11-2020 03:15,63,34,86,29.8
20-11-2020 03:30,63,34,86,29.5
20-11-2020 03:45,50,33,86,29.4
20-11-2020 04:00,50,33,87,29.3
20-11-2020 04:15,50,33,87,29.3
20-11-2020 04:30,50,33,87,29.2
20-11-2020 04:45,40,30,87,29.3
20-11-2020 05:00,40,30,87,29.2
20-11-2020 05:15,40,30,87,29.2
20-11-2020 05:30,40,30,87,29.3
20-11-2020 05:45,46,25,87,29.3
20-11-2020 06:00,46,25,87,29.2
20-11-2020 06:15,46,25,87,29.3
20-11-2020 06:30,46,25,87,29.3
20-11-2020 06:45,50,33,87,29.3
20-11-2020 07:00,50,33,87,29.3
20-11-2020 07:15,50,33,86,29.4
20-11-2020 07:30,50,33,83,29.4
20-11-2020 07:45,66,35,80,29.2
20-11-2020 08:00,66,35,76,29.2
20-11-2020 08:15,66,35,70,29.2
20-11-2020 08:30,66,35,67,29.1
20-11-2020 08:45,78,40,64,29
20-11-2020 09:00,78,40,64,29
20-11-2020 09:15,78,40,63,29.1
20-11-2020 09:30,78,40,62,29
20-11-2020 09:45,77,35,62,29.2
20-11-2020 10:00,77,35,60,29.6
20-11-2020 10:15,77,35,57,29.7
20-11-2020 10:30,77,35,51,29.5
20-11-2020 10:45,73,23,48,29.4
20-11-2020 11:00,73,23,48,29.7
20-11-2020 11:15,73,23,48,29.8
20-11-2020 11:30,73,23,47,29.6
20-11-2020 11:45,56,17,48,29.5
20-11-2020 12:00,56,17,48,29.8
20-11-2020 12:15,56,17,48,29.8
20-11-2020 12:30,56,17,46,29.5
20-11-2020 12:45,54,13,45,29.4
20-11-2020 13:00,54,13,44,29.2
20-11-2020 13:15,54,13,44,29.2
20-11-2020 13:30,54,13,44,29.3
20-11-2020 13:45,72,31,44,29.2
20-11-2020 14:00,72,31,42,29.2
20-11-2020 14:15,72,31,42,29.1
20-11-2020 14:30,72,31,41,29.2
20-11-2020 14:45,52,18,41,29.3
20-11-2020 15:00,52,18,43,29.3
20-11-2020 15:15,52,18,43,29.4
20-11-2020 15:30,52,18,44,29.4
20-11-2020 15:45,51,17,44,29.4
20-11-2020 16:00,51,17,45,29.4
20-11-2020 16:15,51,17,45,29.4
20-11-2020 16:30,51,17,46,29.4
20-11-2020 16:45,51,13,48,29.4
20-11-2020 17:00,51,13,50,29.3
20-11-2020 17:15,51,13,51,29.3
20-11-2020 17:30,51,13,51,29.3
20-11-2020 17:45,72,24,52,29.2
20-11-2020 18:00,72,24,53,29.3
20-11-2020 18:15,72,24,54,29.2
20-11-2020 18:30,72,24,56,29.2
20-11-2020 18:45,81,29,56,29.2
20-11-2020 19:00,81,29,58,29.2
20-11-2020 19:15,81,29,59,29.2
20-11-2020 19:30,81,29,59,29.2
20-11-2020 19:45,75,27,60,29.2
20-11-2020 20:00,75,27,61,29.2
20-11-2020 20:15,75,27,63,29.2
20-11-2020 20:30,75,27,64,29.2
20-11-2020 20:45,67,28,66,29.2
20-11-2020 21:00,67,28,68,29.1
20-11-2020 21:15,67,28,68,29.2
20-11-2020 21:30,67,28,69,29.2
20-11-2020 21:45,72,30,69,29.2
20-11-2020 22:00,72,30,69,29.2
20-11-2020 22:15,72,30,70,29.1
20-11-2020 22:30,72,30,71,29.1
20-11-2020 22:45,62,30,72,29.2
20-11-2020 23:00,62,30,72,29.2
20-11-2020 23:15,62,30,72,29.2
20-11-2020 23:30,62,30,74,29.2
20-11-2020 23:45,77,34,76,29.2
21-11-2020 00:00,77,34,77,29.2
21-11-2020 00:15,77,34,78,29.3
21-11-2020 00:30,77,34,79,29.2
21-11-2020 00:45,77,25,79,29.3
21-11-2020 01:00,77,25,78,29.3
21-11-2020 01:15,77,25,78,29.3
21-11-2020 01:30,77,25,79,29.3
21-11-2020 01:45,61,27,79,29.3
21-11-2020 02:00,61,27,79,29.3
21-11-2020 02:15,61,27,79,29.3
21-11-2020 02:30,61,27,79,29.3
21-11-2020 02:45,66,25,79,29.4
21-11-2020 03:00,66,25,79,29.7
21-11-2020 03:15,66,25,80,29.8
21-11-2020 03:30,66,25,80,29.5
21-11-2020 03:45,48,26,81,29.3
21-11-2020 04:00,48,26,82,29.3
21-11-2020 04:15,48,26,81,29.2
21-11-2020 04:30,48,26,81,29.3
21-11-2020 04:45,48,25,82,29.3
21-11-2020 05:00,48,25,82,29.2
21-11-2020 05:15,48,25,82,29.3
21-11-2020 05:30,48,25,82,29.3
21-11-2020 05:45,48,25,82,29.3
21-11-2020 06:00,48,25,82,29.2
21-11-2020 06:15,48,25,82,29.2
21-11-2020 06:30,48,25,82,29.2
21-11-2020 06:45,43,21,82,29.3
21-11-2020 07:00,43,21,80,29.2
21-11-2020 07:15,43,21,75,29.2
21-11-2020 07:30,43,21,70,29.2
21-11-2020 07:45,54,27,66,29.2
21-11-2020 08:00,54,27,66,29.1
21-11-2020 08:15,54,27,62,29.1
21-11-2020 08:30,54,27,60,29.1
21-11-2020 08:45,80,22,57,29.1
21-11-2020 09:00,80,22,55,29
21-11-2020 09:15,80,22,53,29
21-11-2020 09:30,80,22,51,29.1
21-11-2020 09:45,57,18,49,29.3
21-11-2020 10:00,57,18,47,29.7
21-11-2020 10:15,57,18,45,29.7
21-11-2020 10:30,57,18,44,29.4
21-11-2020 10:45,51,15,44,29.4
21-11-2020 11:00,51,15,44,29.8
21-11-2020 11:15,51,15,43,29.9
21-11-2020 11:30,51,15,42,29.6
21-11-2020 11:45,45,16,41,29.6
21-11-2020 12:00,45,16,42,29.9
21-11-2020 12:15,45,16,42,29.9
21-11-2020 12:30,45,16,42,29.6
21-11-2020 12:45,73,21,43,29.5
21-11-2020 13:00,73,21,43,29.4
21-11-2020 13:15,73,21,42,29.4
21-11-2020 13:30,73,21,43,29.4
21-11-2020 13:45,70,24,43,29.5
21-11-2020 14:00,70,24,43,29.4
21-11-2020 14:15,70,24,43,29.3
21-11-2020 14:30,70,24,45,29.3
21-11-2020 14:45,94,27,47,29.3
21-11-2020 15:00,94,27,46,29.3
21-11-2020 15:15,94,27,46,29.3
21-11-2020 15:30,94,27,47,29.4
21-11-2020 15:45,77,22,47,29.4
21-11-2020 16:00,77,22,48,29.4
21-11-2020 16:15,77,22,48,29.3
21-11-2020 16:30,77,22,49,29.3
21-11-2020 16:45,78,23,50,29.3
21-11-2020 17:00,78,23,50,29.2
21-11-2020 17:15,78,23,51,29.2
21-11-2020 17:30,78,23,53,29.3
21-11-2020 17:45,135,35,55,29.3
21-11-2020 18:00,135,35,56,29.2
21-11-2020 18:15,135,35,57,29.1
21-11-2020 18:30,135,35,59,29.2
21-11-2020 18:45,150,56,61,29.3
21-11-2020 19:00,150,56,62,29.3
21-11-2020 19:15,150,56,62,29.3
21-11-2020 19:30,150,56,63,29.3
21-11-2020 19:45,175,60,63,29.3
21-11-2020 20:00,175,60,63,29.2
21-11-2020 20:15,175,60,61,29.2
21-11-2020 20:30,175,60,61,29.2
21-11-2020 20:45,175,86,64,29.2
21-11-2020 21:00,175,86,64,29.2
21-11-2020 21:15,175,86,65,29.2
21-11-2020 21:30,175,86,64,29.2
21-11-2020 21:45,180,80,64,29.2
21-11-2020 22:00,180,80,65,29.2
21-11-2020 22:15,180,80,65,29.1
21-11-2020 22:30,180,80,65,29.2
21-11-2020 22:45,133,58,65,29.2
21-11-2020 23:00,133,58,66,29.1
21-11-2020 23:15,133,58,67,29.1
21-11-2020 23:30,133,58,67,29.2
21-11-2020 23:45,119,49,68,29.2
22-11-2020 00:00,119,49,68,29.2
22-11-2020 00:15,119,49,69,29.2
22-11-2020 00:30,119,49,70,29.2
22-11-2020 00:45,116,46,70,29.3
22-11-2020 01:00,116,46,72,29.2
22-11-2020 01:15,116,46,72,29.2
22-11-2020 01:30,116,46,73,29.2
22-11-2020 01:45,126,54,73,29.2
22-11-2020 02:00,126,54,74,29.2
22-11-2020 02:15,126,54,74,29.2
22-11-2020 02:30,126,54,75,29.2
22-11-2020 02:45,132,53,75,29.5
22-11-2020 03:00,132,53,75,29.8
22-11-2020 03:15,132,53,75,29.9
22-11-2020 03:30,132,53,74,29.6
22-11-2020 03:45,119,60,75,29.4
22-11-2020 04:00,119,60,76,29.3
22-11-2020 04:15,119,60,76,29.3
22-11-2020 04:30,119,60,76,29.3
22-11-2020 04:45,89,49,76,29.3
22-11-2020 05:00,89,49,77,29.3
22-11-2020 05:15,89,49,78,29.2
22-11-2020 05:30,89,49,77,29.3
22-11-2020 05:45,95,46,78,29.3
22-11-2020 06:00,95,46,79,29.3
22-11-2020 06:15,95,46,80,29.3
22-11-2020 06:30,95,46,82,29.3
22-11-2020 06:45,84,47,82,29.3
22-11-2020 07:00,84,47,82,29.3
22-11-2020 07:15,84,47,81,29.3
22-11-2020 07:30,84,47,78,29.2
22-11-2020 07:45,157,74,76,29.3
22-11-2020 08:00,157,74,74,29.2
22-11-2020 08:15,157,74,73,29.1
22-11-2020 08:30,157,74,73,29.1
22-11-2020 08:45,86,45,72,29.2
22-11-2020 09:00,86,45,72,29.1
22-11-2020 09:15,86,45,68,29.1
22-11-2020 09:30,86,45,66,29.1
22-11-2020 09:45,82,43,66,29.3
22-11-2020 10:00,82,43,65,29.6
22-11-2020 10:15,82,43,63,29.8
22-11-2020 10:30,82,43,64,29.4
22-11-2020 10:45,96,54,62,29.4
22-11-2020 11:00,96,54,60,29.7
22-11-2020 11:15,96,54,60,29.9
22-11-2020 11:30,96,54,59,29.6
22-11-2020 11:45,99,59,59,29.5
22-11-2020 12:00,99,59,57,29.8
22-11-2020 12:15,99,59,56,29.8
22-11-2020 12:30,99,59,57,29.5
22-11-2020 12:45,100,50,55,29.3
22-11-2020 13:00,100,50,54,29.2
22-11-2020 13:15,100,50,53,29.1
22-11-2020 13:30,100,50,53,29.2
22-11-2020 13:45,88,40,52,29.2
22-11-2020 14:00,88,40,52,29.1
22-11-2020 14:15,88,40,51,29.1
22-11-2020 14:30,88,40,51,29.2
22-11-2020 14:45,81,41,50,29.2
22-11-2020 15:00,81,41,50,29.2
22-11-2020 15:15,81,41,52,29.1
22-11-2020 15:30,81,41,53,29.2
22-11-2020 15:45,81,48,53,29.3
22-11-2020 16:00,81,48,55,29.3
22-11-2020 16:15,81,48,54,29.2
22-11-2020 16:30,81,48,54,29.2
22-11-2020 16:45,91,47,55,29.2
22-11-2020 17:00,91,47,57,29.1
22-11-2020 17:15,91,47,57,29.1
22-11-2020 17:30,91,47,58,29.1
22-11-2020 17:45,106,53,58,29.1
22-11-2020 18:00,106,53,58,29.1
22-11-2020 18:15,106,53,60,29.1
22-11-2020 18:30,106,53,61,29.1
22-11-2020 18:45,149,67,62,29.2
22-11-2020 19:00,149,67,64,29.1
22-11-2020 19:15,149,67,63,29.1
22-11-2020 19:30,149,67,62,29.2
22-11-2020 19:45,140,63,63,29.2
22-11-2020 20:00,140,63,63,29.1
22-11-2020 20:15,140,63,63,29.1
22-11-2020 20:30,140,63,63,29.1
22-11-2020 20:45,128,69,64,29.1
22-11-2020 21:00,128,69,64,29
22-11-2020 21:15,128,69,65,29.1
22-11-2020 21:30,128,69,66,29.1
22-11-2020 21:45,140,83,67,29.1
22-11-2020 22:00,140,83,68,29.1
22-11-2020 22:15,140,83,69,29.1
22-11-2020 22:30,140,83,69,29.1
22-11-2020 22:45,127,76,70,29.2
22-11-2020 23:00,127,76,70,29.1
22-11-2020 23:15,127,76,71,29.1
22-11-2020 23:30,127,76,72,29.2
22-11-2020 23:45,120,68,72,29.3
23-11-2020 00:00,120,68,72,29.2
23-11-2020 00:15,120,68,73,29.2
23-11-2020 00:30,120,68,72,29.2
23-11-2020 00:45,114,80,73,29.2
23-11-2020 01:00,114,80,73,29.1
23-11-2020 01:15,114,80,73,29.2
23-11-2020 01:30,114,80,73,29.2
23-11-2020 01:45,108,63,73,29.2
23-11-2020 02:00,108,63,72,29.2
23-11-2020 02:15,108,63,71,29.2
23-11-2020 02:30,108,63,70,29.2
23-11-2020 02:45,92,56,70,29.4
23-11-2020 03:00,92,56,70,29.7
23-11-2020 03:15,92,56,71,29.8
23-11-2020 03:30,92,56,71,29.5
23-11-2020 03:45,83,57,72,29.4
23-11-2020 04:00,83,57,72,29.3
23-11-2020 04:15,83,57,74,29.2
23-11-2020 04:30,83,57,75,29.2
23-11-2020 04:45,77,51,75,29.2
23-11-2020 05:00,77,51,74,29.2
23-11-2020 05:15,77,51,74,29.3
23-11-2020 05:30,77,51,74,29.3
23-11-2020 05:45,83,56,76,29.3
23-11-2020 06:00,83,56,77,29.2
23-11-2020 06:15,83,56,78,29.2
23-11-2020 06:30,83,56,79,29.3
23-11-2020 06:45,97,66,80,29.3
23-11-2020 07:00,97,66,79,29.3
23-11-2020 07:15,97,66,76,29.3
23-11-2020 07:30,97,66,74,29.3
23-11-2020 07:45,114,66,72,29.2
23-11-2020 08:00,114,66,69,29.1
23-11-2020 08:15,114,66,67,29.2
23-11-2020 08:30,114,66,65,29.2
23-11-2020 08:45,142,78,65,29.2
23-11-2020 09:00,142,78,64,29.2
23-11-2020 09:15,142,78,63,29.2
23-11-2020 09:30,142,78,62,29.1
23-11-2020 09:45,139,74,60,29.3
23-11-2020 10:00,139,74,59,29.7
23-11-2020 10:15,139,74,58,29.8
23-11-2020 10:30,139,74,58,29.5
23-11-2020 10:45,103,53,56,29.5
23-11-2020 11:00,103,53,55,29.8
23-11-2020 11:15,103,53,54,29.9
23-11-2020 11:30,103,53,52,29.7
23-11-2020 11:45,95,51,52,29.6
23-11-2020 12:00,95,51,52,29.8
23-11-2020 12:15,95,51,51,29.8
23-11-2020 12:30,95,51,50,29.5
23-11-2020 12:45,103,47,49,29.4
23-11-2020 13:00,103,47,48,29.3
23-11-2020 13:15,103,47,47,29.3
23-11-2020 13:30,103,47,46,29.3
23-11-2020 13:45,92,44,46,29.2
23-11-2020 14:00,92,44,45,29.2
23-11-2020 14:15,92,44,44,29.2
23-11-2020 14:30,92,44,44,29.3
23-11-2020 14:45,88,38,44,29.3
23-11-2020 15:00,88,38,44,29.2
23-11-2020 15:15,88,38,44,29.2
23-11-2020 15:30,88,38,44,29.2
23-11-2020 15:45,83,37,45,29.3
23-11-2020 16:15,83,37,46,29.2
23-11-2020 16:30,83,37,47,29.3
23-11-2020 16:45,107,44,48,29.3
23-11-2020 17:00,107,44,49,29.3
23-11-2020 17:15,107,44,50,29.3
23-11-2020 17:30,107,44,52,29.3
23-11-2020 17:45,138,53,54,29.3
23-11-2020 18:00,138,53,55,29.3
23-11-2020 18:15,138,53,54,29.2
23-11-2020 18:30,138,53,53,29.2
23-11-2020 18:45,173,74,53,29.3
23-11-2020 19:00,173,74,54,29.1
23-11-2020 19:15,173,74,56,29.1
23-11-2020 19:30,173,74,56,29.2
23-11-2020 19:45,177,82,55,29.2
23-11-2020 20:00,177,82,54,29.1
23-11-2020 20:15,177,82,53,29.1
23-11-2020 20:30,177,82,54,29.2
23-11-2020 20:45,175,72,55,29.2
23-11-2020 21:00,175,72,56,29.2
23-11-2020 21:15,175,72,54,29.2
23-11-2020 21:30,175,72,53,29.2
23-11-2020 21:45,171,72,54,29.2
23-11-2020 22:00,171,72,53,29.2
23-11-2020 22:15,171,72,54,29.2
23-11-2020 22:30,171,72,54,29.2
23-11-2020 22:45,185,72,54,29.2
23-11-2020 23:00,185,72,55,29.1
23-11-2020 23:15,185,72,54,29.1
23-11-2020 23:30,185,72,55,29.2
23-11-2020 23:45,173,85,57,29.2
24-11-2020 00:00,173,85,56,29.2
24-11-2020 00:15,173,85,56,29.1
24-11-2020 00:30,173,85,55,29.1
24-11-2020 00:45,145,76,56,29.1
24-11-2020 01:00,145,76,56,29.1
24-11-2020 01:15,145,76,57,29.1
24-11-2020 01:30,145,76,58,29.1
24-11-2020 01:45,122,66,59,29.2
24-11-2020 02:00,122,66,59,29.2
24-11-2020 02:15,122,66,61,29.2
24-11-2020 02:30,122,66,61,29.2
24-11-2020 02:45,137,64,60,29.4
24-11-2020 03:00,137,64,59,29.7
24-11-2020 03:15,137,64,59,29.8
24-11-2020 03:30,137,64,61,29.5
24-11-2020 03:45,116,65,63,29.4
24-11-2020 04:00,116,65,64,29.3
24-11-2020 04:15,116,65,64,29.2
24-11-2020 04:30,116,65,64,29.2
24-11-2020 04:45,127,58,65,29.2
24-11-2020 05:00,127,58,66,29.2
24-11-2020 05:15,127,58,66,29.2
24-11-2020 05:30,127,58,66,29.2
24-11-2020 05:45,122,59,66,29.2
24-11-2020 06:00,122,59,66,29.2
24-11-2020 06:15,122,59,66,29.2
24-11-2020 06:30,122,59,66,29.2
24-11-2020 06:45,121,67,64,29.2
24-11-2020 07:00,121,67,63,29.2
24-11-2020 07:15,121,67,64,29.2
24-11-2020 07:30,121,67,64,29.2
24-11-2020 07:45,145,76,64,29.2
24-11-2020 08:00,145,76,62,29.1
24-11-2020 08:15,145,76,60,29.1
24-11-2020 08:30,145,76,59,29.2
24-11-2020 08:45,125,60,57,29.2
24-11-2020 09:00,125,60,56,29.1
24-11-2020 09:15,125,60,54,29.2
24-11-2020 09:30,125,60,54,29.1
24-11-2020 09:45,102,48,54,29.4
24-11-2020 10:00,102,48,54,29.8
24-11-2020 10:15,102,48,52,29.9
24-11-2020 10:30,102,48,52,29.6
24-11-2020 10:45,104,43,52,29.5
24-11-2020 11:00,104,43,50,29.9
24-11-2020 11:15,104,43,49,30
24-11-2020 11:30,104,43,49,29.7
24-11-2020 11:45,112,46,49,29.7
24-11-2020 12:00,112,46,47,29.6
24-11-2020 12:15,112,46,46,29.2
24-11-2020 12:30,112,46,45,29.2
24-11-2020 12:45,107,42,44,29.2
24-11-2020 13:00,107,42,50,29
24-11-2020 13:15,107,42,45,29.1
24-11-2020 13:30,107,42,38,29.2
24-11-2020 13:45,97,40,38,29.3
24-11-2020 14:00,97,40,38,29.2
24-11-2020 14:15,97,40,39,29.3
24-11-2020 14:30,97,40,40,29.4
24-11-2020 14:45,91,41,40,29.5
24-11-2020 15:00,91,41,39,29.4
24-11-2020 15:15,91,41,37,29.4
24-11-2020 15:30,91,41,38,29.4
24-11-2020 15:45,105,39,40,29.2
24-11-2020 16:00,105,39,29,29.3
24-11-2020 16:15,105,39,31,29
24-11-2020 16:30,105,39,39,28.9
24-11-2020 16:45,107,44,44,29.1
24-11-2020 17:00,107,44,45,29.3
24-11-2020 17:15,107,44,46,29.3
24-11-2020 17:30,107,44,47,29.3
24-11-2020 17:45,152,47,49,29.4
24-11-2020 18:00,152,47,50,29.3
24-11-2020 18:15,152,47,51,29.2
24-11-2020 18:30,152,47,52,29.3
24-11-2020 18:45,165,66,53,29.3
24-11-2020 19:00,165,66,52,29.2
24-11-2020 19:15,165,66,52,29.2
24-11-2020 19:30,165,66,53,29.2
24-11-2020 19:45,188,72,54,29.3
24-11-2020 20:00,188,72,55,29.3
24-11-2020 20:15,188,72,57,29.3
24-11-2020 20:30,188,72,59,29.3
24-11-2020 20:45,171,85,58,29.3
24-11-2020 21:00,171,85,58,29.3
24-11-2020 21:15,171,85,59,29.3
24-11-2020 21:30,171,85,60,29.3
24-11-2020 21:45,156,82,60,29.3
24-11-2020 22:00,156,82,60,29.2
24-11-2020 22:15,156,82,60,29.2
24-11-2020 22:30,156,82,61,29.3
24-11-2020 22:45,154,72,62,29.3
24-11-2020 23:00,154,72,63,29.2
24-11-2020 23:15,154,72,64,29.3
24-11-2020 23:30,154,72,64,29.3
24-11-2020 23:45,144,74,65,29.3
25-11-2020 00:00,144,74,65,29.3
25-11-2020 00:15,144,74,62,29.2
25-11-2020 00:30,144,74,62,29.3
25-11-2020 00:45,132,57,62,29.3
25-11-2020 01:00,132,57,61,29.2
25-11-2020 01:15,132,57,63,29.3
25-11-2020 01:30,132,57,63,29.2
25-11-2020 01:45,131,67,64,29.2
25-11-2020 02:00,131,67,65,29.2
25-11-2020 02:15,131,67,66,29.2
25-11-2020 02:30,131,67,64,29.2
25-11-2020 02:45,110,57,62,29.3
25-11-2020 03:00,110,57,64,29.6
25-11-2020 03:15,110,57,64,29.7
25-11-2020 03:30,110,57,65,29.4
25-11-2020 03:45,97,54,65,29.3
25-11-2020 04:00,97,54,64,29.3
25-11-2020 04:15,97,54,65,29.3
25-11-2020 04:30,97,54,67,29.3
25-11-2020 04:45,102,44,69,29.3
25-11-2020 05:00,102,44,67,29.3
25-11-2020 05:15,102,44,68,29.2
25-11-2020 05:30,102,44,68,29.2
25-11-2020 05:45,99,52,67,29.2
25-11-2020 06:00,99,52,65,29.1
25-11-2020 06:15,99,52,66,29.1
25-11-2020 06:30,99,52,66,29.2
25-11-2020 06:45,110,60,65,29.2
25-11-2020 07:00,110,60,65,29.1
25-11-2020 07:15,110,60,63,29.1
25-11-2020 07:30,110,60,62,29.2
25-11-2020 07:45,137,68,62,29.2
25-11-2020 08:00,137,68,61,29.1
25-11-2020 08:15,137,68,60,29.2
25-11-2020 08:30,137,68,59,29.2
25-11-2020 08:45,140,68,59,29.2
25-11-2020 09:00,140,68,58,29.2
25-11-2020 09:15,140,68,57,29.2
25-11-2020 09:30,140,68,56,29.2
25-11-2020 09:45,123,59,55,29.4
25-11-2020 10:00,123,59,54,29.7
25-11-2020 10:15,123,59,53,29.8
25-11-2020 10:30,123,59,52,29.5
25-11-2020 10:45,109,50,50,29.5
25-11-2020 11:00,109,50,50,29.7
25-11-2020 11:15,109,50,48,29.8
25-11-2020 11:30,109,50,47,29.8
25-11-2020 11:45,111,40,48,29.7
25-11-2020 12:00,111,40,47,30
25-11-2020 12:15,111,40,46,30.1
25-11-2020 12:30,111,40,46,29.9
25-11-2020 12:45,83,34,46,29.8
25-11-2020 13:00,83,34,47,29.8
25-11-2020 13:15,83,34,47,29.8
25-11-2020 13:30,83,34,48,29.9
25-11-2020 13:45,81,33,49,29.9
25-11-2020 14:00,81,33,50,29.8
25-11-2020 14:15,81,33,49,29.9
25-11-2020 14:30,81,33,50,29.9
25-11-2020 14:45,77,33,50,29.9
25-11-2020 15:00,77,33,50,29.8
25-11-2020 15:15,77,33,50,29.8
25-11-2020 15:30,77,33,50,29.8
25-11-2020 15:45,67,26,51,29.8
25-11-2020 16:00,67,26,53,29.8
25-11-2020 16:15,67,26,54,29.8
25-11-2020 16:30,67,26,54,29.8
25-11-2020 16:45,76,27,55,29.8
25-11-2020 17:00,76,27,56,29.7
25-11-2020 17:15,76,27,56,29.6
25-11-2020 17:30,76,27,57,29.6
25-11-2020 17:45,72,35,58,29.6
25-11-2020 18:00,72,35,58,29.6
25-11-2020 18:15,72,35,59,29.5
25-11-2020 18:30,72,35,59,29.6
25-11-2020 18:45,79,36,60,29.6
25-11-2020 19:00,79,36,60,29.5
25-11-2020 19:15,79,36,60,29.5
25-11-2020 19:30,79,36,60,29.5
25-11-2020 19:45,100,52,61,29.4
25-11-2020 20:00,100,52,62,29.5
25-11-2020 20:15,100,52,63,29.5
25-11-2020 20:30,100,52,64,29.5
25-11-2020 20:45,97,50,66,29.5
25-11-2020 21:00,97,50,67,29.4
25-11-2020 21:15,97,50,68,29.5
25-11-2020 21:30,97,50,68,29.5
25-11-2020 21:45,85,45,69,29.5
25-11-2020 22:00,85,45,69,29.5
25-11-2020 22:15,85,45,69,29.5
25-11-2020 22:30,85,45,70,29.6
25-11-2020 22:45,78,38,70,29.6
25-11-2020 23:00,78,38,70,29.4
25-11-2020 23:15,78,38,69,29.4
25-11-2020 23:30,78,38,70,29.4
25-11-2020 23:45,87,44,69,29.5
26-11-2020 00:00,87,44,68,29.5
26-11-2020 00:15,87,44,66,29.5
26-11-2020 00:30,87,44,65,29.5
26-11-2020 00:45,91,43,63,29.5
26-11-2020 01:00,91,43,62,29.5
26-11-2020 01:15,91,43,64,29.4
26-11-2020 01:30,91,43,64,29.4
26-11-2020 01:45,85,47,67,29.5
26-11-2020 02:00,85,47,69,29.4
26-11-2020 02:15,85,47,72,29.5
26-11-2020 02:30,85,47,75,29.4
26-11-2020 02:45,71,48,78,29.6
26-11-2020 03:00,71,48,81,29.8
26-11-2020 03:15,71,48,81,29.9
26-11-2020 03:30,71,48,80,29.7
26-11-2020 03:45,50,34,78,29.6
26-11-2020 04:00,50,34,78,29.6
26-11-2020 04:15,50,34,77,29.5
26-11-2020 04:30,50,34,76,29.5
26-11-2020 04:45,58,40,76,29.5
26-11-2020 05:00,58,40,76,29.4
26-11-2020 05:15,58,40,76,29.4
26-11-2020 05:30,58,40,75,29.4
26-11-2020 05:45,57,33,73,29.4
26-11-2020 06:00,57,33,74,29.4
26-11-2020 06:15,57,33,75,29.4
26-11-2020 06:30,57,33,76,29.4
26-11-2020 06:45,57,38,76,29.4
26-11-2020 07:00,57,38,76,29.4
26-11-2020 07:15,57,38,75,29.4
26-11-2020 07:30,57,38,75,29.5
26-11-2020 07:45,68,44,73,29.5
26-11-2020 08:00,68,44,72,29.4
26-11-2020 08:15,68,44,72,29.4
26-11-2020 08:30,68,44,72,29.5
26-11-2020 08:45,54,34,72,29.4
26-11-2020 09:00,54,34,71,29.4
26-11-2020 09:15,54,34,70,29.5
26-11-2020 09:30,54,34,69,29.5
26-11-2020 09:45,61,31,69,29.7
26-11-2020 10:00,61,31,68,29.8
26-11-2020 10:15,61,31,68,29.9
26-11-2020 10:30,61,31,67,29.7
26-11-2020 10:45,72,27,67,29.7
26-11-2020 11:00,72,27,67,29.9
26-11-2020 11:15,72,27,66,30
26-11-2020 11:30,72,27,67,29.9
26-11-2020 11:45,68,26,67,29.8
26-11-2020 12:00,68,26,65,29.9
26-11-2020 12:15,68,26,64,30
26-11-2020 12:30,68,26,64,29.8
26-11-2020 12:45,63,13,64,29.6
26-11-2020 13:00,63,13,64,29.5
26-11-2020 13:15,63,13,65,29.5
26-11-2020 13:30,63,13,64,29.5
26-11-2020 13:45,48,20,64,29.6
26-11-2020 14:00,48,20,64,29.5
26-11-2020 14:15,48,20,64,29.5
26-11-2020 14:30,48,20,65,29.5
26-11-2020 14:45,50,23,65,29.6
26-11-2020 15:00,50,23,66,29.6
26-11-2020 15:15,50,23,66,29.6
26-11-2020 15:30,50,23,67,29.5
26-11-2020 15:45,65,26,68,29.4
26-11-2020 16:00,65,26,68,29.3
26-11-2020 16:15,65,26,68,29.2
26-11-2020 16:30,65,26,68,29.3
26-11-2020 16:45,63,24,68,29.4
26-11-2020 17:00,63,24,68,29.4
26-11-2020 17:15,63,24,69,29.4
26-11-2020 17:30,63,24,70,29.3
26-11-2020 17:45,55,24,70,29.2
26-11-2020 18:00,55,24,70,29.2
26-11-2020 18:15,55,24,71,29.3
26-11-2020 18:30,55,24,71,29.3
26-11-2020 18:45,78,32,72,29.4
26-11-2020 19:00,78,32,72,29.3
26-11-2020 19:15,78,32,72,29.3
26-11-2020 19:30,78,32,73,29.2
26-11-2020 19:45,81,42,73,29.2
26-11-2020 20:00,81,42,72,29.2
26-11-2020 20:15,81,42,72,29.2
26-11-2020 20:30,81,42,72,29.3
26-11-2020 20:45,101,53,71,29.3
26-11-2020 21:00,101,53,72,29.3
26-11-2020 21:15,101,53,71,29.3
26-11-2020 21:30,101,53,71,29.3
26-11-2020 21:45,86,49,71,29.4
26-11-2020 22:00,86,49,72,29.3
26-11-2020 22:15,86,49,72,29.3
26-11-2020 22:30,86,49,72,29.3
26-11-2020 22:45,102,60,73,29.3
26-11-2020 23:00,102,60,74,29.3
26-11-2020 23:15,102,60,75,29.3
26-11-2020 23:30,102,60,77,29.3
26-11-2020 23:45,82,53,78,29.3
27-11-2020 00:00,82,53,79,29.3
27-11-2020 00:15,82,53,80,29.3
27-11-2020 00:30,82,53,80,29.3
27-11-2020 00:45,87,58,80,29.4
27-11-2020 01:00,87,58,79,29.4
27-11-2020 01:15,87,58,79,29.4
27-11-2020 01:30,87,58,79,29.4
27-11-2020 01:45,94,67,79,29.4
27-11-2020 02:00,94,67,80,29.4
27-11-2020 02:15,94,67,82,29.5
27-11-2020 02:30,94,67,84,
27-11-2020 02:45,79,57,85,29.6
27-11-2020 03:00,79,57,84,29.8
27-11-2020 03:15,79,57,84,
27-11-2020 03:30,79,57,84,29.6
27-11-2020 03:45,65,42,84,29.4
27-11-2020 04:00,65,42,84,29.4
27-11-2020 04:15,65,42,84,29.4
27-11-2020 04:30,65,42,85,29.4
27-11-2020 04:45,61,38,84,29.4
27-11-2020 05:00,61,38,83,29.4
27-11-2020 05:15,61,38,83,29.4
27-11-2020 05:30,61,38,83,29.4
27-11-2020 05:45,36,23,83,29.4
27-11-2020 06:00,36,23,84,29.4
27-11-2020 06:15,36,23,84,29.4
27-11-2020 06:30,36,23,84,29.4
27-11-2020 06:45,23,19,84,29.5
27-11-2020 07:00,23,19,83,29.4
27-11-2020 07:15,23,19,83,29.4
27-11-2020 07:30,23,19,84,29.4
27-11-2020 07:45,56,32,84,29.4
27-11-2020 08:00,56,32,84,29.4
27-11-2020 08:15,56,32,82,29.4
27-11-2020 08:30,56,32,81,29.4
27-11-2020 08:45,63,33,81,29.4
27-11-2020 09:00,63,33,82,29.4
27-11-2020 09:15,63,33,81,29.4
27-11-2020 09:30,63,33,79,29.3
27-11-2020 09:45,50,33,79,29.4
27-11-2020 10:00,50,33,79,29.6
27-11-2020 10:15,50,33,80,29.7
27-11-2020 10:30,50,33,78,29.6
27-11-2020 10:45,72,36,76,29.7
27-11-2020 11:00,72,36,74,29.7
27-11-2020 11:15,72,36,73,29.7
27-11-2020 11:30,72,36,74,29.5
27-11-2020 11:45,71,33,75,29.5
27-11-2020 12:00,71,33,77,29.7
27-11-2020 12:15,71,33,78,29.7
27-11-2020 12:30,71,33,78,29.6
27-11-2020 12:45,70,31,79,29.5
27-11-2020 13:00,70,31,82,29.3
27-11-2020 13:15,70,31,82,29.4
27-11-2020 13:30,70,31,81,29.4
27-11-2020 13:45,39,28,80,29.4
27-11-2020 14:00,39,28,77,29.2
27-11-2020 14:15,39,28,75,29.2
27-11-2020 14:30,39,28,74,29.3
27-11-2020 14:45,46,27,74,29.2
27-11-2020 15:00,46,27,75,29.2
27-11-2020 15:15,46,27,76,29.2
27-11-2020 15:30,46,27,77,29.2
27-11-2020 15:45,67,36,77,29.2
27-11-2020 16:00,67,36,77,29.2
27-11-2020 16:15,67,36,78,29.2
27-11-2020 16:30,67,36,78,29.3
27-11-2020 16:45,75,52,81,29.4
27-11-2020 17:00,75,52,82,29.4
27-11-2020 17:15,75,52,84,29.4
27-11-2020 17:30,75,52,84,29.5
27-11-2020 17:45,79,51,84,29.5
27-11-2020 18:00,79,51,85,29.4
27-11-2020 18:15,79,51,85,29.4
27-11-2020 18:30,79,51,85,29.5
27-11-2020 18:45,83,53,84,29.5
27-11-2020 19:00,73,43,85,29.4
27-11-2020 19:15,73,43,86,29.4
27-11-2020 19:30,73,43,85,29.5
27-11-2020 19:45,72,56,84,29.4
27-11-2020 20:00,72,56,84,29.4
27-11-2020 20:15,72,56,84,29.4
27-11-2020 20:30,72,56,84,29.4
27-11-2020 20:45,75,55,83,29.4
27-11-2020 21:00,75,55,83,29.3
27-11-2020 21:15,75,55,83,29.2
27-11-2020 21:30,75,55,83,29.3
27-11-2020 21:45,69,42,83,29.4
27-11-2020 22:00,69,42,83,29.3
27-11-2020 22:15,69,42,84,29.4
27-11-2020 22:30,69,42,83,29.5
27-11-2020 22:45,68,45,85,29.5
27-11-2020 23:00,68,45,85,29.5
27-11-2020 23:15,68,45,85,29.4
27-11-2020 23:30,68,45,84,29.4
27-11-2020 23:45,67,42,84,29.4
28-11-2020 00:00,67,42,84,
28-11-2020 00:15,67,42,83,
28-11-2020 00:30,67,42,83,29.4
28-11-2020 00:45,62,40,84,29.4
28-11-2020 01:00,62,40,84,29.4
28-11-2020 01:15,62,40,85,29.4
28-11-2020 01:30,62,40,85,29.4
28-11-2020 01:45,53,44,86,29.4
28-11-2020 02:00,53,44,86,29.4
28-11-2020 02:15,53,44,86,29.4
28-11-2020 02:30,53,44,86,29.4
28-11-2020 02:45,59,39,86,29.5
28-11-2020 03:00,59,39,86,29.8
28-11-2020 03:15,59,39,86,29.8
28-11-2020 03:30,59,39,86,29.6
28-11-2020 03:45,53,41,86,29.6
28-11-2020 04:00,53,41,86,29.4
28-11-2020 04:15,53,41,86,29.4
28-11-2020 04:30,53,41,86,29.4
28-11-2020 04:45,52,37,86,29.5
28-11-2020 05:00,52,37,86,29.4
28-11-2020 05:15,52,37,86,29.4
28-11-2020 05:30,52,37,86,29.4
28-11-2020 05:45,43,30,86,29.5
28-11-2020 06:00,43,30,86,29.5
28-11-2020 06:15,43,30,86,29.5
28-11-2020 06:30,43,30,86,29.5
28-11-2020 06:45,40,28,86,29.5
28-11-2020 07:00,40,28,86,29.4
28-11-2020 07:15,40,28,86,29.5
28-11-2020 07:30,40,28,86,29.5
28-11-2020 07:45,39,20,86,29.4
28-11-2020 08:00,39,20,86,29.4
28-11-2020 08:15,39,20,86,29.5
28-11-2020 08:30,39,20,86,29.4
28-11-2020 08:45,47,28,86,29.4
28-11-2020 09:00,47,28,84,29.4
28-11-2020 09:15,47,28,81,29.3
28-11-2020 09:30,47,28,80,29.3
28-11-2020 09:45,46,24,79,29.4
28-11-2020 10:00,46,24,77,29.6
28-11-2020 10:15,46,24,77,29.6
28-11-2020 10:30,46,24,77,29.4
28-11-2020 10:45,46,22,77,29.5
28-11-2020 11:00,46,22,77,29.7
28-11-2020 11:15,46,22,76,29.7
28-11-2020 11:30,46,22,76,29.5
28-11-2020 11:45,40,17,76,29.4
28-11-2020 12:00,40,17,75,29.7
28-11-2020 12:15,40,17,74,29.7
28-11-2020 12:30,40,17,75,29.4
28-11-2020 12:45,48,20,74,29.4
28-11-2020 13:00,48,20,72,29.3
28-11-2020 13:15,48,20,72,29.3
28-11-2020 13:30,48,20,73,29.2
28-11-2020 13:45,48,19,74,29.2
28-11-2020 14:00,48,19,74,29.1
28-11-2020 14:15,48,19,73,29.1
28-11-2020 14:30,48,19,73,29.1
28-11-2020 14:45,44,17,73,29.2
28-11-2020 15:00,44,17,73,29.1
28-11-2020 15:15,44,17,73,29.1
28-11-2020 15:30,44,17,71,29.2
28-11-2020 15:45,42,20,69,29.2
28-11-2020 16:00,42,20,69,29.2
28-11-2020 16:15,42,20,69,29.2
28-11-2020 16:30,42,20,70,29.2
28-11-2020 16:45,53,20,71,29.2
28-11-2020 17:00,53,20,73,29.1
28-11-2020 17:15,53,20,75,29.1
28-11-2020 17:30,53,20,76,29.2
28-11-2020 17:45,65,19,78,29.2
28-11-2020 18:00,65,19,79,29.2
28-11-2020 18:15,65,19,79,29.1
28-11-2020 18:30,65,19,77,29.2
28-11-2020 18:45,71,34,76,29.2
28-11-2020 19:00,71,34,77,29.1
28-11-2020 19:15,71,34,78,29.2
28-11-2020 19:30,71,34,78,29.2
28-11-2020 19:45,80,34,80,29.3
28-11-2020 20:00,80,34,81,29.2
28-11-2020 20:15,80,34,81,29.2
28-11-2020 20:30,80,34,82,29.2
28-11-2020 20:45,94,35,82,29.2
28-11-2020 21:00,94,35,83,29.2
28-11-2020 21:15,94,35,82,29.2
28-11-2020 21:30,94,35,82,29.2
28-11-2020 21:45,71,27,82,29.3
28-11-2020 22:00,71,27,82,29.2
28-11-2020 22:15,71,27,82,29.2
28-11-2020 22:30,71,27,82,29.3
28-11-2020 22:45,71,34,82,29.3
28-11-2020 23:00,71,34,82,29.2
28-11-2020 23:15,71,34,82,29.3
28-11-2020 23:30,71,34,83,29.3
28-11-2020 23:45,75,33,83,29.3
29-11-2020 00:00,75,33,82,
29-11-2020 00:15,75,33,82,
29-11-2020 00:30,75,33,82,29.3
29-11-2020 00:45,76,34,82,29.3
29-11-2020 01:00,76,34,83,29.3
29-11-2020 01:15,76,34,84,29.3
29-11-2020 01:30,76,34,84,29.3
29-11-2020 01:45,66,28,84,29.3
29-11-2020 02:00,66,28,84,29.2
29-11-2020 02:15,66,28,84,29.2
29-11-2020 02:30,66,28,84,29.2
29-11-2020 02:45,38,16,84,29.4
29-11-2020 03:00,38,16,84,29.6
29-11-2020 03:15,38,16,84,29.7
29-11-2020 03:30,38,16,84,29.5
29-11-2020 03:45,36,21,84,29.4
29-11-2020 04:00,36,21,84,29.3
29-11-2020 04:15,36,21,84,29.3
29-11-2020 04:30,36,21,84,29.2
29-11-2020 04:45,40,22,84,29.2
29-11-2020 05:00,40,22,84,29.2
29-11-2020 05:15,40,22,84,29.2
29-11-2020 05:30,40,22,84,29.2
29-11-2020 05:45,53,21,84,29.3
29-11-2020 06:00,53,21,84,29.2
29-11-2020 06:15,53,21,85,29.3
29-11-2020 06:30,53,21,85,29.3
29-11-2020 06:45,57,24,85,29.3
29-11-2020 07:00,57,24,85,29.3
29-11-2020 07:15,57,24,85,29.2
29-11-2020 07:30,57,24,84,29.2
29-11-2020 07:45,68,34,83,29.3
29-11-2020 08:00,68,34,80,29.2
29-11-2020 08:15,68,34,79,29.2
29-11-2020 08:30,68,34,77,29.2
29-11-2020 08:45,64,27,74,29.2
29-11-2020 09:00,64,27,73,29.1
29-11-2020 09:15,64,27,73,29
29-11-2020 09:30,64,27,72,29.1
29-11-2020 09:45,56,28,71,29.3
29-11-2020 10:00,56,28,69,29.5
29-11-2020 10:15,56,28,67,29.5
29-11-2020 10:30,56,28,68,29.3
29-11-2020 10:45,51,23,68,29.3
29-11-2020 11:00,51,23,67,29.5
29-11-2020 11:15,51,23,66,29.7
29-11-2020 11:30,51,23,65,29.5
29-11-2020 11:45,48,23,65,29.4
29-11-2020 12:00,48,23,64,29.5
29-11-2020 12:15,48,23,65,29.7
29-11-2020 12:30,48,23,65,29.4
29-11-2020 12:45,39,15,65,29.3
29-11-2020 13:00,39,15,66,
29-11-2020 13:15,39,15,65,
29-11-2020 13:30,39,15,64,
29-11-2020 13:45,48,16,64,29.1
29-11-2020 14:00,48,16,63,29
29-11-2020 14:15,48,16,62,29
29-11-2020 14:30,48,16,61,29
29-11-2020 14:45,42,14,61,29.1
29-11-2020 15:00,42,14,60,29.1
29-11-2020 15:15,42,14,61,29
29-11-2020 15:30,42,14,63,29
29-11-2020 15:45,58,19,63,29.1
29-11-2020 16:00,58,19,64,29.1
29-11-2020 16:15,58,19,65,29.1
29-11-2020 16:30,58,19,66,29.1
29-11-2020 16:45,51,24,66,29.1
29-11-2020 17:00,51,24,67,29
29-11-2020 17:15,51,24,67,29.1
29-11-2020 17:30,51,24,69,29.1
29-11-2020 17:45,59,23,71,29.2
29-11-2020 18:00,59,23,74,29.1
29-11-2020 18:15,59,23,75,29.1
29-11-2020 18:30,59,23,77,29.2
29-11-2020 18:45,66,27,78,29.2
29-11-2020 19:00,66,27,79,29.1
29-11-2020 19:15,66,27,80,29.1
29-11-2020 19:30,66,27,80,29.1
29-11-2020 19:45,100,38,81,29.1
29-11-2020 20:00,100,38,81,29.1
29-11-2020 20:15,100,38,81,29.1
29-11-2020 20:30,100,38,82,29.1
29-11-2020 20:45,108,44,80,29.2
29-11-2020 21:00,108,44,80,29.1
29-11-2020 21:15,108,44,80,29.1
29-11-2020 21:30,108,44,80,29.1
29-11-2020 21:45,93,40,79,29.1
29-11-2020 22:00,93,40,78,29.1
29-11-2020 22:15,93,40,77,29.1
29-11-2020 22:30,93,40,77,29.1
29-11-2020 22:45,74,25,77,29.1
29-11-2020 23:00,74,25,77,29.1
29-11-2020 23:15,74,25,78,29.2
29-11-2020 23:30,74,25,78,29.2
29-11-2020 23:45,63,30,78,
30-11-2020 00:00,63,30,78,
30-11-2020 00:15,63,30,79,
30-11-2020 00:30,63,30,80,29.2
30-11-2020 00:45,57,28,80,29.2
30-11-2020 01:00,57,28,79,29.2
30-11-2020 01:15,57,28,79,29.3
30-11-2020 01:30,57,28,80,29.3
30-11-2020 01:45,51,20,80,29.3
30-11-2020 02:00,51,20,80,29.3
30-11-2020 02:15,51,20,79,29.3
30-11-2020 02:30,51,20,80,29.4
30-11-2020 02:45,53,27,81,29.4
30-11-2020 03:00,53,27,82,29.6
30-11-2020 03:15,53,27,82,29.7
30-11-2020 03:30,53,27,82,29.4
30-11-2020 03:45,53,29,82,29.4
30-11-2020 04:00,53,29,82,29.3
30-11-2020 04:15,53,29,82,29.3
30-11-2020 04:30,53,29,83,29.3
30-11-2020 04:45,51,23,82,29.3
30-11-2020 05:00,51,23,82,29.3
30-11-2020 05:15,51,23,83,29.3
30-11-2020 05:30,51,23,82,29.4
30-11-2020 05:45,58,20,82,29.4
30-11-2020 06:00,58,20,83,29.3
30-11-2020 06:15,58,20,83,29.3
30-11-2020 06:30,58,20,83,29.3
30-11-2020 06:45,84,26,83,29.3
30-11-2020 07:00,84,26,83,29.3
30-11-2020 07:15,84,26,82,29.3
30-11-2020 07:30,84,26,77,29.3
30-11-2020 07:45,99,41,71,29.3
30-11-2020 08:00,99,41,66,29.3
30-11-2020 08:15,99,41,64,29.3
30-11-2020 08:30,99,41,61,29.3
30-11-2020 08:45,73,33,60,29.3
30-11-2020 09:00,73,33,57,29.2
30-11-2020 09:15,73,33,56,29.2
30-11-2020 09:30,73,33,55,29.2
30-11-2020 09:45,78,38,54,29.3
30-11-2020 10:00,78,38,53,29.5
30-11-2020 10:15,78,38,52,29.5
30-11-2020 10:30,78,38,53,29.3
30-11-2020 10:45,71,31,52,29.3
30-11-2020 11:00,71,31,53,29.5
30-11-2020 11:15,71,31,53,29.7
30-11-2020 11:30,71,31,53,29.7
30-11-2020 11:45,84,34,54,29.8
30-11-2020 12:00,84,34,53,29.9
30-11-2020 12:15,84,34,55,29.8
30-11-2020 12:30,84,34,56,29.7
30-11-2020 12:45,74,30,56,29.6
30-11-2020 13:00,74,30,55,29.6
30-11-2020 13:15,74,30,54,29.5
30-11-2020 13:30,74,30,54,29.6
30-11-2020 13:45,79,30,54,29.7
30-11-2020 14:00,79,30,55,29.6
30-11-2020 14:15,79,30,56,29.6
30-11-2020 14:30,79,30,56,29.6
30-11-2020 14:45,79,34,57,29.6
30-11-2020 15:00,79,34,56,29.7
30-11-2020 15:15,79,34,57,29.7
30-11-2020 15:30,79,34,58,29.7
30-11-2020 15:45,82,37,59,29.7
30-11-2020 16:00,82,37,58,29.6
30-11-2020 16:15,82,37,60,29.3
30-11-2020 16:30,82,37,61,29.1
30-11-2020 16:45,82,38,63,29.1
30-11-2020 17:00,82,38,65,29.1
30-11-2020 17:15,82,38,68,29.1
30-11-2020 17:30,82,38,70,29.2
30-11-2020 17:45,80,29,72,29.3
30-11-2020 18:00,80,29,74,29.2
30-11-2020 18:15,80,29,74,29.2
30-11-2020 18:30,80,29,74,29.2
30-11-2020 18:45,81,37,74,29.2
30-11-2020 19:00,81,37,74,29.2
30-11-2020 19:15,81,37,74,29.2
30-11-2020 19:30,81,37,74,29.2
30-11-2020 19:45,173,85,73,29.2
30-11-2020 20:00,173,85,70,29.2
30-11-2020 20:15,173,85,70,29.2
30-11-2020 20:30,173,85,72,29.3
30-11-2020 20:45,172,79,73,29.3
30-11-2020 21:00,172,79,74,29.3
30-11-2020 21:15,172,79,73,29.3
30-11-2020 21:30,172,79,73,29.3
30-11-2020 21:45,188,84,74,29.3
30-11-2020 22:00,188,84,75,29.3
30-11-2020 22:15,188,84,76,29.3
30-11-2020 22:30,188,84,76,29.3
30-11-2020 22:45,184,86,77,29.4
30-11-2020 23:00,184,86,78,29.3
30-11-2020 23:15,184,86,78,29.4
30-11-2020 23:30,184,86,78,29.3
