timestamp,PM2.5,PM10,NO2,CO,Ozone,Temp,RH
01-11-2020 01:00,74.75,168.5,39.92,0.53,61.38,29.4,62.5
01-11-2020 02:00,76.75,151.5,37.65,0.48,57.85,29.42,65
01-11-2020 03:00,67.5,132.25,36.92,0.46,52.95,29.47,67.5
01-11-2020 04:00,69.5,137.75,36.98,0.45,52.25,29.8,68
01-11-2020 05:00,72,147.25,35.65,0.56,42.98,29.38,72.25
01-11-2020 06:00,75,143.5,41.77,0.63,25.67,29.3,73
01-11-2020 07:00,77.25,176.75,44.62,0.73,25.58,29.3,73
01-11-2020 08:00,84.75,183.25,47,0.72,50.42,29.25,63.5
01-11-2020 09:00,83.25,184.5,44.97,0.66,71.1,29.25,57
01-11-2020 10:00,72,178,40.32,0.68,87.9,29.45,51.75
01-11-2020 11:00,69.75,172.25,34.4,0.55,89.62,29.95,49
01-11-2020 12:00,62,142.75,35.2,0.52,88.1,30,47
01-11-2020 13:00,56.5,127.5,31.65,0.5,87.55,29.95,45.25
01-11-2020 14:00,51.5,116.5,33.42,0.47,93.85,29.62,44.25
01-11-2020 15:00,57.5,130.5,33.05,0.47,95.32,29.67,44.25
01-11-2020 16:00,54,123,30.3,0.45,95.1,29.67,44.75
01-11-2020 17:00,57.5,125.5,30.08,0.48,98.5,29.67,45.75
01-11-2020 18:00,60.75,137.75,33.02,0.55,92.9,29.62,47.5
01-11-2020 19:00,67.25,155.5,37.77,0.65,80.92,29.48,50
01-11-2020 20:00,73.75,167.5,43.25,0.83,79.52,29.42,51.5
01-11-2020 21:00,80,172.75,44.5,0.86,78.85,29.4,54
01-11-2020 22:00,74.5,178,42.48,0.8,77.95,29.35,55.25
01-11-2020 23:00,78,185.25,40.08,0.76,75.28,29.3,57.25
02-11-2020 00:00,83.75,177.25,41.25,0.7,74.53,29.38,58.75
02-11-2020 01:00,80.75,165.25,38.32,0.65,69.3,29.38,61.5
02-11-2020 02:00,75.5,153.75,39.85,0.63,49.95,29.33,69.25
02-11-2020 03:00,81.75,160.75,44.6,0.67,53.3,29.38,69.5
02-11-2020 04:00,85.25,181.75,56.33,0.73,12,29.73,75
02-11-2020 05:00,81.5,174.25,53.6,0.64,6.05,29.4,80.5
02-11-2020 06:00,84.75,176,45.05,0.62,5.78,29.3,82.75
02-11-2020 07:00,79.25,184.25,49.52,0.7,6.03,29.3,81.25
02-11-2020 08:00,75.25,176.5,51.5,0.81,19.43,29.33,74.25
02-11-2020 09:00,77.25,184.5,46.35,0.71,55.35,29.33,63.5
02-11-2020 10:00,73.75,179.5,48.5,0.71,79.15,29.5,55.25
02-11-2020 11:00,77.75,185.25,41.08,0.54,89.82,29.9,50.25
02-11-2020 12:00,72.75,173.75,40.2,0.44,97.33,30.12,47.5
02-11-2020 13:00,69.75,149.75,33,0.53,98.2,30.07,45.5
02-11-2020 14:00,67.75,127,31.27,0.42,88.12,29.8,44.25
02-11-2020 15:00,55,104.25,31.23,0.37,75.25,29.85,45
02-11-2020 16:00,56.75,102.5,30.2,0.39,78.82,29.92,49.25
02-11-2020 17:00,61.75,116,26.48,0.53,82.55,29.68,50.75
02-11-2020 18:00,63.5,131.75,30,0.63,81.9,29.52,53.75
02-11-2020 19:00,74.75,158,38.12,0.77,74.97,29.48,58
02-11-2020 20:00,84,176.25,39.73,0.81,78.5,29.38,60.75
02-11-2020 21:00,77.75,178.75,40.78,0.69,82.05,29.3,62.5
02-11-2020 22:00,78.5,183,42.12,0.71,70.62,29.3,63.25
02-11-2020 23:00,82,176.5,39.88,0.66,65.65,29.3,64.5
03-11-2020 00:00,80.75,169,43.9,0.62,53.83,29.3,67
03-11-2020 01:00,83.75,178.5,45.53,0.55,43.02,29.2,70
03-11-2020 02:00,78.5,178.25,44.02,0.47,46.95,29.25,71.5
03-11-2020 03:00,82.5,167,37.38,0.45,51.05,29.3,72.5
03-11-2020 04:00,81.25,152.5,35.23,0.48,57.48,29.68,73.5
03-11-2020 05:00,80.25,161.25,34.08,0.51,57.15,29.25,72.25
03-11-2020 06:00,77.75,157,35.12,0.51,61.52,29.2,69.75
03-11-2020 07:00,85.75,166.25,45.53,0.62,33.82,29.25,75.5
03-11-2020 08:00,83.5,182.75,50.65,0.71,23.58,29.3,77.25
03-11-2020 09:00,77.75,179,43.38,0.65,56.5,29.23,68
03-11-2020 10:00,76.75,184,43.08,0.66,80.58,29.35,57.75
03-11-2020 11:00,82.75,172.5,39.15,0.59,94.38,29.9,51.75
03-11-2020 12:00,78,174.5,36.55,0.29,89.85,30.35,53
03-11-2020 13:00,82.5,168.75,31.27,0.38,85.95,30.35,53
03-11-2020 14:00,78,145.5,25.68,0.35,90.68,30.2,51.75
03-11-2020 15:00,77.75,144.25,27.43,0.4,81.12,30.12,52
03-11-2020 16:00,78,155.25,32.6,0.36,82.65,29.62,52
03-11-2020 17:00,80,158.5,33.12,0.54,85.9,29.27,51.5
03-11-2020 18:00,79,164.75,37.55,0.62,87.08,29.12,52
03-11-2020 19:00,82.5,184.5,39.7,0.75,87.15,29.1,51.5
03-11-2020 20:00,78,175.25,39.45,0.81,82,29.1,51.5
03-11-2020 21:00,84.25,180,39.08,0.8,77.8,29.18,52.5
03-11-2020 22:00,78.75,181,40,0.79,74.1,29.17,52
03-11-2020 23:00,84.75,174.5,38.08,0.72,72.75,29.15,51.75
04-11-2020 00:00,80,172.25,37.45,0.68,76.12,29.12,54.25
04-11-2020 01:00,85.75,169.5,39.95,0.52,66.05,29.23,59.25
04-11-2020 02:00,84.75,170,42.48,0.51,50.35,29.2,63.5
04-11-2020 03:00,81.5,171.5,46.27,0.54,36.25,29.25,67
04-11-2020 04:00,76.25,156.75,39.67,0.49,66.45,29.57,61.25
04-11-2020 05:00,83.25,160.25,44.4,0.57,46.98,29.3,62.25
04-11-2020 06:00,83.75,181,55.73,0.59,28.7,29.25,64
04-11-2020 07:00,80.5,180.25,62.77,0.67,19.8,29.23,66
04-11-2020 08:00,74.25,185.5,61.77,0.85,26.83,29.2,65.5
04-11-2020 09:00,79.5,180.75,54.67,0.85,51.2,29.2,57.75
04-11-2020 10:00,84.75,178.5,49.15,0.78,75.75,29.25,49.75
04-11-2020 11:00,79.25,171,39.25,0.58,74.83,29.77,43.5
04-11-2020 12:00,54.75,155.5,34.85,0.47,77.55,29.93,41.5
04-11-2020 13:00,47.5,131.5,30.27,0.48,77.4,29.9,39.75
04-11-2020 14:00,38.25,115,31.9,0.41,79.97,29.52,40
04-11-2020 15:00,43.75,109.5,32.03,0.42,82.55,29.52,40.5
04-11-2020 16:00,48.75,121.25,33.5,0.43,88.67,29.55,41.75
04-11-2020 17:00,50.75,128.75,34.75,0.4,94.5,29.52,42.25
04-11-2020 18:00,60.25,148.5,43.25,0.48,86.1,29.45,44.5
04-11-2020 19:00,66,172,55.05,0.59,67.72,29.35,47.5
04-11-2020 20:00,73,168.25,49.53,0.69,64.82,29.38,48.75
04-11-2020 21:00,74.5,172,50.27,0.75,62.67,29.3,48.25
04-11-2020 22:00,71.25,162.5,45.85,0.72,64.88,29.3,48.75
04-11-2020 23:00,78,167,49.92,0.8,55.12,29.3,51.75
05-11-2020 00:00,86.25,184.5,51.28,0.77,52.9,29.2,52.75
05-11-2020 01:00,82.5,183.25,48.33,0.64,50.73,29.23,53.5
05-11-2020 02:00,77.75,177,47.48,0.61,48,29.23,55.75
05-11-2020 03:00,75.25,152,44.42,0.55,39.85,29.3,63
05-11-2020 04:00,70,136,44.08,0.53,34.7,29.62,63.75
05-11-2020 05:00,72,131.75,43.98,0.54,27.48,29.3,69.5
05-11-2020 06:00,77,158.5,48.77,0.55,24.65,29.27,67.75
05-11-2020 07:00,74.25,165.25,49.83,0.58,26.12,29.3,65.5
05-11-2020 08:00,72.25,155.5,46.08,0.61,49.75,29.15,54
05-11-2020 09:00,66.25,165.75,54.95,0.78,51.95,29.2,50.5
05-11-2020 10:00,66.25,166.25,44.9,0.6,67.5,29.27,42
05-11-2020 11:00,44.75,111.25,36.42,0.42,76.8,29.82,38.75
05-11-2020 12:00,40,97.5,36.45,0.37,80.15,30.1,37.25
05-11-2020 13:00,37.25,98.5,34.17,0.27,83.35,30.1,37.5
05-11-2020 14:00,38.5,97.5,34.77,0.23,88.55,29.73,37.75
05-11-2020 15:00,40.75,96.75,33.45,0.23,91.18,29.75,37.75
05-11-2020 16:00,41.75,92.25,35.6,0.24,93.42,29.75,38.75
05-11-2020 17:00,41.75,104.25,36.65,0.41,94.72,29.77,41
05-11-2020 18:00,52.5,130.75,43.33,0.51,81.55,29.67,43.5
05-11-2020 19:00,56.25,167.5,47.25,0.62,73.95,29.5,46
05-11-2020 20:00,74.25,179.5,54.05,0.8,70.05,29.38,47
05-11-2020 21:00,78,175.25,49.03,0.69,71.35,29.33,46.75
05-11-2020 22:00,68.75,171,46.5,0.63,71.67,29.3,47.25
05-11-2020 23:00,66.25,153.25,44.75,0.59,67.68,29.3,50.25
06-11-2020 00:00,62.5,146,47.23,0.55,62.35,29.27,52.25
06-11-2020 01:00,66.75,147.5,43.6,0.45,68.2,29.27,51.5
06-11-2020 02:00,65.75,140.5,50.38,0.47,51.15,29.23,55.5
06-11-2020 03:00,64,131.5,52.98,0.46,42.8,29.25,58.75
06-11-2020 04:00,60.25,127.25,44.95,0.4,50.85,29.65,56.75
06-11-2020 05:00,58.75,126.5,43.53,0.41,54.83,29.3,55.75
06-11-2020 06:00,59.25,121.5,34.8,0.39,62.52,29.25,56.25
06-11-2020 07:00,54,118.75,38.52,0.45,47.72,29.2,59.75
06-11-2020 08:00,55.5,121,51.22,0.51,34.15,29.23,58.25
06-11-2020 09:00,60,144,58.8,0.49,45.77,29.23,48.75
06-11-2020 10:00,59.75,157.5,55.85,0.47,60.8,29.3,47
06-11-2020 11:00,59.25,149.5,49.7,0.58,75.5,29.8,47.25
06-11-2020 12:00,62,138.5,44.95,0.59,86.18,29.88,49.5
06-11-2020 13:00,68.25,137,39.2,0.56,91,29.85,50.25
06-11-2020 14:00,68,134.75,36.92,0.57,91,29.27,52.75
06-11-2020 15:00,66.75,127.5,34.72,0.6,90.33,29.27,56
06-11-2020 16:00,69.25,123.25,33.73,0.64,78.35,29.15,59.25
06-11-2020 17:00,62.75,117,33.83,0.7,72.78,29.18,61.25
06-11-2020 18:00,68,125,39.42,0.79,59.65,29.3,66.25
06-11-2020 19:00,72.5,138.75,48.35,0.97,45.67,29.3,69.25
06-11-2020 20:00,85.75,164,53.3,1.09,41.45,29.15,66.25
06-11-2020 21:00,85.25,170,47.38,0.98,48.38,29.12,66.75
06-11-2020 22:00,84.25,171.25,47.77,0.96,46.23,29.23,67.75
06-11-2020 23:00,77.25,172,48.62,0.89,46.52,29.12,69.75
07-11-2020 00:00,73.25,162.75,47.17,0.87,39.47,29.15,74.75
07-11-2020 01:00,79.25,161.25,40.8,0.72,51.47,29.12,75
07-11-2020 02:00,86.25,157.75,35.85,0.67,56.55,29.15,75.25
07-11-2020 03:00,83.25,152.75,34.35,0.63,53,29.25,76
07-11-2020 04:00,75.25,147.75,33.3,0.58,59.2,29.62,74
07-11-2020 05:00,83.5,144,33.42,0.56,58.18,29.23,75
07-11-2020 06:00,80.5,143,33.6,0.54,56.67,29.17,73.5
07-11-2020 07:00,83.25,140.5,35.38,0.54,63.47,29.2,70.5
07-11-2020 08:00,78.25,142.75,38.53,0.6,54.2,29.23,68.75
07-11-2020 09:00,79.25,149,40.62,0.54,65.85,29.2,59.25
07-11-2020 10:00,78.75,162,40.97,0.54,78.42,29.22,54.75
07-11-2020 11:00,75.25,165.25,41.15,0.6,89.33,29.7,53
07-11-2020 12:00,75.5,163.25,36.9,0.57,89.75,29.8,53
07-11-2020 13:00,72.25,150.75,31.82,0.51,85.08,29.75,52.75
07-11-2020 14:00,67.75,135.25,32.38,0.46,83.25,29.3,52.5
07-11-2020 15:00,68.75,126,30.38,0.43,82.85,29.3,53.25
07-11-2020 16:00,65.75,122.25,31.05,0.43,78.83,29.23,54
07-11-2020 17:00,69.75,126.5,31.6,0.48,74.92,29.2,56.5
07-11-2020 18:00,76,150.25,33.72,0.54,71.42,29.17,59.5
07-11-2020 19:00,80.5,169.25,43.23,0.71,57.03,29.15,61.25
07-11-2020 20:00,85,186.75,44.92,0.79,57.08,29.1,62
07-11-2020 21:00,85.25,179,41.05,0.73,66.3,29.12,60.5
07-11-2020 22:00,82.5,162.75,38.1,0.6,71.97,29.15,59.25
07-11-2020 23:00,73.5,152.75,40.97,0.57,65.17,29.23,59
08-11-2020 00:00,79,162.25,45.42,0.52,53.95,29.2,59.25
08-11-2020 01:00,78.25,159,38.25,0.33,64.6,29.23,58
08-11-2020 02:00,65.5,135.5,38.62,0.27,68.55,29.25,58
08-11-2020 03:00,62.25,127.5,38.38,0.25,68.7,29.3,58.75
08-11-2020 04:00,66.5,125.25,39.1,0.23,65.75,29.68,60
08-11-2020 05:00,66.25,123.75,37.43,0.23,68.88,29.3,59
08-11-2020 06:00,61.25,125.25,47.25,0.24,59.28,29.2,58
08-11-2020 07:00,65,127.25,59.52,0.3,38.75,29.27,61.25
08-11-2020 08:00,76.25,145,55.8,0.37,54.1,29.23,57
08-11-2020 09:00,81.75,164.75,45.4,0.49,84.38,29.2,50.25
08-11-2020 10:00,None,None,None,None,None,None,None
08-11-2020 11:00,None,None,None,None,None,None,None
08-11-2020 12:00,56,106,None,0.37,84.5,None,44
08-11-2020 13:00,54.25,102.75,31.07,0.35,82.38,29.5,43.25
08-11-2020 14:00,49.25,93.75,34.05,0.31,81.42,29.42,42.5
08-11-2020 15:00,49.75,94.25,31.8,0.27,81.73,29.45,42
08-11-2020 16:00,49.25,88.75,31.53,0.24,84.22,29.52,42
08-11-2020 17:00,46.75,87.25,28,0.15,87.97,29.52,41.75
08-11-2020 18:00,38.75,88,30.95,0.21,82.17,29.4,45
08-11-2020 19:00,49.5,109.5,38.47,0.39,73.67,29.42,49.75
08-11-2020 20:00,66.5,149,44.2,0.53,61.55,29.35,53
08-11-2020 21:00,68.25,157,41.5,0.54,72.07,29.25,53
08-11-2020 22:00,69.75,157,39.4,0.5,74.77,29.25,53
08-11-2020 23:00,69.5,133.75,35.83,0.4,76.62,29.27,50
09-11-2020 00:00,60.5,113.5,33.42,0.34,80.42,29.23,49.5
09-11-2020 01:00,54.5,100.75,29.62,0.36,80.9,29.27,49.75
09-11-2020 02:00,51.75,103.25,30.88,0.34,81.43,29.3,50.75
09-11-2020 03:00,58.5,103,28.38,0.34,81.85,29.38,55.25
09-11-2020 04:00,64.25,101.5,29.23,0.38,68.35,29.7,62.5
09-11-2020 05:00,70.5,114.25,34.33,0.44,62.27,29.3,62.75
09-11-2020 06:00,76.5,146.75,35.45,0.46,67.62,29.25,61.75
09-11-2020 07:00,74.75,174.25,53.27,0.6,40.75,29.2,66
09-11-2020 08:00,82.25,185,64.28,0.65,31.08,29.27,66.25
09-11-2020 09:00,81.75,179,62.65,0.59,70.92,29.35,57.5
09-11-2020 10:00,87,181.25,47,0.5,99.35,29.52,46.5
09-11-2020 11:00,81.5,175.25,38.67,0.38,100.32,30.1,43.5
09-11-2020 12:00,63.25,131.5,39.3,0.3,95.5,30.3,40.75
09-11-2020 13:00,58,113.25,35,0.46,94,30.35,38.25
09-11-2020 14:00,58,105,33.67,0.41,97.2,30.15,36.75
09-11-2020 15:00,56.5,98.25,33.72,0.35,96.38,30.17,36
09-11-2020 16:00,55.25,111.75,33.27,0.37,106.75,30.1,36.75
09-11-2020 17:00,65.5,136.25,32.55,0.35,114.9,30.12,38.25
09-11-2020 18:00,70,154.25,37.12,0.45,109.38,30,42
09-11-2020 19:00,77.75,173.25,48.62,0.62,93.3,29.8,45.25
09-11-2020 20:00,76.25,181.75,58.92,0.81,87.12,29.67,46
09-11-2020 21:00,81,179.25,58.88,0.92,83.05,29.6,48.5
09-11-2020 22:00,77,184.25,54.75,0.82,85.85,29.55,49
09-11-2020 23:00,82.75,184,54.47,0.8,83.55,29.52,50.5
10-11-2020 00:00,82,173.75,55.67,0.79,74.48,29.5,52.75
10-11-2020 01:00,79.75,180.75,44.97,0.58,100.2,29.48,51.5
10-11-2020 02:00,74,182.25,39.8,0.51,102.53,29.48,52.5
10-11-2020 03:00,77.25,173.5,36.25,0.5,100.85,29.48,54
10-11-2020 04:00,76.75,179.25,32.23,0.48,109.22,29.92,54.25
10-11-2020 05:00,74,169.75,31.62,0.58,107.52,29.62,53
10-11-2020 06:00,79,160,31.65,0.6,97.15,29.6,54.75
10-11-2020 07:00,84.75,173,36.98,0.66,90.8,29.48,55
10-11-2020 08:00,82,185,40.58,0.68,102.35,29.4,50.75
10-11-2020 09:00,78.5,184.25,43.05,0.65,107.95,29.52,47.75
10-11-2020 10:00,85.25,177.75,37.1,0.64,109.28,29.68,46.75
10-11-2020 11:00,79.5,157.75,34.12,0.58,107.5,30.22,44.5
10-11-2020 12:00,67.5,136,28.75,0.53,104.12,30.33,43.5
10-11-2020 13:00,63,131.5,32.7,0.56,99,30.1,41
10-11-2020 14:00,62.5,115.75,34.15,0.52,100.4,29.8,39.25
10-11-2020 15:00,59.5,109.25,34.1,0.51,99.35,29.83,38.75
10-11-2020 16:00,54.25,111.75,33.75,0.46,101.27,29.83,38.25
10-11-2020 17:00,53.5,119.25,34.15,0.43,102.05,29.75,39.25
10-11-2020 18:00,61,135,44.75,0.57,80.97,29.62,43.75
10-11-2020 19:00,73.25,164.75,54.78,0.74,66.53,29.4,47.25
10-11-2020 20:00,80.25,175,59.52,0.91,64.8,29.38,48.75
10-11-2020 21:00,73.75,180,48.38,0.66,86.97,29.25,49.25
10-11-2020 22:00,80.75,173.25,41.38,0.55,90,29.2,50.25
10-11-2020 23:00,86.25,165,43.53,0.53,83.2,29.3,52.5
11-11-2020 00:00,86.5,174.5,46.45,0.5,72.9,29.3,53.25
11-11-2020 01:00,84.25,173.5,46.9,0.59,71.92,29.2,54.25
11-11-2020 02:00,80.5,164.75,44.08,0.61,65.3,29.17,57.75
11-11-2020 03:00,76,161.75,44.55,0.6,57.85,29.25,60
11-11-2020 04:00,77,166.25,46.08,0.61,50.95,29.6,62.25
11-11-2020 05:00,78.75,173.5,48.3,0.53,44.35,29.23,65
11-11-2020 06:00,77.25,172.75,50.77,0.54,40.35,29.2,67
11-11-2020 07:00,83.75,162.75,46.95,0.57,50.5,29.2,66.25
11-11-2020 08:00,82.25,159,55.22,0.75,39.58,29.1,64.25
11-11-2020 09:00,80.75,177,61.7,0.89,64.25,29.12,54.25
11-11-2020 10:00,80.5,166.75,45.95,0.71,81.78,29.25,50
11-11-2020 11:00,69.5,132.5,45.35,0.69,84.6,29.8,50.5
11-11-2020 12:00,54.75,112.75,44.45,0.59,77.15,29.9,48.75
11-11-2020 13:00,39.75,83.25,39.4,0.42,83.92,29.73,47.75
11-11-2020 14:00,32.5,76,39.12,0.38,83.53,29.3,46.75
11-11-2020 15:00,30.25,68.25,37.45,0.35,83.4,29.35,46.25
11-11-2020 16:00,28.5,63.5,34.92,0.36,84.17,29.38,48.5
11-11-2020 17:00,30.25,64,33.42,0.34,76.57,29.38,50.75
11-11-2020 18:00,30.75,65.75,38.5,0.41,60.88,29.3,56
11-11-2020 19:00,35,85.25,53.7,0.64,35.65,29.3,62.5
11-11-2020 20:00,51,106.25,63.07,0.85,25.83,29.25,64
11-11-2020 21:00,51.75,116.5,54.23,0.84,34.88,29.15,64.5
11-11-2020 22:00,45.75,102.25,51.35,0.78,33.62,29.17,65
11-11-2020 23:00,46.5,109.25,51.58,0.66,30.82,29.17,64
12-11-2020 00:00,40.5,106.5,47.93,0.55,30.25,29.23,64.5
12-11-2020 01:00,None,None,None,None,None,None,None
12-11-2020 02:00,None,None,None,None,None,None,None
12-11-2020 03:00,None,None,None,None,None,None,None
12-11-2020 04:00,None,None,None,None,None,None,None
12-11-2020 05:00,None,None,None,None,None,None,None
12-11-2020 06:00,None,None,None,None,None,None,None
12-11-2020 07:00,42,72,43.5,0.49,7.6,None,83
12-11-2020 08:00,38.75,67.5,36.2,0.48,17.25,29.4,79.25
12-11-2020 09:00,27.5,53.25,33.68,0.42,24.25,29.33,77.25
12-11-2020 10:00,23.5,50,34.5,0.45,23.02,29.35,80.5
12-11-2020 11:00,23.5,45.25,33.05,0.48,29.43,29.6,75.5
12-11-2020 12:00,19.25,40.75,34.85,0.47,34.6,29.7,70.25
12-11-2020 13:00,20.5,45,32.45,0.51,34.4,29.65,70.75
12-11-2020 14:00,22.75,50,32.07,0.48,37.05,29.2,69.75
12-11-2020 15:00,23,47.5,31.3,0.45,41,29.17,65.5
12-11-2020 16:00,17,49.5,31.55,0.42,43.55,29.2,64.75
12-11-2020 17:00,17.5,52.75,29.8,0.42,43.12,29.15,67
12-11-2020 18:00,22.75,60.25,36.35,0.53,37.15,29.17,69.75
12-11-2020 19:00,34.75,69.25,41.02,0.64,29.68,29.23,72.75
12-11-2020 20:00,39.25,82.75,52.78,0.85,15.77,29.15,75
12-11-2020 21:00,47,100.75,52.75,0.84,14.43,29.12,76.75
12-11-2020 22:00,43.5,82.25,35.95,0.49,24.7,29.2,77.5
12-11-2020 23:00,23,46,30.32,0.36,29.55,29.2,79.25
13-11-2020 00:00,18.75,43.5,27.73,0.31,29.35,29.2,80.75
13-11-2020 01:00,14.5,43.25,28.8,0.44,27.27,29.2,80.25
13-11-2020 02:00,13.25,35.75,26.02,0.37,28.95,29.25,80
13-11-2020 03:00,15.5,31,26.98,0.37,27.55,29.27,80.75
13-11-2020 04:00,21,35.75,26.5,0.36,28.25,29.6,82.25
13-11-2020 05:00,22.5,33.25,26.18,0.23,25.35,29.23,83.75
13-11-2020 06:00,19.75,37,27.05,0.25,27.48,29.17,83.5
13-11-2020 07:00,25,38.5,27.48,0.26,29.7,29.23,84
13-11-2020 08:00,24.25,44,30.6,0.35,34.05,29.2,79.5
13-11-2020 09:00,22.5,49.25,28.2,0.5,46.55,29.2,74
13-11-2020 10:00,23.75,53.25,27.48,0.49,50.62,29.2,71
13-11-2020 11:00,22.25,46.25,28,0.54,50.62,29.55,67.25
13-11-2020 12:00,19.75,51.75,30.7,0.47,51.25,29.35,64.75
13-11-2020 13:00,20.5,56,27.73,0.36,47.62,29.52,62.5
13-11-2020 14:00,24.25,52,31.47,0.34,49.98,29.2,58.5
13-11-2020 15:00,21.5,51.25,30.02,0.31,52.85,29.18,59.75
13-11-2020 16:00,21.75,58.5,31.07,0.35,48.55,29.1,60
13-11-2020 17:00,27.25,61.5,32.95,0.5,43.7,29.1,61.75
13-11-2020 18:00,29.75,68.75,40.67,0.64,28.83,29.2,66.25
13-11-2020 19:00,37,88,47.8,0.77,16.3,29.1,67.5
13-11-2020 20:00,45.75,123.75,61.95,1.11,2.8,29.1,69.75
13-11-2020 21:00,55.5,135.25,65.22,1.12,3.58,29.15,70.25
13-11-2020 22:00,61.75,135.5,55.92,0.95,14.25,29.2,72
13-11-2020 23:00,67,107.25,54.58,0.95,14.5,29.27,74.25
14-11-2020 00:00,63.75,106,51.33,0.81,16.68,29.33,76
14-11-2020 01:00,52.5,99,52.43,0.78,11.07,29.3,78
14-11-2020 02:00,49.5,99,53.6,0.77,5.88,29.27,81
14-11-2020 03:00,55.25,106.5,48.8,0.67,4,29.35,82
14-11-2020 04:00,54.75,95.75,41.1,0.52,13.18,29.6,83.25
14-11-2020 05:00,39.5,75.5,42.45,0.47,16.9,29.27,82.25
14-11-2020 06:00,33.25,72.5,37.28,0.42,18.7,29.23,82.5
14-11-2020 07:00,38.25,75.75,41.02,0.47,20.77,29.3,82.25
14-11-2020 08:00,40.25,74.25,41.52,0.5,33.33,29.23,74
14-11-2020 09:00,35.75,85.25,36.67,0.51,59.1,29.17,65.75
14-11-2020 10:00,39.25,97,34.83,0.48,68.3,29.2,61
14-11-2020 11:00,38.25,88.25,33.35,0.46,61.1,29.62,58.5
14-11-2020 12:00,25.25,68.25,32.85,0.42,61.6,29.75,55.25
14-11-2020 13:00,28,58.5,27.95,0.2,65,29.6,53
14-11-2020 14:00,23.5,53.75,30.32,0.17,63.7,29.3,52
14-11-2020 15:00,19.25,52.75,28.75,0.12,62.48,29.27,50.5
14-11-2020 16:00,21,51,27.1,0.15,62.55,29.27,50.25
14-11-2020 17:00,22.75,50.25,25.58,0.25,63.1,29.2,52.75
14-11-2020 18:00,23,58.5,28.57,0.33,55.12,29.2,58
14-11-2020 19:00,34.5,65.25,33.58,0.49,46.58,29.17,62.25
14-11-2020 20:00,46,87.75,41.58,0.66,37.55,29.17,64.5
14-11-2020 21:00,84.5,146,50.65,0.84,24.03,29.15,66.75
14-11-2020 22:00,80.25,177.5,51.03,0.89,29.18,29.15,68.25
14-11-2020 23:00,75.75,175.75,44.15,0.78,41.25,29.15,69.75
15-11-2020 00:00,87,181.75,42.42,0.71,35.4,29.18,72.75
15-11-2020 01:00,85.75,163.75,35.33,0.48,52,29.2,71.75
15-11-2020 02:00,77.25,123.25,31.5,0.4,66.25,29.2,71.25
15-11-2020 03:00,61,99.25,29.9,0.41,58.95,29.2,75.25
15-11-2020 04:00,55,87.75,27.98,0.38,56.03,29.62,78.5
15-11-2020 05:00,51.75,84,27.73,0.41,56.7,29.27,80.5
15-11-2020 06:00,39.25,74.75,26.95,0.42,43.2,29.3,82.5
15-11-2020 07:00,35.5,74,26.23,0.44,26.42,29.25,83.75
15-11-2020 08:00,48,75.5,29.35,0.48,38.98,29.25,73.75
15-11-2020 09:00,43.5,78.75,26.73,0.52,72.33,29.1,66.5
15-11-2020 10:00,39.25,75.25,28.2,0.5,75.33,29.18,60
15-11-2020 11:00,40,80.5,31.48,0.58,75.2,29.62,55.75
15-11-2020 12:00,37.5,85.5,33,0.5,62.83,29.77,52.25
15-11-2020 13:00,28,58,27.7,0.23,59.8,29.73,52
15-11-2020 14:00,22.75,53,27.5,0.2,60.45,29.35,52
15-11-2020 15:00,25.75,53,27.25,0.19,57.95,29.3,52
15-11-2020 16:00,27,44.25,25.57,0.22,54.75,29.25,54.5
15-11-2020 17:00,24,46.25,25.88,0.41,56.88,29.17,56.25
15-11-2020 18:00,23,50.25,27.8,0.49,53.5,29.2,59.5
15-11-2020 19:00,22.75,54.25,29.4,0.58,48.58,29.1,63.25
15-11-2020 20:00,39.5,74,37.08,0.67,33.23,29.15,66.5
15-11-2020 21:00,69,122.25,45.5,0.63,20.12,29.2,68.5
15-11-2020 22:00,81,168.5,41.62,0.58,29,29.12,69.25
15-11-2020 23:00,74.5,130.75,35.33,0.45,41.8,29.2,68
16-11-2020 00:00,53.25,90.25,32.25,0.39,42.23,29.17,69.5
16-11-2020 01:00,48.25,77.25,31.95,0.34,39.72,29.17,72
16-11-2020 02:00,45.75,70,29.45,0.26,43.85,29.2,72
16-11-2020 03:00,35.25,61.75,26.62,0.23,43.3,29.25,71.25
16-11-2020 04:00,31.25,55.5,23.15,0.21,42.55,29.62,71.75
16-11-2020 05:00,27.75,58,25.5,0.29,39.45,29.25,75.25
16-11-2020 06:00,34.25,60.75,26.78,0.28,39.8,29.25,74.75
16-11-2020 07:00,39.25,63.75,26.73,0.33,43.47,29.27,76.25
16-11-2020 08:00,44,74.25,28.88,0.38,38.6,29.25,76.75
16-11-2020 09:00,43.75,73.25,26.75,0.41,43.6,29.15,68
16-11-2020 10:00,34.75,77.5,25.7,0.4,55.75,29.12,63.75
16-11-2020 11:00,39,80,27.5,0.47,62.85,29.62,60
16-11-2020 12:00,43.5,79.75,27.25,0.4,61.52,29.77,58.5
16-11-2020 13:00,39,71.75,25,0.35,61.93,29.62,56.5
16-11-2020 14:00,37,73.25,25.05,0.31,63.5,29.3,56.75
16-11-2020 15:00,31,64.5,26.5,0.33,69.75,29.2,57.25
16-11-2020 16:00,34.25,74.75,27.88,0.36,68.95,29.25,58.5
16-11-2020 17:00,41.25,78.75,27.85,0.34,61.12,29.15,58.25
16-11-2020 18:00,33.5,69.5,31.98,0.43,59.65,29.2,62.25
16-11-2020 19:00,37.75,86.75,40.08,0.57,45.83,29.12,64.75
16-11-2020 20:00,48.25,110.25,46.28,0.69,31.53,29.1,64.75
16-11-2020 21:00,57.5,118.5,45.67,0.63,30.23,29.12,68.5
16-11-2020 22:00,64,109.75,39.48,0.58,38.4,29.17,71.75
16-11-2020 23:00,59,96,39.82,0.56,33,29.23,74.25
17-11-2020 00:00,51.5,93,40.08,0.61,27.98,29.23,77
17-11-2020 01:00,46,90.5,39.25,0.6,32.7,29.25,77
17-11-2020 02:00,43.75,82.25,36.8,0.58,33.12,29.23,77
17-11-2020 03:00,44,78.25,33.9,0.5,31.05,29.33,80.25
17-11-2020 04:00,38.25,71.75,31.3,0.47,31.52,29.6,82
17-11-2020 05:00,39.25,69.25,34.25,0.37,21.57,29.27,83
17-11-2020 06:00,42.75,75.25,36.48,0.37,19.6,29.3,84
17-11-2020 07:00,52.25,82.75,34.2,0.42,23.2,29.3,84.25
17-11-2020 08:00,57.75,88.25,35.33,0.51,34.17,29.27,77.25
17-11-2020 09:00,59,95.75,30.95,0.53,56.9,29.17,63.5
17-11-2020 10:00,47.25,88.25,31.02,0.51,64.45,29.15,58
17-11-2020 11:00,47.5,86.75,29.8,0.51,66.6,29.6,55.25
17-11-2020 12:00,41.5,86.5,31.8,0.48,67.2,29.75,51.5
17-11-2020 13:00,30,76.5,28.85,0.46,69.88,29.67,47.75
17-11-2020 14:00,35.25,69.25,29.73,0.38,66.2,29.27,44.25
17-11-2020 15:00,32.25,68.5,28.6,0.36,64.7,29.3,43.25
17-11-2020 16:00,30,62.75,27.05,0.33,64.05,29.35,43.5
17-11-2020 17:00,29.25,58.5,26.42,0.27,66.45,29.3,44.5
17-11-2020 18:00,29.75,59.5,31.77,0.33,60.88,29.3,47.5
17-11-2020 19:00,37.5,69.75,42.28,0.52,41.6,29.2,51.5
17-11-2020 20:00,35,81.5,51.2,0.7,30.15,29.12,55.5
17-11-2020 21:00,37.75,96.75,54.67,1.02,20.7,29.12,61
17-11-2020 22:00,54.5,109.25,43.92,0.93,36.38,29.2,62.5
17-11-2020 23:00,52.75,105.5,39.58,0.85,35.15,29.2,66.5
18-11-2020 00:00,52.25,111,38.88,0.76,34.48,29.27,70.5
18-11-2020 01:00,53.75,109,34.75,0.64,37.4,29.25,73.75
18-11-2020 02:00,53,89.25,31.57,0.51,38.95,29.27,76.75
18-11-2020 03:00,43.5,76,29.12,0.47,33.6,29.35,80
18-11-2020 04:00,43,77.5,29.23,0.45,22.9,29.7,82.5
18-11-2020 05:00,46,73.75,26.52,0.44,24.58,29.33,84.25
18-11-2020 06:00,46.25,74.5,27.12,0.45,30.4,29.3,86.25
18-11-2020 07:00,45.75,69,26.48,0.45,36.42,29.35,86
18-11-2020 08:00,40.75,67.25,23.82,0.44,40.38,29.3,85.5
18-11-2020 09:00,37,70.75,26.93,0.34,46.47,29.2,75.5
18-11-2020 10:00,36,67.5,25.07,0.36,47.77,29.15,72
18-11-2020 11:00,32.25,60.5,25.15,0.36,48.65,29.62,67.25
18-11-2020 12:00,27.75,63,27.85,0.31,48.35,29.73,62
18-11-2020 13:00,22.5,64,24.58,0.28,49.05,29.57,58.25
18-11-2020 14:00,26,56,26.35,0.25,48,29.2,56.5
18-11-2020 15:00,23,49.75,25.73,0.22,47.27,29.23,56.25
18-11-2020 16:00,22.5,47.5,24.27,0.21,47.3,29.17,58
18-11-2020 17:00,20.75,43,25.45,0.34,44.75,29.2,57.25
18-11-2020 18:00,22,44,27.6,0.4,38,29.12,62
18-11-2020 19:00,28.5,54.75,46.82,0.75,11,29.15,69.25
18-11-2020 20:00,30,79,55.05,0.95,6.45,29.2,71
18-11-2020 21:00,31.5,82.5,50.92,0.92,10.97,29.1,72.5
18-11-2020 22:00,36.25,82,47.55,0.86,16.52,29.12,73.25
18-11-2020 23:00,36.25,76.5,44.92,0.81,19.55,29.17,74
19-11-2020 00:00,33.5,74.25,39.33,0.61,25.45,29.15,74.75
19-11-2020 01:00,30,62.25,33.05,0.52,28.38,29.15,78.5
19-11-2020 02:00,24.25,55.5,26.9,0.46,30.98,29.15,81.25
19-11-2020 03:00,25,44,24.58,0.42,28.6,29.25,83.5
19-11-2020 04:00,23.75,49.25,21.82,0.37,30.8,29.6,84
19-11-2020 05:00,22.25,45,22.58,0.32,28.65,29.23,84
19-11-2020 06:00,27.75,40.5,22.58,0.33,28.5,29.2,84
19-11-2020 07:00,25.5,45.5,22.73,0.33,28.18,29.23,83.75
19-11-2020 08:00,29.5,45,21.4,0.32,29.7,29.23,81
19-11-2020 09:00,26.75,42.75,22.23,0.28,31.7,29.18,75.25
19-11-2020 10:00,23,55.5,24.55,0.3,40.33,29.15,70
19-11-2020 11:00,23.25,61,26.15,0.34,41.95,29.6,65
19-11-2020 12:00,23.25,62.5,28.3,0.34,44.48,29.72,59.75
19-11-2020 13:00,21.25,57.25,25.6,0.38,44,29.7,56.5
19-11-2020 14:00,20.75,53,27.25,0.35,45.7,29.23,55
19-11-2020 15:00,16.25,45.75,26.02,0.33,45.95,29.2,54.25
19-11-2020 16:00,15.25,46.25,27.62,0.35,47.65,29.23,53.25
19-11-2020 17:00,18,58.25,23.6,0.28,48.8,29.3,54.75
19-11-2020 18:00,16.25,57.25,28.85,0.36,37.65,29.25,60.5
19-11-2020 19:00,22,63.5,36.55,0.53,23.55,29.17,65.5
19-11-2020 20:00,27.75,71.75,45.93,0.68,16.1,29.12,68
19-11-2020 21:00,28.5,73.5,48.77,0.89,14.2,29.1,70
19-11-2020 22:00,31.75,72.75,38.85,0.82,27.68,29.1,71
19-11-2020 23:00,28.75,72,32.48,0.65,35.43,29.05,73
20-11-2020 00:00,28.75,61.5,29.85,0.57,29.02,29.17,76.5
20-11-2020 01:00,21.5,53.75,28.88,0.46,22.93,29.2,79.75
20-11-2020 02:00,20.5,43.25,28.98,0.42,22.5,29.17,82
20-11-2020 03:00,25,46.5,28.4,0.44,21.2,29.25,84
20-11-2020 04:00,33.75,59.75,27.77,0.39,12.1,29.6,85.75
20-11-2020 05:00,32.25,47.5,25.2,0.43,9.4,29.27,87
20-11-2020 06:00,28.75,41.5,26.73,0.43,10.07,29.25,87
20-11-2020 07:00,27,47,32.85,0.49,3.22,29.27,87
20-11-2020 08:00,33.5,54,31.38,0.58,5.97,29.32,84
20-11-2020 09:00,36.25,69,35.9,0.51,19.98,29.12,69.25
20-11-2020 10:00,38.75,77.75,37.65,0.46,35.38,29.08,62.75
20-11-2020 11:00,32,76,33.58,0.37,38.35,29.55,54
20-11-2020 12:00,21.5,68.75,29.95,0.21,39.93,29.65,47.75
20-11-2020 13:00,16,55.5,28.52,0.3,54.2,29.62,46.75
20-11-2020 14:00,17.5,58.5,30.77,0.35,80.65,29.23,44
20-11-2020 15:00,27.75,67,31.98,0.37,80.15,29.2,41.5
20-11-2020 16:00,17.75,51.75,30.08,0.35,76.45,29.38,43.5
20-11-2020 17:00,16,51,29.7,0.34,66.58,29.4,46
20-11-2020 18:00,15.75,56.25,35.08,0.43,48.33,29.27,51
20-11-2020 19:00,25.25,74.25,49.9,0.61,21.6,29.23,54.75
20-11-2020 20:00,28.5,79.5,44.1,0.63,19.2,29.2,59
20-11-2020 21:00,27.25,73,35.75,0.48,24.85,29.2,63.5
20-11-2020 22:00,28.5,68.25,37.58,0.5,18.75,29.17,68.5
20-11-2020 23:00,30,69.5,35.67,0.43,21.62,29.15,70.5
21-11-2020 00:00,31,65.75,37.38,0.44,16.8,29.2,73.5
21-11-2020 01:00,31.75,77,39.12,0.41,8.78,29.25,78.25
21-11-2020 02:00,25.5,73,31.6,0.35,12.32,29.3,78.5
21-11-2020 03:00,26.5,62.25,30.02,0.33,12.95,29.33,79
21-11-2020 04:00,25.25,61.5,27.33,0.29,20.95,29.57,80
21-11-2020 05:00,25.75,48,25.02,0.24,17.9,29.27,81.5
21-11-2020 06:00,25,48,25.1,0.23,16.43,29.27,82
21-11-2020 07:00,24,46.75,23.68,0.24,15.67,29.23,82
21-11-2020 08:00,22.5,45.75,24.25,0.27,15.32,29.2,72.75
21-11-2020 09:00,25.75,60.5,27.48,0.33,23.65,29.1,61.25
21-11-2020 10:00,21,74.25,30.48,0.29,33.65,29.1,52
21-11-2020 11:00,17.25,55.5,30,0.25,40.85,29.55,45
21-11-2020 12:00,15.25,49.5,30.5,0.25,48.45,29.73,42.5
21-11-2020 13:00,17.25,52,29.73,0.24,59.15,29.73,42.25
21-11-2020 14:00,21.75,72.25,30.5,0.24,74.47,29.42,42.75
21-11-2020 15:00,24.75,76,31.25,0.24,79.92,29.33,44.5
21-11-2020 16:00,25.75,89.75,29.75,0.23,71.3,29.35,46.5
21-11-2020 17:00,22.25,77.25,29.05,0.11,64.88,29.33,48.75
21-11-2020 18:00,26,92.25,41.2,0.22,51.88,29.25,52.25
21-11-2020 19:00,40.25,138.75,47.55,0.38,33,29.2,58.25
21-11-2020 20:00,57,156.25,62.1,0.74,13.72,29.3,62.5
21-11-2020 21:00,66.5,175,85.38,1.53,1.38,29.2,62.25
21-11-2020 22:00,84.5,176.25,88.82,1.57,3.78,29.2,64.25
21-11-2020 23:00,74.5,168.25,76.95,1.21,6.15,29.17,65
22-11-2020 00:00,55.75,129.5,75.05,1.01,2.25,29.15,67
22-11-2020 01:00,48.25,118.25,72.03,1.01,3.17,29.23,69.25
22-11-2020 02:00,48,118.5,74.15,1.06,0.45,29.2,72.5
22-11-2020 03:00,53.75,127.5,68.28,0.99,0.8,29.27,74.5
22-11-2020 04:00,54.75,128.75,58.67,0.77,4.85,29.68,74.75
22-11-2020 05:00,57.25,111.5,46.28,0.65,9.2,29.3,76
22-11-2020 06:00,48.25,90.5,44.9,0.58,4.55,29.27,77.5
22-11-2020 07:00,46.25,92.25,44.95,0.54,3,29.3,80.75
22-11-2020 08:00,53.75,102.25,48.5,0.77,4.88,29.27,79.25
22-11-2020 09:00,66.75,139.25,39.35,0.5,36.45,29.15,73
22-11-2020 10:00,44.5,85,35.7,0.45,47.85,29.15,68
22-11-2020 11:00,45.75,85.5,36.03,0.45,60.6,29.55,63.5
22-11-2020 12:00,55.25,96.75,35.3,0.4,72.3,29.67,59.5
22-11-2020 13:00,56.75,99.25,30.3,0.46,79.97,29.6,56.25
22-11-2020 14:00,47.5,97,29.88,0.43,79.55,29.17,53
22-11-2020 15:00,40.25,86.25,29.58,0.36,77.55,29.15,51
22-11-2020 16:00,42.75,81,28.12,0.38,81.45,29.2,52
22-11-2020 17:00,47.75,83.5,28.75,0.46,74.72,29.23,54.5
22-11-2020 18:00,48.5,94.75,34,0.57,60.12,29.1,57.5
22-11-2020 19:00,56.5,116.75,41.8,0.75,48.23,29.12,60.25
22-11-2020 20:00,66,146.75,45.7,0.82,44.88,29.15,63
22-11-2020 21:00,64.5,137,39.45,0.7,59.8,29.1,63.25
22-11-2020 22:00,72.5,131,36.45,0.66,65.78,29.08,65.5
22-11-2020 23:00,81.25,136.75,33.4,0.64,55.78,29.12,69
23-11-2020 00:00,74,125.25,35.73,0.59,46.05,29.18,71.25
23-11-2020 01:00,71,118.5,38.05,0.41,39.9,29.2,72.5
23-11-2020 02:00,75.75,112.5,31.18,0.38,47.83,29.17,73
23-11-2020 03:00,61.25,104,28.68,0.3,54.85,29.25,70.75
23-11-2020 04:00,56.25,89.75,26.57,0.27,62.55,29.6,71
23-11-2020 05:00,55.5,81.5,27.17,0.27,56.03,29.23,74
23-11-2020 06:00,52.25,78.5,30.9,0.26,45.52,29.27,74.5
23-11-2020 07:00,58.5,86.5,36.67,0.33,29.02,29.25,78.5
23-11-2020 08:00,66,101.25,39.8,0.42,33.42,29.27,75.25
23-11-2020 09:00,69,121,42.8,0.56,50.35,29.17,66.5
23-11-2020 10:00,77,141.25,39.6,0.57,63.65,29.2,62.25
23-11-2020 11:00,68.75,130,34.02,0.55,69.67,29.62,57.75
23-11-2020 12:00,52.5,101,36.05,0.47,75.1,29.75,53.25
23-11-2020 13:00,50,97,30.98,0.43,78.85,29.62,50.5
23-11-2020 14:00,46.25,100.25,29.62,0.36,80.47,29.27,46.75
23-11-2020 15:00,42.5,91,28.3,0.3,80.38,29.25,44.25
23-11-2020 16:00,37.75,86.75,30,0.3,82.25,29.23,44.25
23-11-2020 17:00,38.75,89,30.2,0.32,87.97,29.25,46.75
23-11-2020 18:00,46.25,114.75,39.3,0.49,70.8,29.3,51.25
23-11-2020 19:00,58.25,146.75,49.33,0.67,56.55,29.25,53.75
23-11-2020 20:00,76,174,58.25,0.9,45.9,29.15,55.25
23-11-2020 21:00,79.5,176.5,64.2,0.97,41.67,29.15,54
23-11-2020 22:00,72,174,67.47,1,34.4,29.2,54.25
23-11-2020 23:00,72,174.5,71.47,0.97,25.6,29.2,53.75
24-11-2020 00:00,75.25,182,70.92,0.87,23.68,29.15,55.25
24-11-2020 01:00,82.75,166,57.77,0.62,35.12,29.12,55.75
24-11-2020 02:00,73.5,139.25,47.02,0.47,39.85,29.12,57.5
24-11-2020 03:00,65.5,125.75,46.67,0.43,30.55,29.25,60.25
24-11-2020 04:00,64.25,131.75,43.4,0.38,33.92,29.6,60.5
24-11-2020 05:00,63.25,118.75,49.48,0.45,25.23,29.23,64.25
24-11-2020 06:00,58.25,125.75,56.38,0.44,15.25,29.2,66
24-11-2020 07:00,61,121.75,53.95,0.47,19.83,29.2,65.5
24-11-2020 08:00,69.25,127,48.95,0.55,26.32,29.2,63.75
24-11-2020 09:00,72,140,44.58,0.5,44.35,29.15,59.5
24-11-2020 10:00,57,119.25,40,0.5,57.88,29.2,54.5
24-11-2020 11:00,46.75,102.5,37.77,0.46,65.9,29.7,52.5
24-11-2020 12:00,43.75,106,38.65,0.43,80.1,29.82,49.25
24-11-2020 13:00,45,110.75,16.62,0.4,84.88,29.3,45.5
24-11-2020 14:00,41.5,104.5,20.92,0.4,85.88,29.15,42.75
24-11-2020 15:00,40.25,95.5,27.6,0.39,81,29.35,39.25
24-11-2020 16:00,40.5,94.5,22.7,0.39,87.72,29.35,38.5
24-11-2020 17:00,40.25,105.5,23.27,0.28,77.7,29.07,35.75
24-11-2020 18:00,44.75,118.25,31.15,0.45,68.35,29.33,46.75
24-11-2020 19:00,51.75,155.25,41.82,0.61,51.65,29.27,51.5
24-11-2020 20:00,67.5,170.75,49.02,0.76,44.35,29.23,52.75
24-11-2020 21:00,75.25,183.75,58.48,0.95,31.15,29.3,57.25
24-11-2020 22:00,84.25,167.25,59.7,0.93,26.38,29.3,59.25
24-11-2020 23:00,79.5,155.5,54.83,0.91,25.6,29.25,60.75
25-11-2020 00:00,72.5,151.5,59.67,0.85,16.3,29.27,64
25-11-2020 01:00,69.75,141,55.62,0.71,18.45,29.27,62.75
25-11-2020 02:00,59.5,131.75,46.75,0.54,27.15,29.23,62.75
25-11-2020 03:00,64.5,125.75,42.92,0.5,29.1,29.23,64.25
25-11-2020 04:00,56.25,106.75,35.83,0.44,36.85,29.5,64.5
25-11-2020 05:00,51.5,98.25,32.25,0.36,38.08,29.3,66.25
25-11-2020 06:00,46,101.25,34.52,0.37,35.88,29.23,67.5
25-11-2020 07:00,54,101.75,33.97,0.42,42.2,29.15,65.5
25-11-2020 08:00,62,116.75,34.45,0.48,51.48,29.15,63
25-11-2020 09:00,68,137.75,39.53,0.52,53.65,29.17,59.75
25-11-2020 10:00,65.75,135.75,38.03,0.47,61.05,29.25,56.5
25-11-2020 11:00,56.75,119.5,36.73,0.52,67.62,29.62,52.25
25-11-2020 12:00,47.5,109.5,33.85,0.45,66.68,29.75,48.25
25-11-2020 13:00,38.5,104,29.38,0.42,63.98,29.95,46.25
25-11-2020 14:00,33.75,82.5,30.55,0.39,66.4,29.85,47.75
25-11-2020 15:00,33,80,32.27,0.41,64.68,29.88,49.75
25-11-2020 16:00,31.25,74.5,30.98,0.38,61.4,29.8,50.25
25-11-2020 17:00,26.25,69.25,24.68,0.44,60.88,29.8,54
25-11-2020 18:00,29,75,29.48,0.51,55.67,29.62,56.75
25-11-2020 19:00,35.25,73.75,32.58,0.6,52.05,29.58,59
25-11-2020 20:00,40,84.25,38.5,0.75,42.48,29.48,60.25
25-11-2020 21:00,51.5,99.25,42.67,0.71,39.68,29.5,63.75
25-11-2020 22:00,48.75,94,38.48,0.7,39.85,29.48,68
25-11-2020 23:00,43.25,83.25,33.88,0.62,38.78,29.55,69.5
26-11-2020 00:00,39.5,80.25,36.58,0.57,36.33,29.42,69.5
26-11-2020 01:00,43.75,88,37.85,0.48,36.85,29.5,65.5
26-11-2020 02:00,44,89.5,32.78,0.43,37.95,29.45,64.25
26-11-2020 03:00,47.25,81.5,29.38,0.41,40.4,29.48,73.5
26-11-2020 04:00,44.5,65.75,26.82,0.37,33.7,29.75,80
26-11-2020 05:00,35.5,52,26.57,0.38,31.38,29.52,76.75
26-11-2020 06:00,38.25,57.75,27,0.36,32.52,29.4,75
26-11-2020 07:00,34.25,57,26.35,0.38,35.55,29.4,75.25
26-11-2020 08:00,39.5,59.75,27.05,0.44,35.1,29.45,74.75
26-11-2020 09:00,41.5,64.5,28.1,0.39,38.55,29.42,72
26-11-2020 10:00,33.25,55.75,27.45,0.41,44.35,29.52,69.75
26-11-2020 11:00,30,63.75,24.2,0.41,46.67,29.77,67.5
26-11-2020 12:00,26.75,71,21.25,0.33,49.4,29.9,66.75
26-11-2020 13:00,22.75,66.75,20.73,0.42,53.8,29.83,64.25
26-11-2020 14:00,14.75,59.25,21.07,0.39,53,29.52,64.25
26-11-2020 15:00,20.75,48.5,21.6,0.39,52.25,29.52,64.5
26-11-2020 16:00,23.75,53.75,22.53,0.41,49.52,29.52,66.75
26-11-2020 17:00,25.5,64.5,22.88,0.36,43.17,29.3,68
26-11-2020 18:00,24,61,25.9,0.37,38.12,29.32,69.25
26-11-2020 19:00,26,60.75,35.53,0.54,26.57,29.3,71
26-11-2020 20:00,34.5,78.75,39.62,0.59,21.33,29.25,72.5
26-11-2020 21:00,44.75,86,35.4,0.65,30.6,29.25,71.75
26-11-2020 22:00,52,97.25,30.1,0.56,35.98,29.33,71.25
26-11-2020 23:00,51.75,90,29.75,0.58,37.43,29.3,72.25
27-11-2020 00:00,58.25,97,34.1,0.56,24.4,29.3,76
27-11-2020 01:00,54.25,83.25,31.55,0.42,21.67,29.33,79.75
27-11-2020 02:00,60.25,88.75,30.35,0.42,24.5,29.4,79
27-11-2020 03:00,64.5,90.25,26.32,0.42,24.9,29.52,82.75
27-11-2020 04:00,53.25,75.5,22.7,0.4,23.45,29.65,84
27-11-2020 05:00,41,64,23.18,0.42,23.02,29.4,84.25
27-11-2020 06:00,34.25,54.75,21.67,0.29,29.85,29.4,83
27-11-2020 07:00,22,32.75,20.1,0.25,36.1,29.42,84
27-11-2020 08:00,22.25,31.25,25.17,0.34,28.85,29.4,83.5
27-11-2020 09:00,32.25,57.75,28.65,0.36,27.3,29.4,82
27-11-2020 10:00,33,59.75,28.33,0.39,29.4,29.38,80.25
27-11-2020 11:00,33.75,55.5,27.27,0.44,32.83,29.65,78.25
27-11-2020 12:00,35.25,71.75,26.6,0.32,38.95,29.6,74
27-11-2020 13:00,32.5,70.75,27.02,0.36,38.65,29.62,78
27-11-2020 14:00,30.25,62.25,27.3,0.38,37.05,29.38,81.25
27-11-2020 15:00,27.75,40.75,26.15,0.33,40.17,29.23,75
27-11-2020 16:00,29.25,51.25,27.62,0.39,39.4,29.2,76.25
27-11-2020 17:00,40,69,26.05,0.36,41.28,29.27,78.5
27-11-2020 18:00,51.75,76,29.67,0.42,31.23,29.45,83.5
27-11-2020 19:00,51.5,80,31.2,0.47,32.43,29.45,84.75
27-11-2020 20:00,46.25,72.75,30.25,0.5,34.65,29.42,85
27-11-2020 21:00,55.75,72.75,27.17,0.61,34.85,29.4,83.75
27-11-2020 22:00,51.75,73.5,24.25,0.57,35.88,29.3,83
27-11-2020 23:00,42.75,68.75,25.32,0.54,35.22,29.43,83.75
28-11-2020 00:00,44.25,67.75,27.57,0.52,30.88,29.42,84.5
28-11-2020 01:00,41.5,65.75,26.5,0.28,30.98,29.4,83.5
28-11-2020 02:00,41,59.75,25.5,0.28,29,29.4,85
28-11-2020 03:00,42.75,54.5,27.3,0.29,26.45,29.42,86
28-11-2020 04:00,39.5,57.5,23.4,0.27,31.3,29.7,86
28-11-2020 05:00,40,52.75,24.02,0.36,27.65,29.42,86
28-11-2020 06:00,35.25,49.75,24.7,0.34,25.75,29.42,86
28-11-2020 07:00,29.5,42.25,26.43,0.38,22.2,29.5,86
28-11-2020 08:00,26,39.75,24.23,0.38,24.05,29.45,86
28-11-2020 09:00,22,41,29.1,0.4,19.9,29.42,86
28-11-2020 10:00,27,46.75,30.38,0.44,26.23,29.35,81
28-11-2020 11:00,23.5,46,27.77,0.47,34.05,29.52,77
28-11-2020 12:00,20.75,44.5,24.45,0.38,38.48,29.57,76.25
28-11-2020 13:00,17.75,42,22.6,0.39,41.6,29.55,74.5
28-11-2020 14:00,19.75,48,25.07,0.39,46.1,29.25,72.75
28-11-2020 15:00,18.5,47,25.92,0.38,46.2,29.12,73.25
28-11-2020 16:00,17.75,43.5,25.27,0.36,48.15,29.15,71.5
28-11-2020 17:00,20,44.75,28.05,0.42,49.35,29.2,69.75
28-11-2020 18:00,19.75,56,33.58,0.52,36.3,29.15,75.5
28-11-2020 19:00,22.75,66.5,40,0.61,21.05,29.17,77.75
28-11-2020 20:00,34,73.25,40.75,0.66,19.55,29.2,78.25
28-11-2020 21:00,34.25,83.5,47.38,0.73,7.65,29.2,81.5
28-11-2020 22:00,33,88.25,39.73,0.65,11.57,29.23,82.25
28-11-2020 23:00,28.75,71,42.95,0.67,7.95,29.25,82
29-11-2020 00:00,33.75,72,43.55,0.65,7.78,29.27,82.5
29-11-2020 01:00,33.25,75.25,40.65,0.6,6.97,29.3,82
29-11-2020 02:00,32.5,73.5,36.25,0.47,11.7,29.3,83.75
29-11-2020 03:00,25,59,26.85,0.37,16.15,29.25,84
29-11-2020 04:00,17.25,37.5,23.75,0.33,31.35,29.55,84
29-11-2020 05:00,21.25,37,22.62,0.3,30.23,29.25,84
29-11-2020 06:00,21.75,43.25,21.65,0.3,31.35,29.23,84
29-11-2020 07:00,21.75,54,23.95,0.33,28.9,29.27,84.75
29-11-2020 08:00,26.5,59.75,27.6,0.41,26.05,29.25,84.25
29-11-2020 09:00,32.25,67,27.15,0.5,37.75,29.2,77.5
29-11-2020 10:00,27.25,62,25.65,0.48,51.67,29.12,72.25
29-11-2020 11:00,26.75,54.75,23.3,0.42,55.15,29.4,68
29-11-2020 12:00,23,50.25,23.15,0.39,57.75,29.52,65.75
29-11-2020 13:00,21,45.75,24.25,0.42,58.48,29.48,64.75
29-11-2020 14:00,15.25,41.25,25.05,0.41,57.83,29.1,64.75
29-11-2020 15:00,15.5,46.5,25.45,0.4,63.28,29.02,61.75
29-11-2020 16:00,15.25,46,27.68,0.43,60.38,29.05,61.75
29-11-2020 17:00,20.25,56.25,30.9,0.42,56.43,29.1,65.25
29-11-2020 18:00,23.75,53,32.05,0.46,47.28,29.1,68.5
29-11-2020 19:00,24,60.75,41.05,0.63,23.9,29.15,76
29-11-2020 20:00,29.75,74.5,53.52,0.98,5.15,29.1,80
29-11-2020 21:00,39.5,102,54.45,1.2,2.67,29.12,81
29-11-2020 22:00,43,104.25,41.12,0.97,16.17,29.1,79.75
29-11-2020 23:00,36.25,88.25,32.83,0.65,32.62,29.1,77.25
30-11-2020 00:00,26.25,71.25,31.55,0.54,33.05,29.17,77.75
30-11-2020 01:00,29.5,61.5,30.4,0.48,27.15,29.2,79.25
30-11-2020 02:00,26,55.5,33.6,0.48,22.07,29.27,79.5
30-11-2020 03:00,21.75,51.5,37,0.47,18.1,29.35,80
30-11-2020 04:00,27.5,53,41.25,0.46,8.75,29.52,82
30-11-2020 05:00,27.5,52.5,34.25,0.42,8.57,29.3,82.25
30-11-2020 06:00,22.25,52.75,34.8,0.44,7.95,29.35,82.25
30-11-2020 07:00,21.5,64.5,41.77,0.58,2,29.3,83
30-11-2020 08:00,29.75,87.75,49.95,0.78,7.75,29.3,78.25
30-11-2020 09:00,39,92.5,34.6,0.41,49.83,29.3,62.75
30-11-2020 10:00,34.25,74.25,31.4,0.4,75.55,29.23,55.5
30-11-2020 11:00,36.25,76.25,29.73,0.41,84.4,29.4,52.5
30-11-2020 12:00,31.75,74.25,29.4,0.41,90.02,29.68,53.25
30-11-2020 13:00,33,81.5,25.7,0.48,88.65,29.75,55
30-11-2020 14:00,30,75.25,30,0.47,101.03,29.6,54.25
30-11-2020 15:00,31,79,29.05,0.47,104.33,29.6,56
30-11-2020 16:00,34.75,79.75,29.23,0.48,90.9,29.7,57.5
30-11-2020 17:00,37.25,82,28.75,0.44,77.78,29.28,60.5
30-11-2020 18:00,35.75,81.5,27.18,0.48,50.73,29.18,68.75
30-11-2020 19:00,31,80.25,31.12,0.53,38.52,29.2,74
30-11-2020 20:00,49,104,76.92,1.25,4.45,29.2,73.75
30-11-2020 21:00,83.5,172.75,92.8,1.9,1.25,29.25,71.25
30-11-2020 22:00,80.25,176,91.62,2,2.4,29.3,73.5
30-11-2020 23:00,84.5,187,83.92,1.8,1.55,29.33,76
01-12-2020 00:00,86,184,81.12,1.6,1.58,29.33,78
01-12-2020 01:00,84.25,166.5,62.1,1.3,10.12,29.3,79
01-12-2020 02:00,77.5,147.75,52,1.14,6.55,29.4,81.25
01-12-2020 03:00,73.75,144,65.12,1.28,0.4,29.4,83
01-12-2020 04:00,78.75,180.5,63.98,1.35,1.05,29.57,83.25
01-12-2020 05:00,85,183,64.38,1.06,0.95,29.3,84.25
01-12-2020 06:00,79.25,181.5,56.62,0.84,1.55,29.35,84
01-12-2020 07:00,81,163,48.45,0.69,2.97,29.35,85.25
01-12-2020 08:00,84.5,150.5,46.72,0.68,10.35,29.4,83
01-12-2020 09:00,79,146.25,38.5,0.53,44.32,29.38,73.25
01-12-2020 10:00,56.75,112,37.5,0.47,68.7,29.33,66.5
01-12-2020 11:00,49,106,31.25,0.37,82.03,29.6,59.75
01-12-2020 12:00,36,78,30.55,0.31,87.2,29.68,55.25
01-12-2020 13:00,31.25,77.25,28.38,0.45,89.8,29.57,51.25
01-12-2020 14:00,26,80.5,27.43,0.38,85.42,29.17,47.5
01-12-2020 15:00,28.5,70.25,26.95,0.36,93.3,29.25,46.75
01-12-2020 16:00,34.25,70.75,26.55,0.33,102.75,29.25,46.5
01-12-2020 17:00,29,71.25,26.18,0.28,99.9,29.15,47.25
01-12-2020 18:00,31.25,77.5,31.67,0.37,76,29.23,54.5
01-12-2020 19:00,40.75,91.25,42.68,0.6,53.35,29.3,63.5
01-12-2020 20:00,50.5,110.5,48.6,0.79,47.88,29.35,66.75
01-12-2020 21:00,54.75,112,52.38,0.87,36.97,29.3,68.5
01-12-2020 22:00,57.75,116.5,57.42,1.04,24.55,29.5,71.75
01-12-2020 23:00,71.5,135,68.9,1.19,10.68,29.5,73.75
02-12-2020 00:00,76.75,149.25,68.45,1.15,12.27,29.52,75.75
02-12-2020 01:00,73.25,147.5,61.48,1.11,12.05,29.6,77.25
02-12-2020 02:00,81.75,147.5,55.73,0.94,13.73,29.6,78
02-12-2020 03:00,75,135.5,45.7,0.74,20.4,29.65,79.25
02-12-2020 04:00,64.75,110,40.95,0.64,13.8,29.82,80.75
02-12-2020 05:00,60.5,102.5,37.02,0.59,13,29.5,83.25
02-12-2020 06:00,63.25,114,39.85,0.76,1.4,29.48,85.25
02-12-2020 07:00,76.75,140.25,39.45,0.85,1.2,29.55,86
02-12-2020 08:00,77.25,163,51.98,1.17,3.95,29.48,83.5
02-12-2020 09:00,73.75,184.5,69.67,1.21,23.4,29.42,70
02-12-2020 10:00,68.75,162.75,42.58,0.65,65.85,29.45,55.75
02-12-2020 11:00,37.25,90.5,34.98,0.46,75.78,29.82,51.75
02-12-2020 12:00,34.75,81.25,32.2,0.34,75.9,29.9,48.25
02-12-2020 13:00,33.25,76.25,28.92,0.3,76.47,30.07,45.75
02-12-2020 14:00,32.75,77.25,31.05,0.27,85.3,29.77,43.75
02-12-2020 15:00,40.5,79.5,30.85,0.25,96.85,29.75,42.75
02-12-2020 16:00,46.25,85.5,29.5,0.25,101.47,29.65,42.75
02-12-2020 17:00,41.75,94.5,27.85,0.32,94.8,29.58,42.75
02-12-2020 18:00,46.25,115,34.98,0.43,76.55,29.52,47.5
02-12-2020 19:00,58.5,145.25,42.3,0.61,75.07,29.45,50.25
02-12-2020 20:00,77.5,173.75,44.97,0.71,81.7,29.35,50.5
02-12-2020 21:00,85.25,178,49.6,0.77,67.85,29.3,52.75
02-12-2020 22:00,83.75,184.75,49.4,0.72,62.77,29.3,55
02-12-2020 23:00,77.5,186.5,54.23,0.76,44.15,29.32,60
03-12-2020 00:00,80.25,176.25,49.85,0.58,49.08,29.38,61.25
03-12-2020 01:00,80,141.5,42.05,0.33,51.25,29.38,64.25
03-12-2020 02:00,69.5,117.25,39.8,0.32,44.02,29.4,67.5
03-12-2020 03:00,72.5,119.25,41.9,0.29,31.55,29.42,73
03-12-2020 04:00,68.5,113.5,38.5,0.3,27.5,29.68,75.5
03-12-2020 05:00,71,115,39.9,0.38,14.6,29.42,78
03-12-2020 06:00,74.5,124.25,39.52,0.4,11.92,29.42,79.75
03-12-2020 07:00,76.25,126.25,43,0.43,10.9,29.45,80
03-12-2020 08:00,79,144,65.32,0.84,4.53,29.4,79.25
03-12-2020 09:00,85.25,182,77.77,1.1,28.17,29.42,66.75
03-12-2020 10:00,85.25,174.5,58.15,0.96,60.97,29.5,60
03-12-2020 11:00,78.25,174.25,47.62,0.79,78.8,29.73,54.25
03-12-2020 12:00,61.25,126,46.2,0.69,77.82,29.8,52.75
03-12-2020 13:00,47,101.25,39.77,0.58,79.45,29.82,52.5
03-12-2020 14:00,32.75,91.5,30.88,0.52,107.65,29.52,51.75
03-12-2020 15:00,42,90.75,32.4,0.5,99,29.58,50.5
03-12-2020 16:00,35.5,75,30.2,0.45,80.18,29.65,52.5
03-12-2020 17:00,36.25,72.75,32.08,0.48,69.58,29.6,54.75
03-12-2020 18:00,41,69.75,41.3,0.67,49.4,29.6,61.75
03-12-2020 19:00,40,89.5,56.73,0.94,26.47,29.45,69.5
03-12-2020 20:00,59.25,126,80.58,1.5,3.43,29.45,72.25
03-12-2020 21:00,72.75,164.75,86.18,1.68,4.33,29.5,72.25
03-12-2020 22:00,74.5,174.5,68.6,1.4,14.95,29.48,72.25
03-12-2020 23:00,73,152,62.35,1.16,18.77,29.5,71.75
04-12-2020 00:00,None,None,None,None,None,None,None
04-12-2020 01:00,None,None,None,None,None,None,None
04-12-2020 02:00,None,None,None,None,None,None,None
04-12-2020 03:00,None,None,None,None,None,None,None
04-12-2020 04:00,None,None,None,None,None,None,None
04-12-2020 05:00,None,None,None,None,None,None,None
04-12-2020 06:00,73,118,41.8,0.5,15.5,None,74
04-12-2020 07:00,74,121.5,41.4,0.5,16.9,29.45,73.5
04-12-2020 08:00,78.25,134.75,44.3,0.58,17.58,29.4,72.75
04-12-2020 09:00,82.5,152,46.08,0.78,31.23,29.42,67.25
04-12-2020 10:00,83.5,177.75,45.67,0.73,66.12,29.45,56.5
04-12-2020 11:00,75.75,159.25,42.6,0.72,72.07,29.77,55
04-12-2020 12:00,49.75,107,39.55,0.57,64.25,29.88,55.25
04-12-2020 13:00,28.5,80,31.12,0.31,68.1,29.5,53.25
04-12-2020 14:00,31,68.75,32.52,0.27,72.8,29.43,52.75
04-12-2020 15:00,31.75,61.5,31.4,0.23,70.3,29.38,51.25
04-12-2020 16:00,26.25,60.75,31.07,0.2,70.4,29.35,50.5
04-12-2020 17:00,27.75,62.5,28.45,0.32,69.35,29.4,50.25
04-12-2020 18:00,22,65.5,34.6,0.44,53.55,29.38,56.5
04-12-2020 19:00,27.75,83.25,54.27,0.77,27.67,29.5,63
04-12-2020 20:00,39.75,100.75,62.45,0.99,18.75,29.45,66.25
04-12-2020 21:00,57,125.25,70.35,1.24,7.25,29.33,69
04-12-2020 22:00,76.75,156.25,70.03,1.29,4.15,29.35,71.25
04-12-2020 23:00,78.75,149.75,66.5,1.19,6.28,29.42,72.25
05-12-2020 00:00,66.75,128.5,65.1,1.03,8.82,29.35,71.25
05-12-2020 01:00,60.25,131.25,57.38,0.82,16.07,29.4,67.75
05-12-2020 02:00,61,128.5,43.02,0.61,28.07,29.3,67.5
05-12-2020 03:00,59,109.5,36.6,0.51,30.5,29.33,71
05-12-2020 04:00,54.5,110.75,37.35,0.46,24.25,29.3,73.25
05-12-2020 05:00,60,112.25,34.68,0.4,24.95,29.33,75.25
05-12-2020 06:00,61.5,113,34.33,0.36,20.9,29.3,78
05-12-2020 07:00,56.75,94,38.17,0.4,20.22,29.3,79
05-12-2020 08:00,58.5,99.75,40.48,0.53,26.95,29.3,73.25
05-12-2020 09:00,63.5,123,40.9,0.55,42.42,29.32,65
05-12-2020 10:00,52.75,109.5,28.95,0.48,71.6,29.45,56
05-12-2020 11:00,41.75,93.5,27.05,0.35,77.8,29.55,47.75
05-12-2020 12:00,38,85,26.9,0.31,75.47,29.48,42.75
05-12-2020 13:00,36.75,80,24.32,0.2,75.2,29.45,41.25
05-12-2020 14:00,31.25,73.5,23.98,0.18,84.7,29.5,40.25
05-12-2020 15:00,27.25,72.5,22.95,0.16,82.98,29.52,39.5
05-12-2020 16:00,29.5,72,24,0.15,76.9,29.55,37.25
05-12-2020 17:00,26.5,69,25.4,0.28,78.7,29.58,39.5
05-12-2020 18:00,32.5,85,35.08,0.48,58.4,29.35,44.75
05-12-2020 19:00,40.5,116.5,51.2,0.77,29.8,29.2,49.75
05-12-2020 20:00,55,152.75,59.15,1.07,20.18,29.23,54
05-12-2020 21:00,69.25,168.75,66.85,1.27,17.5,29.2,55.25
05-12-2020 22:00,76.75,173,66.65,1.31,20.27,29.15,57.75
05-12-2020 23:00,78,167.75,50.88,1.02,38.95,29.2,55.5
06-12-2020 00:00,71.25,155.5,44.98,0.78,34.77,29.12,57
06-12-2020 01:00,58,131.5,43.38,0.64,32.62,29.15,59
06-12-2020 02:00,50.75,107.25,41.08,0.57,31.1,29.2,62.25
06-12-2020 03:00,46,98,38.95,0.5,29.5,29.2,61.5
06-12-2020 04:00,41.75,84.5,32.92,0.43,28.4,29.2,63.75
06-12-2020 05:00,37.75,76.75,29.32,0.43,28.38,29.17,64.75
06-12-2020 06:00,39.25,69.75,29.75,0.4,28.65,29.15,64
06-12-2020 07:00,47.25,81,36.35,0.48,20.25,29.12,66.75
06-12-2020 08:00,51.5,93,36.33,0.56,24.95,29.15,63.75
06-12-2020 09:00,56,108.75,37.2,0.63,49.57,29.2,56.25
06-12-2020 10:00,63.25,125,31.93,0.68,76.55,29.32,54.25
06-12-2020 11:00,56.5,110,28.2,0.67,83,29.5,52.75
06-12-2020 12:00,50.5,97.25,25.55,0.59,80.32,29.48,50.75
06-12-2020 13:00,43.5,83.75,23.92,0.4,78.75,29.45,48
06-12-2020 14:00,35.5,76,22.32,0.33,79.05,29.33,44.25
06-12-2020 15:00,31,68.5,20.27,0.28,76.35,29.38,41.5
06-12-2020 16:00,22,55.5,20.52,0.23,77.42,29.35,41.5
06-12-2020 17:00,21.25,57.25,20.17,0.32,79.67,29.3,42.25
06-12-2020 18:00,22,61.25,28.95,0.5,60.2,29.35,49.25
06-12-2020 19:00,34.25,74.75,40.47,0.74,39.95,29.25,56
06-12-2020 20:00,45,91.25,54.75,0.98,25.02,29.27,59.5
06-12-2020 21:00,49.25,108,62.98,1.09,18.53,29.27,60.75
06-12-2020 22:00,55.25,115.75,72.3,1.36,7.2,29.27,64.5
06-12-2020 23:00,67.5,142.25,73.28,1.57,4,29.23,65
07-12-2020 00:00,82.25,169.25,57,1.19,17.43,29.27,65.5
07-12-2020 01:00,74,136.5,43.35,0.83,25.3,29.25,65.25
07-12-2020 02:00,62.5,119.5,35.08,0.65,27.02,29.27,66.75
07-12-2020 03:00,53.25,96,32.25,0.48,28.3,29.27,68.25
07-12-2020 04:00,47.5,83.25,30.33,0.47,25.5,29.27,70.5
07-12-2020 05:00,47,83.25,26.95,0.43,23.93,29.25,71.75
07-12-2020 06:00,50,90,27.07,0.46,20.95,29.25,73.5
07-12-2020 07:00,50.5,90.5,32.65,0.52,16.7,29.23,76.75
07-12-2020 08:00,53.5,96.25,35,0.63,24.02,29.3,74.25
07-12-2020 09:00,57.75,109.5,29.82,0.58,51.6,29.3,67
07-12-2020 10:00,53.5,102,22.82,0.48,63.75,29.3,61.75
07-12-2020 11:00,40.75,77.5,24.1,0.51,69.02,29.45,58
07-12-2020 12:00,33.75,84.75,22.7,0.58,65.9,29.27,54.5
07-12-2020 13:00,30.25,77.75,17.1,0.03,57.25,29.98,51.25
07-12-2020 14:00,23,60.5,18.27,0.2,64.82,29.38,50
07-12-2020 15:00,24,60.75,17.1,0.15,65.95,28.65,48.25
07-12-2020 16:00,16.75,49.25,None,0.15,71.1,28.68,47.5
07-12-2020 17:00,15.25,55.5,27.9,0.46,70.5,28.98,48.75
07-12-2020 18:00,23.5,72.25,37.85,0.64,59.25,29.02,51.5
07-12-2020 19:00,30.25,104,53.12,0.85,42.5,28.9,52.5
07-12-2020 20:00,41,119.25,64.12,1.03,30.27,28.98,56.5
07-12-2020 21:00,52.75,129.25,60.57,0.83,40.92,29,57.5
07-12-2020 22:00,52,128.25,54.67,0.81,43.83,29,57.5
07-12-2020 23:00,52.5,121,57.92,0.75,40.02,29.02,59.25
08-12-2020 00:00,58.5,119.25,63.7,0.83,34.9,29.02,58.5
08-12-2020 01:00,72.25,131.25,63.15,0.8,30.95,29.05,61
08-12-2020 02:00,73.5,130.25,68.3,0.81,23.23,29.05,63.25
08-12-2020 03:00,72.5,127.5,57.7,0.81,24.9,29.12,66.5
08-12-2020 04:00,63.75,107,52.8,0.79,22.88,29.38,71
08-12-2020 05:00,63.25,105.75,50.73,0.84,21.7,29.02,73.25
08-12-2020 06:00,70.25,108.5,45.75,0.69,18.4,29.08,77
08-12-2020 07:00,59.5,96.25,43.23,0.46,15.5,29.1,80.75
08-12-2020 08:00,53.25,85.25,43.02,0.5,20.05,29.05,77
08-12-2020 09:00,60.5,107.5,53.97,0.73,38.02,29,65.25
08-12-2020 10:00,64.75,138,48.3,0.65,63.15,29.15,60.25
08-12-2020 11:00,42.5,107,38.97,0.52,72.28,29.7,56.25
08-12-2020 12:00,30.25,75.75,39.2,0.4,68.55,29.73,46
08-12-2020 13:00,23.5,70.5,34.6,0.33,64.35,29.65,40.25
08-12-2020 14:00,16.75,62,35.1,0.26,66.28,29.18,39
08-12-2020 15:00,9.75,51,35.7,0.26,71.35,29.18,38.75
08-12-2020 16:00,11.75,53.25,35.5,0.26,77.9,29.2,38.25
08-12-2020 17:00,20.75,53.5,34.02,0.39,85.15,29.1,39
08-12-2020 18:00,24.25,61.25,38.65,0.44,71.15,29.08,43.75
08-12-2020 18:28,28,62,49,0.6,56.1,29,48
