created_at,PM2.5,PM10,NO2,CO,Ozone,Temp,RH,WS
01-10-2020 01:00,35.5,51.75,20.55,0.21,,29,85.5,0.3
01-10-2020 02:00,33,50.25,20.5,0.21,,29.12,86.25,0.32
01-10-2020 03:00,30,48,23.05,0.21,,29.1,87,0.4
01-10-2020 04:00,37.25,62.75,22.1,0.23,,29,87,0.3
01-10-2020 05:00,41,56.25,20.88,0.28,,29.02,87,0.38
01-10-2020 06:00,42.75,74.25,24.8,0.29,,29,87,0.43
01-10-2020 07:00,46,88.25,21.68,0.3,,29,86.5,0.68
01-10-2020 08:00,37.75,54,18.45,0.25,,28.98,85,0.6
01-10-2020 09:00,29.75,50,18.83,0.31,,29.02,81.5,1.05
01-10-2020 10:00,27.25,56.75,19.5,0.3,,28.98,75.75,1.73
01-10-2020 11:00,32.75,60.5,20.45,0.26,,28.92,70,1.77
01-10-2020 12:00,38.25,66.75,20.3,0.29,,29.02,71,2.08
01-10-2020 13:00,39.5,72.75,18.75,0.28,,29.05,67.75,2.12
01-10-2020 14:00,43.75,75,19.9,0.28,,29.05,66.75,1.9
01-10-2020 15:00,50.75,77,20.6,0.29,,29.08,66.75,1.95
01-10-2020 16:00,46.5,84,18.18,0.29,,29.15,66,1.75
01-10-2020 17:00,46.75,89.25,19.27,0.16,,29.17,64.75,1.82
02-10-2020 13:00,42,86.5,19.07,0.17,,29.15,62.25,2.55
02-10-2020 14:00,41.5,86.25,18.1,0.15,,29.23,58.75,2.67
02-10-2020 15:00,39.75,87.75,19.83,0.14,,29.27,56.5,2.25
02-10-2020 16:00,40.75,82,18.88,0.13,,29.27,55.25,2.15
02-10-2020 17:00,45,86.25,19.05,0.22,,29.33,57.5,2
02-10-2020 18:00,42.75,89.25,20.2,0.24,,29.25,62,1.52
02-10-2020 19:00,44.75,89,23.03,0.32,,29.2,67,0.43
02-10-2020 20:00,45.5,92.75,24.55,0.42,,29.25,70.75,0.3
02-10-2020 21:00,47.5,84.25,23.12,0.33,,29.23,73,0.3
02-10-2020 22:00,42.25,86.25,26.23,0.39,,29.17,76,0.3
02-10-2020 23:00,51.5,110.75,27.88,0.44,,29.17,78.5,0.3
03-10-2020 00:00,59,121.75,29.35,0.46,,29.1,78.5,0.3
03-10-2020 01:00,59.75,127.5,28.52,0.47,,29.1,78.5,0.3
03-10-2020 02:00,61.5,118.25,27.32,0.43,,29.1,80,0.3
03-10-2020 03:00,60,113,26,0.39,,29.1,80,0.3
03-10-2020 04:00,49.25,98,23.07,0.31,,29.1,80,0.3
03-10-2020 05:00,49.75,90.25,22.95,0.22,,29.05,79.75,0.4
03-10-2020 06:00,39.5,85.25,19.7,0.17,,29.25,79.5,0.5
03-10-2020 07:00,37.25,85,19.83,0.16,,29.23,80,0.4
03-10-2020 08:00,37.25,84.75,23.25,0.2,,29.3,79,0.72
03-10-2020 09:00,44.5,92.75,22.62,0.37,,29.3,75.75,1.55
03-10-2020 10:00,44.75,91,22.15,0.35,,29.2,71.75,2
03-10-2020 11:00,41.75,88,22.43,0.36,,29.32,67.75,2.35
03-10-2020 12:00,44.25,88.75,20.75,0.32,,29.35,63.75,2.15
03-10-2020 13:00,43.5,91.5,20.48,0.23,,29.38,59,2.12
03-10-2020 14:00,38.75,92.5,20.43,0.22,,29.33,56.75,2.33
03-10-2020 15:00,39,90.25,20.02,0.22,,29.4,54.5,2.17
03-10-2020 16:00,43,88,20.38,0.2,,29.27,54.25,1.55
03-10-2020 17:00,47.25,90,19.07,0.24,,29.38,55.25,1.12
03-10-2020 18:00,50.25,96,18.58,0.23,,29.55,58,0.8
03-10-2020 19:00,49.5,106,29.88,0.48,49.85,29.83,60.5,0.6
03-10-2020 20:00,55,122,32.98,0.61,36.52,29.83,64.5,0.3
03-10-2020 21:00,57.5,124.75,33.02,0.62,31.05,29.83,67,0.3
03-10-2020 22:00,56,121.75,28.38,0.55,28.32,29.88,71.25,0.3
03-10-2020 23:00,54,109.25,25.3,0.54,13.77,29.77,77.25,0.3
04-10-2020 00:00,51.75,99.75,29.88,0.56,10.05,29.77,78.5,0.3
04-10-2020 01:00,62.25,123,35.35,0.52,7.33,29.7,79.25,0.3
04-10-2020 02:00,59.5,121.25,27.95,0.5,4.8,29.68,81.5,0.3
04-10-2020 03:00,56.75,111,24.43,0.44,7.15,29.88,81.75,0.3
04-10-2020 04:00,49.5,92.75,20.02,0.31,23.5,30.2,81.25,0.32
04-10-2020 05:00,37.25,79.5,20.88,0.24,19.3,29.8,83,0.32
04-10-2020 06:00,33.75,68.5,21.27,0.24,14.2,29.88,84.5,0.3
04-10-2020 07:00,38,66.25,20.9,0.25,12.25,29.88,85.5,0.32
04-10-2020 08:00,36.25,67.25,20.9,0.23,17.45,29.7,83,0.42
04-10-2020 09:00,42,79,20.9,0.23,22,29.7,78,1.02
04-10-2020 10:00,46.5,84.75,20.5,0.21,33.22,29.8,68.75,1.38
04-10-2020 11:00,42,85.75,20.88,0.19,44.6,30.43,62,1.82
04-10-2020 12:00,41.5,89.25,21.15,0.21,51.4,30.55,60.75,1.85
04-10-2020 13:00,39.5,84.5,18.62,0.24,54.7,30.52,57,2.2
04-10-2020 14:00,38.75,84.5,20.75,0.22,55.55,30,56.75,2.1
04-10-2020 15:00,41,81,20.32,0.21,55.72,29.98,57.25,1.95
04-10-2020 16:00,43.25,87,20.88,0.21,58.55,29.85,57,2.05
04-10-2020 17:00,51,93.5,21.5,0.32,62.95,29.83,56,1.95
04-10-2020 18:00,51.75,86.25,20.38,0.33,63.02,29.9,58.75,0.6
04-10-2020 19:00,46,88.75,22.65,0.4,50.6,29.77,65.75,0.3
04-10-2020 20:00,49,95.75,28.7,0.55,38.48,29.7,69.25,0.3
04-10-2020 21:00,48.75,102,29.25,0.55,27,29.7,72.75,0.3
04-10-2020 22:00,50.25,110.75,28.32,0.54,16.4,29.67,76.75,0.3
04-10-2020 23:00,58,127.5,28.6,0.55,11.77,29.7,78.5,0.3
05-10-2020 00:00,57.25,113.5,21.68,0.42,17.5,29.67,79.5,0.3
05-10-2020 01:00,44.5,73.25,19.52,0.42,15.07,29.7,81.75,0.3
05-10-2020 02:00,41,66,21.43,0.34,15.8,29.7,83,0.3
05-10-2020 03:00,43,71,24.88,0.31,14.7,29.73,83,0.3
05-10-2020 04:00,40,78.75,24.73,0.31,18.95,30.1,84,0.35
05-10-2020 05:00,38.75,81,21.98,0.23,23.25,29.75,84,0.35
05-10-2020 06:00,35,71.25,19,0.21,20.85,29.7,85,0.32
05-10-2020 07:00,35,67.25,18.4,0.23,18.57,29.67,86,0.35
05-10-2020 08:00,35.75,64.75,18.27,0.23,25.8,29.58,82,0.6
05-10-2020 09:00,38.75,75.25,19.73,0.32,36.72,29.5,74.25,1.5
05-10-2020 10:00,40.75,85,21.8,0.32,43.6,29.65,70.25,1.8
05-10-2020 11:00,38.25,93,20.05,0.34,47,30.27,66.5,1.98
05-10-2020 12:00,34.5,89.75,22.2,0.31,49.12,30.5,64.25,2.35
05-10-2020 13:00,39,89,30.3,0.27,59.77,30.45,59.25,2.8
05-10-2020 14:00,33,82.25,32.58,0.97,59.1,30.6,57.75,2.9
05-10-2020 15:00,36.5,85.25,16.15,0.36,57.35,30.18,57.5,2.92
05-10-2020 16:00,37.5,92.25,17.55,0.34,55.75,29.62,59.25,2.45
05-10-2020 17:00,36.25,91.75,20.88,0.32,52.47,29.58,58.5,2.5
05-10-2020 18:00,37.25,91.25,22,0.36,53.88,29.65,61,1.75
05-10-2020 19:00,39.25,102.75,28.65,0.51,43.62,29.7,66,0.4
05-10-2020 20:00,44,110.25,35.52,0.71,29.05,29.65,70,0.3
05-10-2020 21:00,46.75,116.25,32.42,0.73,24.65,29.67,73.5,0.3
05-10-2020 22:00,44.75,107.75,29.12,0.63,17.6,29.65,76.5,0.3
05-10-2020 23:00,44.5,93.75,28.52,0.61,12.07,29.62,79.5,0.3
06-10-2020 00:00,55.5,109.5,26.97,0.59,8.05,29.6,81,0.3
06-10-2020 01:00,55,110,24.4,0.53,6.58,29.6,82.5,0.3
06-10-2020 02:00,52.5,102.25,25,0.47,8.45,29.6,83.75,0.3
06-10-2020 03:00,61.25,113.5,25.7,0.45,9.5,29.62,84,0.3
06-10-2020 04:00,54.25,105.25,22.35,0.41,13.5,29.92,82.75,0.3
06-10-2020 05:00,49,96.75,22.85,0.44,13.55,29.6,80.5,0.3
06-10-2020 06:00,50.75,109.25,25.73,0.46,15.05,29.52,80,0.3
06-10-2020 07:00,55.25,118.75,26.02,0.49,17.6,29.52,80,0.3
06-10-2020 08:00,52.5,111.75,27.55,0.46,24.95,29.52,77.5,1
06-10-2020 09:00,49,116.25,24.05,0.31,36.9,29.5,71.75,1.98
06-10-2020 10:00,43,102.25,20.58,0.28,43.25,29.45,67.5,2.77
06-10-2020 11:00,41.75,94.75,20.6,0.27,50.58,29.75,61,2.68
06-10-2020 12:00,38.75,97.75,21.4,0.25,57.1,29.85,56,2.65
06-10-2020 13:00,41.75,98.25,17.8,0.3,62,29.88,55.75,2.6
06-10-2020 14:00,44.75,94.75,20.57,0.26,61.2,29.5,56.5,2.4
06-10-2020 15:00,45.25,98.75,21.88,0.27,59.62,29.5,55.25,2.53
06-10-2020 16:00,39.75,95.5,22.05,0.25,58.65,29.58,55.5,2.15
06-10-2020 17:00,40.5,96,22.1,0.26,59.65,29.67,57,1.72
06-10-2020 18:00,43.75,94.25,31.6,0.34,52.58,29.77,60.25,0.77
06-10-2020 19:00,41,101.25,38.45,0.41,47.55,29.6,61.75,1.05
06-10-2020 20:00,45.75,111,37.67,0.43,46.08,29.67,61,0.62
06-10-2020 21:00,51,111.25,37.95,0.52,41.12,29.6,64,0.32
06-10-2020 22:00,52.25,112.25,33.48,0.53,37.78,29.6,66.5,0.3
06-10-2020 23:00,54.25,111.25,36.4,0.52,27.8,29.6,68.75,0.3
07-10-2020 00:00,48.5,105.5,38.8,0.45,29.83,29.62,67.5,0.3
07-10-2020 01:00,49,104.5,32,0.36,29.97,29.6,71.25,0.3
07-10-2020 02:00,54.5,105,26.98,0.35,28.23,29.6,74.25,0.3
07-10-2020 03:00,53.25,102.75,25.85,0.34,21.85,29.65,76.75,0.3
07-10-2020 04:00,57,111.5,27.18,0.36,20.32,29.97,78.25,0.3
07-10-2020 05:00,67.5,134.75,28.02,0.43,15.25,29.65,80,0.3
07-10-2020 06:00,71.25,141.5,27.95,0.45,15.72,29.58,79.25,0.3
07-10-2020 07:00,69,129.75,25.88,0.43,21.6,29.58,75.75,0.3
07-10-2020 08:00,70,142.5,34.23,0.51,18.6,29.52,72,0.3
07-10-2020 09:00,71.5,162.25,32.38,0.56,21.75,29.52,72.75,0.3
07-10-2020 10:00,64.75,148.75,27.32,0.55,30.27,29.6,69.75,0.32
07-10-2020 11:00,55,127,26.32,0.48,37.7,30.02,68,0.5
07-10-2020 12:00,48.5,115.25,29.8,0.52,40.73,30.45,68.25,1.05
07-10-2020 13:00,54.5,126.5,21.32,0.57,44.4,30.83,70,1.65
07-10-2020 14:00,58,107.25,19.38,0.56,47.05,30.7,71.5,2.17
07-10-2020 15:00,79.25,123.5,20.7,0.56,47.5,30.62,73,2.2
07-10-2020 16:00,70.25,132.25,20.38,0.55,57.58,30.22,71,2.5
07-10-2020 17:00,66.5,99,22.12,0.49,59.8,30.1,71.5,1.5
07-10-2020 18:00,61.5,96.75,26.3,0.55,53,30.12,72.75,0.9
07-10-2020 19:00,59.5,98,26.92,0.55,55.1,30.17,73.5,1.25
07-10-2020 20:00,57.75,97.5,28.07,0.64,50.27,30.2,76,0.95
07-10-2020 21:00,57,101,29.5,0.59,43.8,30.17,78.25,0.85
07-10-2020 22:00,56.5,90.5,26.77,0.53,42.8,30.2,81.25,0.8
07-10-2020 23:00,54.75,92.5,26.43,0.5,40.53,30.2,82.75,0.68
08-10-2020 00:00,53.75,82.75,25.77,0.43,39.85,30.17,83.25,0.38
08-10-2020 01:00,53,76,25.08,0.37,31.6,30.2,83.75,0.3
08-10-2020 02:00,54.5,77.5,25,0.36,23.8,30.33,84.75,0.3
08-10-2020 03:00,59,84.75,26.75,0.38,18.1,30.25,86,0.3
08-10-2020 04:00,58.5,95,27.23,0.41,18.2,30.57,86,0.3
08-10-2020 05:00,57,99,26.5,0.46,17.75,30.27,86,0.3
08-10-2020 06:00,58.25,91.5,27.2,0.48,11.23,30.3,86,0.3
08-10-2020 07:00,60.5,88,32.23,0.47,9.93,30.3,86,0.3
08-10-2020 08:00,58.75,96.5,30.5,0.54,19.02,30.27,83.75,0.4
08-10-2020 09:00,65.25,115.25,28.53,0.53,39.83,30.17,75.25,1.15
08-10-2020 10:00,61,121.5,28.25,0.49,53.35,30.25,70.75,1.05
08-10-2020 11:00,60.75,117,25.5,0.44,55.08,30.57,64.5,0.4
08-10-2020 12:00,49.75,103.5,23.55,0.36,59.15,30.62,61.75,0.38
08-10-2020 13:00,45.5,89.5,21.5,0.4,60.4,30.65,62.25,0.58
08-10-2020 14:00,41.75,84.25,22.8,0.35,51.75,30.23,63,0.38
08-10-2020 15:00,35.25,74.75,23.93,0.34,44.52,30.05,63.25,1.25
08-10-2020 16:00,37.75,82.25,25.45,0.34,41.65,30.15,64.5,1.12
08-10-2020 17:00,43.25,91.75,29,0.44,40.85,30.23,67.75,1.15
08-10-2020 18:00,46.75,101.5,31.77,0.5,34.1,30.3,70,0.53
08-10-2020 19:00,52.75,104,34.47,0.59,26.2,30.2,72.75,0.8
08-10-2020 20:00,47,98.25,36.35,0.71,20.77,30.17,74.5,0.47
08-10-2020 21:00,52.5,98.25,34.6,0.78,16.42,30.12,77.5,0.3
08-10-2020 22:00,58.5,96,36,0.89,8.8,30.12,80.5,0.3
08-10-2020 23:00,55.75,94.5,34.73,0.93,7.92,30.23,82.25,0.3
09-10-2020 00:00,59.75,90.75,35.75,0.89,3.28,30.25,84,0.3
09-10-2020 01:00,57.75,93.25,34.25,0.76,3.45,30.23,85,0.3
09-10-2020 02:00,62.25,92.25,30.48,0.58,5.42,30.15,85.25,0.3
09-10-2020 03:00,59.25,86.25,27.45,0.4,12.7,30.18,85.25,0.3
09-10-2020 04:00,57.25,86.25,28.23,0.37,3.25,30.55,86,0.3
09-10-2020 05:00,56,89.75,23.68,0.49,8.6,30.12,86,0.3
09-10-2020 06:00,49.25,77.75,22.12,0.47,4.2,30.17,87,0.3
09-10-2020 07:00,46.5,70,23.12,0.48,2.88,30.15,87,0.3
09-10-2020 08:00,47.25,72.25,26.85,0.55,13.3,30.12,84.5,0.3
09-10-2020 09:00,53,84.25,23.8,0.39,26.27,30.12,76.25,0.38
09-10-2020 10:00,49,76.25,23.17,0.38,37.85,30.15,69.5,0.57
09-10-2020 11:00,45.5,86.25,23.42,0.41,51.28,30.57,64,0.52
09-10-2020 12:00,46.25,89,23.35,0.47,62,30.78,64.75,0.3
09-10-2020 13:00,54.25,100.25,23.02,0.51,73.08,30.7,62.25,1.25
09-10-2020 14:00,60.75,118.75,24,0.42,81.45,29.95,60,1.18
09-10-2020 15:00,62.5,119.75,22.85,0.33,67.47,30.08,59.25,1.68
09-10-2020 16:00,45.75,97.75,22.08,0.3,62.9,30.12,61,1.6
09-10-2020 17:00,51.5,94.5,26.62,0.35,53.22,29.95,61.75,1.17
09-10-2020 18:00,42.25,86.75,25.62,0.38,37.3,30.05,65.5,1.08
09-10-2020 19:00,34.25,74.5,20.4,0.34,40.15,30.02,81.75,1.07
09-10-2020 20:00,27,42.25,29.45,0.47,21.8,30.17,84.25,0.32
09-10-2020 21:00,29,47,33.88,0.55,10.4,30.12,84.5,0.3
09-10-2020 22:00,27,41.5,38.5,0.77,3.33,30.12,85.5,0.3
09-10-2020 23:00,28.75,43.5,43.25,1.04,2.17,30.17,85.5,0.3
10-10-2020 00:00,27,45.5,43.38,1.33,1.5,30.15,85.75,0.3
10-10-2020 01:00,32.5,49,35.2,1.19,1.05,30.2,86,0.3
10-10-2020 02:00,30,50.75,29.6,1,1.2,30.02,86.25,0.3
10-10-2020 03:00,25.5,39.25,26.77,0.79,0.6,30.02,87,0.3
10-10-2020 04:00,21.5,44.75,27.02,0.58,2.2,30.45,87,0.3
10-10-2020 05:00,22.25,49.5,26,0.65,0.9,30.12,87,0.3
10-10-2020 06:00,21.75,50.25,25.4,0.6,0.8,29.98,87,0.3
10-10-2020 07:00,26,53.5,24.1,0.6,0.6,29.92,87,0.3
10-10-2020 08:00,23.5,47,25.25,0.65,1.7,29.92,86.75,0.3
10-10-2020 09:00,30,66.75,33.33,0.57,8.07,29.95,83,0.3
10-10-2020 10:00,44.25,83.5,31.5,0.54,26.1,29.9,73.25,0.42
10-10-2020 11:00,37.75,60,22.8,0.29,36.75,30.18,68.5,0.55
10-10-2020 12:00,26,46.5,18.35,0.2,42,30.15,64.5,0.4
10-10-2020 13:00,28.25,42.75,17.25,0.21,44.73,30.2,63.75,0.38
10-10-2020 14:00,26.25,45.5,19.1,0.19,47.9,29.65,62.25,0.38
10-10-2020 15:00,25.75,47,18.6,0.23,45.98,29.75,64.25,0.3
10-10-2020 16:00,25.5,50.25,22.27,0.26,47.42,29.67,64,0.3
10-10-2020 17:00,37.75,68.5,28,0.42,46.92,29.82,67.5,0.3
10-10-2020 18:00,43,95.5,30.75,0.57,53.4,29.9,69.25,0.3
10-10-2020 19:00,44.25,99.5,33.65,0.73,26.73,29.9,78.25,0.6
10-10-2020 20:00,46,93.5,35.53,0.71,17.35,29.9,75.5,0.3
10-10-2020 21:00,42,85.75,42.38,0.93,8.62,29.9,78.25,0.32
10-10-2020 22:00,45.5,98.5,38.08,0.91,16.45,29.95,80.5,0.3
10-10-2020 23:00,40.75,86.25,39.15,0.91,10.42,29.9,83,0.3
11-10-2020 00:00,48.75,91,42.98,0.94,10.25,29.92,83.5,0.3
11-10-2020 01:00,47.5,90.5,38.8,0.76,13.38,29.92,83,0.3
11-10-2020 02:00,43,75.5,30.48,0.48,14.78,29.85,82.25,0.3
11-10-2020 03:00,34.5,61,27.85,0.38,11.2,29.93,84,0.3
11-10-2020 04:00,34.25,59,24.62,0.35,8.18,30.38,84.75,0.3
11-10-2020 05:00,31.5,69,27.97,0.52,4.55,29.98,85.25,0.3
11-10-2020 06:00,38.5,83.25,26.95,0.49,4.65,29.9,85.25,0.3
11-10-2020 07:00,36,63.5,27.9,0.45,4.25,29.95,86,0.3
11-10-2020 08:00,32,61.75,23.17,0.43,6.55,29.95,86,0.3
11-10-2020 09:00,27.75,52,22.85,0.37,9.8,29.88,86,0.43
11-10-2020 10:00,23,46.5,20.95,0.3,12.45,30,86.25,0.4
11-10-2020 11:00,21.5,32.25,20.8,0.31,13.45,30.4,86.75,0.6
11-10-2020 12:00,21.75,34.5,20.95,0.25,27.55,30.48,87,1.1
11-10-2020 13:00,9,21.25,16.85,0.12,29.65,30.35,87,0.55
11-10-2020 14:00,9.75,22,21.6,0.21,28.95,29.92,86.5,0.57
11-10-2020 15:00,13.5,22.75,20.77,0.18,27.8,29.92,86,0.4
11-10-2020 16:00,16.75,23,18.6,0.12,28,29.9,82.75,0.47
11-10-2020 17:00,11.25,16.5,17.88,0.1,27.7,29.83,79.75,0.32
11-10-2020 18:00,6,14.75,17.57,0.1,22.45,29.85,81.75,0.3
11-10-2020 19:00,6,14.75,19.35,0.15,16.27,29.93,84.5,0.3
11-10-2020 20:00,8.25,20.5,20,0.24,11.62,29.9,85.25,0.3
11-10-2020 21:00,14.75,32.75,26.2,0.49,12.12,29.95,86,0.43
11-10-2020 22:00,15.5,34.25,24.3,0.45,16.43,29.9,86,1.02
11-10-2020 23:00,19,22.5,22.8,0.4,18.27,30,86.5,0.48
12-10-2020 00:00,18,26.25,24.65,0.35,14.95,30.02,87,0.32
12-10-2020 01:00,26.75,51.25,30,0.34,9,29.95,87,0.3
12-10-2020 02:00,33.25,78,26.83,0.3,13.48,29.95,87,0.8
12-10-2020 03:00,25,63.75,19.48,0.25,19.5,30.02,87,1.08
12-10-2020 04:00,18.75,29.5,17.93,0.18,21.95,30.32,87,0.62
12-10-2020 05:00,27.5,30.75,21.02,0.2,15.87,29.95,87,0.38
12-10-2020 06:00,33.5,48.75,28.7,0.28,8.5,29.85,87,0.45
12-10-2020 07:00,46,78.25,30.38,0.35,6.82,29.9,87,0.4
12-10-2020 08:00,43.75,80.75,30.3,0.37,14.15,29.88,84.75,0.62
12-10-2020 09:00,50.75,87.5,29.8,0.45,19.65,29.85,82.25,0.88
12-10-2020 10:00,61.5,90.25,26.25,0.46,19.8,29.85,80.25,1.05
12-10-2020 11:00,48.5,81,24.65,0.5,27.4,30.3,76.5,0.8
12-10-2020 12:00,38.25,66.25,21.65,0.42,33.92,30.4,75,0.9
12-10-2020 13:00,30,56.25,21.9,0.54,33.3,30.68,76.5,0.4
12-10-2020 14:00,29.25,49.5,24.6,0.55,34.1,30.27,76,0.3
12-10-2020 15:00,26.75,45.25,25.05,0.61,34.47,30.2,77.5,0.35
12-10-2020 16:00,23,43,21.08,0.55,33.23,30.5,84.75,0.9
12-10-2020 17:00,13.75,32.25,24.88,0.36,21.35,30.43,87,0.3
12-10-2020 18:00,14.25,28.25,31.23,0.42,15.93,30.1,87,0.3
12-10-2020 19:00,18.25,30.75,28.85,0.4,14.65,30.1,87,0.8
12-10-2020 20:00,18,25.5,28.52,0.39,15.78,30.02,87,0.3
12-10-2020 21:00,14,21.75,30.15,0.43,10.47,30.05,87,0.38
12-10-2020 22:00,12.25,24,24.2,0.32,13.85,30.05,87,0.3
12-10-2020 23:00,15.75,23.5,23.7,0.26,13,30.1,87,0.3
13-10-2020 00:00,15,23,23.27,0.23,10.68,30.12,87,0.3
13-10-2020 01:00,15,28.75,30.62,0.18,5.2,30.1,87,0.45
13-10-2020 02:00,15,34.25,24.75,0.13,9,30.1,87,0.7
13-10-2020 03:00,14,24.75,21.38,0.09,10.8,30.12,87,0.6
13-10-2020 04:00,11,24,20.43,0.07,10.25,30.5,87,0.43
13-10-2020 05:00,13,31.75,22,0.32,8.3,30.12,87,0.55
13-10-2020 06:00,19.25,29,23.92,0.36,7.03,30.12,87,0.62
13-10-2020 07:00,19,29.5,24.85,0.37,8.07,30.17,87,1.25
13-10-2020 08:00,14.25,22,24.38,0.34,11.15,30.1,87,1.12
13-10-2020 09:00,10.75,22.75,23.5,0.35,12.75,30.08,87,0.8
13-10-2020 10:00,17,25.5,24.65,0.41,14.05,30.1,87,1.5
13-10-2020 11:00,19.5,28.25,23.88,0.46,16.35,30.55,87,2.02
13-10-2020 12:00,19.5,30.75,23.9,0.4,20.53,30.62,87,2.2
13-10-2020 13:00,23.75,31.25,21.3,0.33,23.2,30.52,87,2.7
13-10-2020 14:00,23.25,41.25,22.42,0.31,24.45,30.1,87,2.67
13-10-2020 15:00,24.75,33.25,23.17,0.28,23.95,29.9,87,2.62
13-10-2020 16:00,28.25,34.25,21.6,0.27,26.12,29.62,87,2.92
13-10-2020 17:00,31.5,36,18.75,0.38,30.82,29.6,87,3.38
13-10-2020 18:00,30.25,38.5,19.7,0.4,33.3,29.57,87,3.98
13-10-2020 19:00,28.25,33.75,19.68,0.38,33.5,29.55,87,4.05
13-10-2020 20:00,20,23.5,19.45,0.34,36.75,29.52,87,5.72
13-10-2020 21:00,19.5,21.25,17.27,0.29,36,29.68,87,5.08
13-10-2020 22:00,17,18.5,18.2,0.26,33.77,29.62,87,3.92
13-10-2020 23:00,13,16,22.9,0.24,24.38,29.6,87,2.83
14-10-2020 00:00,9.5,12.25,24.2,0.25,20.65,29.75,87,4.07
14-10-2020 01:00,9,10,23.2,0.23,21.38,29.62,87,4.03
14-10-2020 02:00,11.75,,25.2,0.21,19.82,29.42,87,3.33
14-10-2020 03:00,11.75,,25.02,0.23,16.8,29.4,87,2.85
14-10-2020 04:00,13.25,,25.3,0.2,20.05,29.68,87,2.55
14-10-2020 05:00,11,,32.8,0.31,13.25,29.42,87,1.85
14-10-2020 06:00,11.75,,28.48,0.31,19.3,29.4,87,2.27
14-10-2020 07:00,14,,27.12,0.3,21.1,29.4,87,2.25
14-10-2020 08:00,13.75,,29.78,0.3,19.27,29.4,87,1.95
14-10-2020 09:00,12.5,,38.85,0.32,12.62,29.93,87,1.7
14-10-2020 10:00,11.75,,45.85,0.5,14.7,31.9,87,1.9
14-10-2020 11:00,15.75,,37.23,0.4,19.12,30.1,87,1.98
14-10-2020 12:00,21,,35.05,0.37,15.62,29.9,87,1.3
14-10-2020 13:00,10,29,36.85,0.54,10.43,29.95,87,1.25
14-10-2020 14:00,9.75,29.75,32.3,0.58,17.05,29.77,84.5,1.88
14-10-2020 15:00,9.5,29.25,34.22,0.54,16.43,29.7,80.75,1.27
14-10-2020 16:00,12.25,22.75,37.97,0.54,18.38,29.67,79.75,1.35
14-10-2020 17:00,15.5,26.5,34.83,0.48,18.43,29.73,84.75,1
14-10-2020 18:00,13.5,23,38.2,0.56,12.9,29.67,87,1.12
14-10-2020 19:00,12.5,28.25,39.75,0.62,10.4,29.83,87,1.4
14-10-2020 20:00,16.25,35.25,36.3,0.61,13.05,29.68,87,1.77
14-10-2020 21:00,22.5,33.5,32.45,0.56,14.1,29.52,87,1.97
14-10-2020 22:00,21,26,29.05,0.49,16.1,29.55,87,1.43
14-10-2020 23:00,15,19,27.7,0.35,20.07,29.52,87,0.57
15-10-2020 00:00,13.75,18.25,30.62,0.31,19.3,29.52,87,0.55
15-10-2020 01:00,10.5,18.75,31.18,0.37,18.38,29.62,87,0.9
15-10-2020 02:00,12.5,28.75,28.27,0.39,19.8,29.62,87,1.08
15-10-2020 03:00,13.75,31,26.6,0.32,20.5,29.68,87,1.1
15-10-2020 04:00,12.5,22.5,26.95,0.29,21.55,29.9,87,1.4
15-10-2020 05:00,12.25,24.25,23.78,0.23,20.55,29.58,87,1.15
15-10-2020 06:00,15.25,26.5,24.98,0.21,20,29.58,87,1
15-10-2020 07:00,12.75,30.25,25.2,0.21,18.95,29.67,87,0.68
15-10-2020 08:00,14.75,28,26.02,0.24,18.6,29.7,86.5,1.08
15-10-2020 09:00,22,29,25.75,0.29,22.35,29.7,83,1.6
15-10-2020 10:00,19.25,32,24.95,0.29,29.77,29.8,77.25,1.12
15-10-2020 11:00,19,31.75,24.82,0.27,33.45,30.07,74.5,1.32
15-10-2020 12:00,16,32.25,23.45,0.28,34.4,30.18,71.75,1.45
15-10-2020 13:00,16.25,36,20.9,0.27,38.1,30.15,70,1.48
15-10-2020 14:00,17.5,36,22.65,0.23,38.55,29.93,68,1
15-10-2020 15:00,20.5,39.25,21.42,0.18,32.55,30.17,72.5,0.6
15-10-2020 16:00,23.5,59.5,21.9,0.21,34.5,29.93,70,0.53
15-10-2020 17:00,18.5,79.5,26.07,0.32,32.3,29.7,73.25,0.35
15-10-2020 18:00,19.5,46,29.2,0.37,25.65,29.73,75.25,0.3
15-10-2020 19:00,26.25,48,30,0.45,18.23,29.7,80.5,0.32
15-10-2020 20:00,25,47.75,33.12,0.61,11.75,29.77,83.75,0.3
15-10-2020 21:00,28,53.75,34.33,0.67,11.45,29.83,85,0.3
15-10-2020 22:00,28.25,46.5,33.08,0.68,10.1,29.83,85.75,0.3
15-10-2020 23:00,30,46.75,37.8,0.82,4.45,29.7,86.5,0.3
16-10-2020 00:00,32,54.75,43.45,0.98,1.87,29.77,86,0.3
16-10-2020 01:00,27,57.75,39.67,0.74,5.45,29.8,86,0.3
16-10-2020 02:00,20,40,35.82,0.66,7.05,29.88,86.25,0.3
16-10-2020 03:00,16.75,35.25,32.65,0.52,9,29.88,87,0.3
16-10-2020 04:00,15,35.25,28.88,0.38,9.62,30.07,87,0.3
16-10-2020 05:00,12,26.5,29.88,0.46,8.38,29.65,87,0.3
16-10-2020 06:00,14,35.5,29.1,0.41,12.47,29.65,87,0.32
16-10-2020 07:00,22.75,43,28.27,0.39,14.95,29.67,87,0.32
16-10-2020 08:00,30,53.25,27.55,0.42,17.65,29.65,81.5,0.35
16-10-2020 09:00,27.75,55.75,27.58,0.37,27.88,29.65,74,0.65
16-10-2020 10:00,28.5,52.5,26.45,0.34,34.45,29.65,68.5,0.77
16-10-2020 11:00,23.5,49,26.05,0.3,38.15,30.02,63,0.98
16-10-2020 12:00,21.5,34.5,25,0.28,36.7,30.1,60.5,0.8
16-10-2020 13:00,18.75,37.5,21.9,0.26,36.75,30.1,59.25,0.62
16-10-2020 14:00,15.25,42.75,25.33,0.24,35.25,29.88,60.75,0.78
16-10-2020 15:00,16,45,14.17,0.26,47.2,29.98,62.25,0.32
16-10-2020 16:00,25,46.5,23.05,0.28,37.35,29.8,64.5,0.4
16-10-2020 17:00,23.75,50.25,24.82,0.26,37.03,29.77,64.75,0.3
16-10-2020 18:00,21.5,49.25,26.95,0.3,29.82,29.8,72,0.3
16-10-2020 19:00,22.75,52.5,26.38,0.3,15.45,29.73,79.5,0.3
16-10-2020 20:00,16.5,52,26.68,0.35,8.32,29.83,82.75,0.3
16-10-2020 21:00,27.75,61,27.97,0.44,6.47,29.75,84,0.3
16-10-2020 22:00,31,77,28.7,0.46,6.45,29.73,84.5,0.3
16-10-2020 23:00,32,66.75,28.07,0.47,6.4,29.8,85.5,0.3
17-10-2020 00:00,25.75,52.75,29,0.45,7.85,29.77,84.75,0.3
17-10-2020 01:00,24,48.75,28.17,0.44,7.85,29.73,85.5,0.3
17-10-2020 02:00,23.25,51,30.25,0.43,8.62,29.8,85.75,0.32
17-10-2020 03:00,28.75,55,27.8,0.39,16.75,29.88,86,0.3
17-10-2020 04:00,25,40,25.83,0.35,12.2,30.07,87,0.3
17-10-2020 05:00,23.75,39.5,26.1,0.23,11.05,29.77,87,0.3
17-10-2020 06:00,20.5,38.75,26.43,0.24,8.35,29.8,87,0.3
17-10-2020 07:00,21.25,39,25.45,0.23,6.03,29.8,87,0.3
17-10-2020 08:00,17.75,34.75,29.05,0.27,11.9,29.8,84.25,0.55
17-10-2020 09:00,17,40.75,36.58,0.4,15.8,29.8,78.75,0.5
17-10-2020 10:00,24.75,48.25,34.25,0.41,25.75,29.77,74.75,0.75
17-10-2020 11:00,21.25,65.5,30.88,0.44,44.83,30.12,67.25,0.68
17-10-2020 12:00,22.5,69.75,29.45,0.39,48.5,30.2,66,0.43
17-10-2020 13:00,23.75,69,24.35,0.27,47.92,30.1,65.25,0.35
17-10-2020 14:00,22.75,67.25,29.5,0.26,49.35,29.85,59.25,0.45
17-10-2020 15:00,22.25,61,28.65,0.21,48.9,29.77,57.75,0.4
17-10-2020 16:00,22.25,57,26.88,0.23,47.75,29.8,56.25,0.32
17-10-2020 17:00,23,59.25,27.4,0.39,51.2,29.8,59.75,0.5
17-10-2020 18:00,32.25,73,30.4,0.47,41.12,29.85,74.25,0.85
17-10-2020 19:00,33.25,64.75,40.03,0.7,20.8,29.85,84.5,0.3
17-10-2020 20:00,32.25,53.75,40.47,0.64,26.75,29.88,85.75,1.6
17-10-2020 21:00,24.25,38,28.95,0.27,34.77,29.77,86.75,1.12
17-10-2020 22:00,15.25,26.75,25.9,0.21,40.03,29.73,87,1.33
17-10-2020 23:00,11.5,19,26.2,0.17,40.45,29.83,87,0.55
18-10-2020 00:00,6.75,16,26.32,0.18,36.62,29.75,87,0.38
18-10-2020 01:00,7.25,17.5,29.8,0.35,27.88,29.7,87,0.38
18-10-2020 02:00,11,21.25,33.8,0.36,23.6,29.73,87,0.32
18-10-2020 03:00,11.5,21.5,34,0.37,19.4,29.77,87,0.3
18-10-2020 04:00,15.25,30.75,33.85,0.35,15.2,30.02,87,0.3
18-10-2020 05:00,21.75,38.5,34.85,0.29,11.6,29.75,87,0.32
18-10-2020 06:00,23.75,47.5,39.95,0.34,8.4,29.7,87,0.3
18-10-2020 07:00,30.5,50.25,37.05,0.41,7.92,29.73,87,0.3
18-10-2020 08:00,25.5,46.25,38.33,0.46,10.43,29.7,87,0.3
18-10-2020 09:00,24.25,50,38.43,0.39,22.05,29.67,87,0.45
18-10-2020 10:00,26.25,,33.52,0.35,30.6,29.52,86.5,0.78
18-10-2020 11:00,34.75,,31.83,0.34,52.42,29.88,74.25,0.53
18-10-2020 12:00,43.75,,29.9,0.31,59.03,30,69.75,0.5
18-10-2020 13:00,24.25,,25.27,0.27,52.02,29.93,65.25,0.85
18-10-2020 14:00,13,,26.88,0.22,51.47,29.6,60,0.53
18-10-2020 15:00,14.25,,28.1,0.21,55.48,29.65,59.75,0.5
18-10-2020 16:00,18,,26.65,0.27,58.12,29.7,58,0.3
18-10-2020 17:00,18.25,,27.15,0.52,54.9,29.65,63.25,0.57
18-10-2020 18:00,20.5,,32.23,0.59,38.33,29.65,77,0.88
18-10-2020 19:00,25.25,,36.6,0.78,13.93,29.6,81.5,0.3
18-10-2020 20:00,27.75,,38.9,0.94,4.3,29.6,83.75,0.3
18-10-2020 21:00,33.5,,39.3,0.88,1.73,29.62,85,0.3
18-10-2020 22:00,34,,35.2,0.81,4.85,29.65,86,0.3
18-10-2020 23:00,29.25,,29.82,0.68,4.45,29.6,87,0.3
19-10-2020 00:00,24,,31.32,0.59,4.12,29.52,87,0.3
19-10-2020 01:00,25.5,,33.8,0.75,1.15,29.55,87,0.3
19-10-2020 02:00,29,,32.55,0.73,0.35,29.65,87,0.3
19-10-2020 03:00,26,,32.45,0.71,1.2,29.55,87,0.3
19-10-2020 04:00,23.25,,32.33,0.63,1.7,29.88,87,0.3
19-10-2020 05:00,15.75,,36.15,0.52,0.9,29.58,87,0.3
19-10-2020 06:00,19.5,,36.27,0.47,0.9,29.5,87,0.3
19-10-2020 07:00,26,,37.35,0.47,5.1,29.55,87,0.3
19-10-2020 08:00,33,,38.92,0.52,13.35,29.58,82.5,0.38
19-10-2020 09:00,35.25,,36.2,0.41,31.45,29.45,74.25,0.6
19-10-2020 10:00,32.5,,31.22,0.39,39.88,29.48,70,0.53
19-10-2020 11:00,33.5,,28.8,0.37,53.05,29.9,68,0.5
19-10-2020 12:00,34.5,49,24.4,0.27,41.92,30.08,63.25,0.93
19-10-2020 13:00,16,48.5,23.12,0.42,33.95,30.23,68.25,1.62
19-10-2020 14:00,19.5,44.5,24.55,0.47,26.23,29.85,83,0.47
19-10-2020 15:00,23.25,37.75,25.65,0.46,27.05,29.9,85.5,0.38
19-10-2020 16:00,31.5,42,33.7,0.51,21.65,29.85,86,0.35
19-10-2020 17:00,33.25,49.25,30.17,0.61,18.55,29.62,86.25,0.3
19-10-2020 18:00,24.25,53,31.73,0.6,12.95,29.7,86.5,0.3
19-10-2020 19:00,24.25,53.5,34.6,0.69,3.5,29.7,87,0.3
19-10-2020 20:00,29,56,38.75,0.8,2.08,29.65,87,0.3
19-10-2020 21:00,26,58.75,37.38,0.63,1.38,29.67,87,0.3
19-10-2020 22:00,37.5,62,40.88,0.85,,29.73,87,0.3
19-10-2020 23:00,45.5,78,41.83,1.07,0.5,29.7,87,0.3
20-10-2020 00:00,46,86.5,39.83,1.09,0.6,29.7,87,0.3
20-10-2020 01:00,42.5,76.5,37.3,0.96,0.55,29.75,87,0.3
20-10-2020 02:00,39.25,76.25,33.17,0.9,0.4,29.7,87,0.3
20-10-2020 03:00,34.75,71,33.5,0.74,0.6,29.75,87,0.3
20-10-2020 04:00,39.5,73.5,39,0.69,2.3,30.1,87,0.38
20-10-2020 05:00,44.25,76.25,38.8,0.57,4.95,29.7,87,0.4
20-10-2020 06:00,33.25,57.25,35.08,0.37,18.48,29.7,86.75,0.97
20-10-2020 07:00,25.5,40.5,33.85,0.27,18.5,29.7,87,0.3
20-10-2020 08:00,27,34.75,30.57,0.27,18.53,29.6,87,0.3
20-10-2020 09:00,27,40.75,30.18,0.41,25.9,29.65,85.75,0.4
20-10-2020 10:00,29.5,49.25,37.5,0.56,31.38,29.77,79,0.93
20-10-2020 11:00,44.25,77.75,34.7,0.58,47.1,30.52,76.25,1
20-10-2020 12:00,64.5,104.75,31,0.54,44.22,30.4,79.5,0.65
20-10-2020 13:00,55.5,85.75,22.8,0.44,38.08,30.3,82.75,1.05
20-10-2020 14:00,38,47,23.62,0.43,41.67,30.2,86.5,1.3
20-10-2020 15:00,26,41,27.53,0.42,36.17,30.1,85.75,0.3
20-10-2020 16:00,29,39,32.33,0.52,30.1,29.82,85.25,0.3
20-10-2020 17:00,31.25,39,37.4,0.7,19.17,29.52,86.75,0.3
20-10-2020 18:00,39.75,,46.78,0.79,15.6,29.35,87,0.3
20-10-2020 19:00,50,,47.33,1.01,19.77,29.27,87,0.3
20-10-2020 20:00,65.5,,46.9,1.08,16.9,29.3,87,0.3
20-10-2020 21:00,64.75,,42.65,0.8,8.07,29.25,87,0.3
20-10-2020 22:00,56.75,,40.75,0.76,2.45,29.17,87,0.3
20-10-2020 23:00,47.5,,32.75,0.51,7.65,29.2,87,0.3
21-10-2020 00:00,31.25,,35.5,0.43,4.5,29.2,87,0.3
21-10-2020 01:00,29.25,,32.9,0.39,5,29.27,87,0.3
21-10-2020 02:00,22.75,,30.2,0.31,8.05,29.27,87,0.3
21-10-2020 03:00,29.5,,31.33,0.29,9.3,29.27,87,0.3
21-10-2020 04:00,32.75,,28.8,0.28,8,29.68,87,0.3
21-10-2020 05:00,30,,28.02,0.45,7.62,29.3,87,0.3
21-10-2020 06:00,32.5,,28.92,0.4,9.55,29.23,87,0.32
21-10-2020 07:00,32.5,,33.58,0.39,7.3,29.3,87,0.35
21-10-2020 08:00,35.75,,31.25,0.39,7.17,29.23,87,0.3
21-10-2020 09:00,31.25,,30.68,0.42,13.32,29.25,87,0.35
21-10-2020 10:00,31,,30.08,0.47,21.3,29.35,84.75,0.52
21-10-2020 11:00,38.75,,26.18,0.49,32.35,29.7,80.75,0.82
21-10-2020 12:00,44.25,74,14.9,0.49,49.05,29.93,74.75,1.15
21-10-2020 13:00,45.25,76,20.73,0.56,42.67,30.3,72,1.02
21-10-2020 14:00,44.75,78.25,23.7,0.5,42.65,29.95,65.5,1.8
21-10-2020 15:00,39.5,66.25,23.55,0.49,45.05,29.85,65.5,1.48
21-10-2020 16:00,35.75,66.25,23.52,0.44,48.33,29.75,65,1.8
21-10-2020 17:00,40.5,76.5,25.12,0.49,50.52,29.65,68.25,2.25
21-10-2020 18:00,49.5,89.75,31.48,0.61,41.62,29.52,73.25,0.88
21-10-2020 19:00,54.5,96.75,34.4,0.73,31.55,29.42,76.75,0.4
21-10-2020 20:00,57,96,36.67,0.87,22.82,29.42,79,0.3
21-10-2020 21:00,59.5,103.75,38.55,0.69,19.15,29.4,80.25,0.3
21-10-2020 22:00,57.75,101,36.17,0.7,19.1,29.4,81.5,0.3
21-10-2020 23:00,58,104,35.9,0.71,12.6,29.38,82.5,0.3
22-10-2020 00:00,61.25,105.75,39.25,0.67,11.75,29.4,83.5,0.3
22-10-2020 01:00,64.75,118,45.35,0.74,5.25,29.38,84.25,0.3
22-10-2020 02:00,75.25,141,46.25,0.74,2.17,29.38,86.25,0.3
22-10-2020 03:00,82,145.5,45.48,0.75,0.9,29.43,87,0.3
22-10-2020 04:00,79.75,133.25,38.85,0.62,6.4,29.7,87,0.3
22-10-2020 05:00,72,113,32.4,0.54,1.8,29.33,87,0.3
22-10-2020 06:00,66.75,110.75,37.35,0.58,0.8,29.33,87,0.3
22-10-2020 07:00,59.25,77,42.12,0.61,2.17,29.3,87,0.45
22-10-2020 08:00,59.75,87,38.03,0.64,12.18,29.38,87,0.42
22-10-2020 09:00,66.75,118,37.83,0.86,21.65,29.4,83,0.47
22-10-2020 10:00,67,124.75,37.78,0.89,41.17,29.38,73.5,1.07
22-10-2020 11:00,78.75,142,29.02,0.8,67.72,29.75,66.5,1.33
22-10-2020 12:00,79.25,158,26.9,0.69,77.3,30.3,61.75,1.02
22-10-2020 13:00,83.75,150.75,22.48,0.57,77.53,30.23,59.5,1.3
22-10-2020 14:00,85.25,143.5,25.27,0.53,68.85,30,55.75,1.55
22-10-2020 15:00,83.25,131,26.15,0.49,67.5,29.92,56.5,1.25
22-10-2020 16:00,81.25,126,26.02,0.45,64.55,29.88,58.75,1.3
22-10-2020 17:00,74,129.75,26.15,0.42,60.7,29.8,60.5,0.62
22-10-2020 18:00,76,141.5,33.23,0.62,45.4,29.7,65.5,0.32
22-10-2020 19:00,76.25,173,46.78,0.84,18.57,29.7,72.5,0.3
22-10-2020 20:00,85,182.75,54.3,1,11.62,29.6,72.25,0.3
22-10-2020 21:00,81.25,177.75,50.98,0.98,22.48,29.5,71,0.4
22-10-2020 22:00,77.25,150,40.65,0.88,36.72,29.55,69.5,0.32
22-10-2020 23:00,71.75,129.5,36.3,0.79,31.4,29.58,73,0.3
23-10-2020 00:00,70.5,124.5,32.85,0.74,22,29.52,77.5,0.3
23-10-2020 01:00,67.75,126,30.45,0.73,17.1,29.52,81.5,0.3
23-10-2020 02:00,66.5,110.25,28.55,0.71,18.75,29.5,81,0.3
23-10-2020 03:00,74,115.75,28.12,0.68,19.1,29.57,83.25,0.3
23-10-2020 04:00,73.75,118,36.92,0.73,5.15,29.82,84.75,0.3
23-10-2020 05:00,75.5,138.25,38.2,0.88,5.15,29.52,85.75,0.3
23-10-2020 06:00,82.5,150,40.55,0.89,5.33,29.58,86,0.3
23-10-2020 07:00,82.5,162,35.45,0.88,5.2,29.5,86.75,0.3
23-10-2020 08:00,85.5,155.5,31.18,0.87,7.85,29.5,85.75,0.3
23-10-2020 09:00,81.25,166.25,39.35,0.88,31.05,29.5,76.5,0.3
23-10-2020 10:00,80.25,176.5,38.62,0.86,64.72,29.5,65.75,0.35
23-10-2020 11:00,77.25,180.5,36.5,0.8,79.7,30.07,57.5,0.93
23-10-2020 12:00,80,174.25,33.5,0.6,84.3,30.2,50.25,0.82
23-10-2020 13:00,67,133.5,27.82,0.58,94.65,30.02,46.25,0.48
23-10-2020 14:00,61.75,131,29.95,0.56,89.83,29.75,46.25,0.75
23-10-2020 15:00,59.75,132,25.2,0.5,92.8,29.9,47.5,0.73
23-10-2020 16:00,69.75,170.25,26.07,0.51,77.12,30.12,49,1.02
23-10-2020 17:00,57.25,159,31.4,0.39,66.68,29.85,50.25,0.95
23-10-2020 18:00,58.25,141.25,38.73,0.5,56.08,29.58,56.5,0.6
23-10-2020 19:00,61.75,162.25,39.77,0.65,40.9,29.5,64.25,0.3
23-10-2020 20:00,71.25,150.5,44.2,0.88,31.2,29.48,64.5,0.32
23-10-2020 21:00,78,178.5,55,1.17,18.77,29.4,66.25,0.3
23-10-2020 22:00,86.5,186.25,62,1.39,15.72,29.4,66,0.3
23-10-2020 23:00,83.75,183,73.12,1.58,6.75,29.4,66.5,0.3
24-10-2020 00:00,78,174.75,70.12,1.53,5.12,29.42,71.25,0.3
24-10-2020 01:00,73.5,182.75,61.27,1.45,1.82,29.4,78,0.3
24-10-2020 02:00,79.75,176.5,57.03,1.52,0.95,29.35,82.5,0.3
24-10-2020 03:00,84.75,183.75,52.7,1.51,0.8,29.45,83.75,0.3
24-10-2020 04:00,84.75,167,45.77,1.23,2.05,29.77,85.5,0.3
24-10-2020 05:00,85.25,142.25,40.2,0.98,1.55,29.42,86,0.3
24-10-2020 06:00,79,124.75,32.98,0.77,5.02,29.4,86.75,0.3
24-10-2020 07:00,73,101.75,28.07,0.62,8.88,29.42,86,0.3
24-10-2020 08:00,66,95.25,30.18,0.57,14.05,29.4,80.25,0.3
24-10-2020 09:00,70.5,118.5,31.75,0.61,38.75,29.3,68.25,0.3
24-10-2020 10:00,63,125,29.98,0.55,56.05,29.32,59.5,0.3
24-10-2020 11:00,53.75,109.5,29,0.51,72.17,29.73,50.25,0.4
24-10-2020 12:00,55.75,129.5,31.2,0.53,86.83,30.27,47.25,0.85
24-10-2020 13:00,65.75,140,28.08,0.7,100.35,30.05,45.75,0.6
24-10-2020 14:00,68,137.5,30.27,0.69,94.03,29.55,46.75,0.72
24-10-2020 15:00,56.25,123,29.47,0.64,82.38,29.45,45.5,0.6
24-10-2020 16:00,48.5,102,29.8,0.6,83.33,29.5,46.25,0.5
24-10-2020 17:00,52,109.5,30.83,0.42,86.62,29.62,49.5,0.57
24-10-2020 18:00,59.25,136.5,37.47,0.54,65.6,29.67,54.5,0.3
24-10-2020 19:00,64,148.75,47,0.74,41.67,29.5,60.75,0.3
24-10-2020 20:00,67.5,146,58.67,1,24.25,29.42,66,0.3
24-10-2020 21:00,68.25,143.5,58.42,0.98,21.95,29.42,69.75,0.3
24-10-2020 22:00,64.75,127,57.58,1.02,19.65,29.42,71.75,0.3
24-10-2020 23:00,62,125.5,52.08,1.01,20.9,29.5,72.75,0.3
25-10-2020 00:00,65.5,122.5,52.45,1.08,8.18,29.42,77.5,0.3
25-10-2020 01:00,69.75,130.5,55.4,1.49,2.75,29.48,80.25,0.3
25-10-2020 02:00,75.5,137.25,45.47,1.53,5.2,29.38,82.75,0.3
25-10-2020 03:00,69.75,125,45,1.36,3.6,29.4,84.25,0.3
25-10-2020 04:00,73,120.5,39.57,1.04,5.75,29.73,85.25,0.3
25-10-2020 05:00,64.75,110.25,39.03,0.8,8.58,29.4,85.25,0.3
25-10-2020 06:00,59.25,93,35.38,0.62,13.43,29.27,86,0.3
25-10-2020 07:00,62,92.25,31.45,0.53,20.5,29.33,83.75,0.3
25-10-2020 08:00,59.75,93.25,32.73,0.53,24.05,29.27,77.5,0.3
25-10-2020 09:00,66.25,109,33.65,0.7,40.45,29.2,68.25,0.3
25-10-2020 10:00,76.5,126.75,35.2,0.74,63.88,29.22,60.5,0.4
25-10-2020 11:00,67.5,124.75,33.55,0.7,79.1,29.77,53.75,0.47
25-10-2020 12:00,61.25,120,33.45,0.66,87.05,29.93,49.75,0.6
25-10-2020 13:00,54.5,114.25,29.73,0.56,82.73,29.82,48.25,0.9
25-10-2020 14:00,50,103.25,29.5,0.49,74,29.38,48,0.68
25-10-2020 15:00,49,94.25,28.7,0.42,71,29.5,49.5,0.53
25-10-2020 16:00,46,91.75,28.98,0.38,69,29.42,49.25,0.55
25-10-2020 17:00,45.5,93,28.92,0.38,66.05,29.48,52,0.77
25-10-2020 18:00,46.75,100.75,29.93,0.44,59.27,29.5,58.75,0.38
25-10-2020 19:00,55,106.25,36.7,0.63,44.33,29.45,64.75,0.3
25-10-2020 20:00,57.5,108.75,41.35,0.74,40.42,29.4,65.5,0.3
25-10-2020 21:00,63.75,114,43.73,0.94,33.25,29.38,68.5,0.3
25-10-2020 22:00,62.25,115.25,47.22,0.99,26.8,29.33,71.5,0.3
25-10-2020 23:00,67.5,117,45.05,1.01,26.62,29.33,73.25,0.3
26-10-2020 00:00,61.5,108,41.7,0.96,26.57,29.27,74,0.3
26-10-2020 01:00,56.75,97.5,38.08,0.93,14.52,29.33,79,0.3
26-10-2020 02:00,59,96,41.15,1,9.85,29.4,80.75,0.3
26-10-2020 03:00,66,102.5,34.17,0.94,9.3,29.35,82.75,0.3
26-10-2020 04:00,60.25,96,33,0.83,15.8,29.8,81.75,0.3
26-10-2020 05:00,57.75,96.75,31.33,0.73,7.67,29.35,82.75,0.3
26-10-2020 06:00,53,98,35.8,0.76,5.88,29.42,84,0.3
26-10-2020 07:00,70.25,121.25,35.65,0.79,2.7,29.35,85,0.3
26-10-2020 08:00,78.75,124.75,36.83,0.87,7.38,29.3,80.5,0.3
26-10-2020 09:00,84,146.25,43.25,0.81,29.7,29.25,69.5,0.3
26-10-2020 10:00,84,161.25,43.25,0.76,59.92,29.35,58.75,0.32
26-10-2020 11:00,76.75,154,35.08,0.63,68.5,29.8,53,0.38
26-10-2020 12:00,52.75,109,31.6,0.49,65.9,30.25,51,0.62
26-10-2020 13:00,45.5,97.25,26.7,0.39,63.9,30.2,50.25,1.05
26-10-2020 14:00,45.5,89.5,27.55,0.3,61.73,29.88,47.75,1.4
26-10-2020 15:00,47.25,90.75,27.4,0.28,66.55,29.83,46.75,0.98
26-10-2020 16:00,39.5,91.25,28.42,0.28,71.2,29.67,46.75,1.48
26-10-2020 17:00,42,94.5,28.35,0.38,72.98,29.7,47.75,1
26-10-2020 18:00,46.25,99.5,32.38,0.49,62.48,29.62,52,0.32
26-10-2020 19:00,51.75,123.25,38.07,0.63,50.1,29.58,56.25,0.4
26-10-2020 20:00,60.5,137.75,42.53,0.76,44.4,29.45,57.5,0.43
26-10-2020 21:00,70.25,144.25,42.77,0.7,48.75,29.4,58,0.32
26-10-2020 22:00,67.25,145.25,39.03,0.63,56.55,29.4,58,0.55
26-10-2020 23:00,64.75,137,36.92,0.54,63.18,29.33,57.5,0.62
27-10-2020 00:00,64.75,136.25,36.6,0.51,55.75,29.38,62.25,0.32
27-10-2020 01:00,67.75,129,36.35,0.42,51.9,29.4,65.5,0.3
27-10-2020 02:00,67,110.75,31.62,0.38,42.48,29.4,70.5,0.3
27-10-2020 03:00,58,103.5,30.9,0.34,43.05,29.4,68.75,0.3
27-10-2020 04:00,59.25,110,29.77,0.32,37.92,29.73,73.5,0.3
27-10-2020 05:00,64.25,107,30.33,0.34,22,29.4,79.25,0.3
27-10-2020 06:00,67.5,107.25,31.92,0.35,17.83,29.3,80.75,0.3
27-10-2020 07:00,69.25,114.5,34.8,0.4,11.23,29.3,81.75,0.3
27-10-2020 08:00,80.5,142.75,43.77,0.52,32.05,29.38,69.25,0.4
27-10-2020 09:00,82.25,166,42.5,0.6,59,29.27,58.25,0.45
27-10-2020 10:00,72,151.75,39.52,0.62,66.92,29.45,54.75,1.18
27-10-2020 11:00,62,131.75,36.3,0.55,75.43,29.95,51.75,1.4
27-10-2020 12:00,52.5,118.25,31.6,0.46,76.75,30,50.5,1.18
27-10-2020 13:00,58.75,113.75,27.25,0.43,78.83,29.85,49.5,1.32
27-10-2020 14:00,56.25,107.25,29.07,0.44,76.6,29.6,48.5,1.12
27-10-2020 15:00,57.25,106,26.88,0.41,71.77,29.7,46.25,1.62
27-10-2020 16:00,50.25,102.25,26.85,0.41,71.62,29.82,48.25,1.45
27-10-2020 17:00,54.5,109.5,29.52,0.47,72.4,29.8,49.75,0.98
27-10-2020 18:00,56,116,33.83,0.55,66.1,29.7,53.25,0.6
27-10-2020 19:00,57.25,128.75,41.45,0.7,53.1,29.7,58.5,0.32
27-10-2020 20:00,61.25,122.5,44.9,0.76,45.48,29.55,59,0.32
27-10-2020 21:00,63.75,124.25,46.2,0.68,41.05,29.5,61.25,0.3
27-10-2020 22:00,68.5,126.5,46.77,0.67,42,29.5,62.75,0.3
27-10-2020 23:00,68.5,132.75,48.88,0.7,31.68,29.5,67.25,0.3
28-10-2020 00:00,72.75,142.25,56.8,0.7,26.75,29.52,67.5,0.3
28-10-2020 01:00,73,155.25,59.48,0.73,21,29.5,68.5,0.3
28-10-2020 02:00,73.25,148.75,52.58,0.62,27.98,29.5,69.75,0.3
28-10-2020 03:00,63,125.75,44.05,0.56,31.85,29.52,72.75,0.3
28-10-2020 04:00,58.25,118.25,43.83,0.53,18.77,29.8,75.75,0.3
28-10-2020 05:00,61,106,37.27,0.54,15.88,29.45,78.25,0.3
28-10-2020 06:00,60.5,107,37.35,0.54,9.12,29.48,79.75,0.3
28-10-2020 07:00,68.75,122.75,44.85,0.62,2.95,29.5,81.75,0.3
28-10-2020 08:00,73.25,137.25,45.53,0.77,8.97,29.5,73.5,0.3
28-10-2020 09:00,79.25,148.75,48.83,0.72,37.05,29.48,59.75,0.3
28-10-2020 10:00,73.25,151.5,45.67,0.63,65.2,29.57,54,0.35
28-10-2020 11:00,61.75,139.5,40.58,0.6,75.4,30.07,51.75,0.6
28-10-2020 12:00,57.25,119,36.55,0.43,67.43,30.07,46,1.25
28-10-2020 13:00,46,97,29.9,0.5,64.17,30.05,43.75,1.88
28-10-2020 14:00,47.75,95.25,29.7,0.45,70.38,29.98,44.25,2.33
28-10-2020 15:00,53.25,99.25,28.77,0.44,67.3,30.2,45.25,1.35
28-10-2020 16:00,53.25,100,29.55,0.43,65.65,29.95,45.25,1.43
28-10-2020 17:00,52,102.75,31.65,0.38,66.83,29.95,47.25,0.93
28-10-2020 18:00,54.25,116.75,36.2,0.5,55.3,29.83,52,0.4
28-10-2020 19:00,55,141,44.35,0.65,39.88,29.7,56.75,0.35
28-10-2020 20:00,68.5,168,60.2,0.99,20.05,29.7,62,0.3
28-10-2020 21:00,81,183.75,66.9,1.04,20.18,29.7,64,0.3
28-10-2020 22:00,76.25,171.25,60.67,1.02,23.8,29.67,67,0.3
28-10-2020 23:00,70.5,146.25,52.42,0.76,38.45,29.6,64.25,0.3
29-10-2020 00:00,67.75,124,53.23,0.69,33.08,29.52,65.5,0.3
29-10-2020 01:00,66,126.5,57.95,0.58,26.95,29.55,66.75,0.3
29-10-2020 02:00,70.5,124.25,53.9,0.48,37.88,29.5,66.75,0.3
29-10-2020 03:00,63.75,118.75,45.1,0.39,40.15,29.57,71,0.3
29-10-2020 04:00,59,109.75,44.27,0.31,30.48,29.82,72.75,0.3
29-10-2020 05:00,66.25,112.75,48.2,0.43,20.15,29.52,75,0.3
29-10-2020 06:00,69.25,115.75,45.47,0.46,11.38,29.5,79.25,0.3
29-10-2020 07:00,70.25,124.75,49.23,0.5,7.2,29.45,79.5,0.3
29-10-2020 08:00,80.75,148.5,49.53,0.65,5.62,29.5,76.25,0.3
29-10-2020 09:00,83.75,163,61.05,0.94,21.8,29.5,68.25,0.3
29-10-2020 10:00,84,169.75,56.7,0.8,60.32,29.62,54.25,0.35
29-10-2020 11:00,76.75,148.25,47.45,0.6,79.22,30.05,49,0.57
29-10-2020 12:00,73.25,133.5,40.9,0.48,78.8,30,48.25,0.65
29-10-2020 13:00,72.5,138,32.75,0.51,74.65,29.98,48,1.33
29-10-2020 14:00,66.25,125.5,31.23,0.48,74.9,29.83,48.25,1.42
29-10-2020 15:00,62.75,113.5,31.83,0.47,75.58,29.92,48.25,0.65
29-10-2020 16:00,68.75,110.25,32.05,0.48,79.92,29.8,49.25,0.45
29-10-2020 17:00,67.75,116,33.53,0.59,68.95,29.85,51.75,0.38
29-10-2020 18:00,62.5,127.25,37.12,0.66,59.7,29.8,56,0.32
29-10-2020 19:00,78.25,150,47.55,0.88,38.97,29.7,61,0.3
29-10-2020 20:00,83.75,174.75,54.4,1.02,25.32,29.67,64.25,0.32
29-10-2020 21:00,81.75,182,57.38,1.01,30.98,29.6,62.75,0.35
29-10-2020 22:00,84.5,169.25,50.33,0.9,43.65,29.58,65,0.35
29-10-2020 23:00,76,161.75,46.52,0.79,45.65,29.55,66.5,0.32
30-10-2020 00:00,73.75,142.75,43.52,0.67,45.02,29.52,66,0.3
30-10-2020 01:00,74.75,131,46.05,0.54,33.67,29.58,70,0.3
30-10-2020 02:00,71.75,126.5,47.98,0.55,25.98,29.6,71.75,0.3
30-10-2020 03:00,72.5,129.75,42.42,0.52,26.55,29.62,71.75,0.3
30-10-2020 04:00,67.75,123.25,40.5,0.44,27.88,29.8,73.25,0.3
30-10-2020 05:00,65.75,114.75,39,0.5,18.2,29.6,76.5,0.3
30-10-2020 06:00,66,118.5,42.2,0.5,19.27,29.5,73.75,0.3
30-10-2020 07:00,77,129.75,37.65,0.53,12.82,29.5,77.5,0.3
30-10-2020 08:00,75.5,131.25,44.05,0.59,10.32,29.58,74.5,0.3
30-10-2020 09:00,79.25,163.5,78.65,0.6,8.82,29.5,65.25,0.32
30-10-2020 10:00,77,184.5,68.28,0.62,33,29.6,60.25,0.5
30-10-2020 11:00,74.75,170.75,46.95,0.47,61.43,29.95,53,1.4
30-10-2020 12:00,67.25,138,37.95,0.38,68.4,30,49.25,1.82
30-10-2020 13:00,66.5,124,29.6,0.53,75.22,30,48.25,1.9
30-10-2020 14:00,71.5,127.75,30.73,0.49,77.58,29.83,48,1.55
30-10-2020 15:00,75.25,133.75,29.67,0.48,82.5,29.85,49.25,1.77
30-10-2020 16:00,81,144.25,29.75,0.44,84.22,29.75,50,2.17
30-10-2020 17:00,78.5,147.75,30.7,0.32,82.22,29.62,51,1.47
30-10-2020 18:00,81.25,169.25,31.57,0.4,80.6,29.67,53.5,1.23
30-10-2020 19:00,83,178.5,35.85,0.49,72.05,29.6,55.75,0.68
30-10-2020 20:00,75.75,172.25,44.25,0.62,56.28,29.5,58.5,0.42
30-10-2020 21:00,74.25,184.75,46.82,0.57,54.97,29.5,61.75,0.32
30-10-2020 22:00,81,180.75,46.28,0.6,54.53,29.4,64,0.3
30-10-2020 23:00,79.5,172,47.55,0.61,46.02,29.42,66.75,0.3
31-10-2020 00:00,78,176,54.15,0.64,35.08,29.4,67.75,0.3
31-10-2020 01:00,84,178.75,54.55,0.72,35.67,29.4,71,0.3
31-10-2020 02:00,77.75,172.75,47.92,0.66,29.18,29.42,76,0.3
31-10-2020 03:00,84,157,41.95,0.58,23.55,29.52,78.5,0.3
31-10-2020 04:00,78,158.5,39.73,0.52,24.2,29.77,76.25,0.3
31-10-2020 05:00,79.25,158.75,39.07,0.46,33.07,29.5,74,0.3
31-10-2020 06:00,83.75,147,35.95,0.44,28.88,29.4,75,0.3
31-10-2020 07:00,86,149.75,37.12,0.43,20.68,29.4,77.25,0.3
31-10-2020 08:00,84.5,155.25,41.73,0.54,25.93,29.4,71.5,0.3
31-10-2020 09:00,78.75,177.5,46.95,0.64,52.57,29.45,62,0.32
31-10-2020 10:00,76,187.5,41.75,0.62,73.7,29.52,56.25,0.62
31-10-2020 11:00,77.25,176.5,35.58,0.52,73.45,29.88,52.5,1.25
31-10-2020 12:00,73.25,145.75,33.15,0.45,78.45,30,52,1.77
31-10-2020 13:00,74.75,140.75,28.27,0.46,81.4,30.15,50,1.55
31-10-2020 14:00,69.75,145,29.12,0.4,89.88,29.73,48.75,2.05
31-10-2020 15:00,72.25,139.25,31.27,0.38,82.67,29.73,48,1.85
31-10-2020 16:00,63.5,131.25,28.5,0.4,85.57,29.6,48.75,2.55
31-10-2020 17:00,64.5,138.5,29.7,0.51,90.9,29.65,51,1.78
31-10-2020 18:00,74.5,164.75,35.8,0.58,78.25,29.58,55.75,0.75
31-10-2020 19:00,81.75,182,41.9,0.68,58.65,29.58,59.5,0.32
31-10-2020 20:00,82.25,175.25,47.08,0.84,51.35,29.48,59.75,0.35
31-10-2020 21:00,85,181.25,49.6,0.93,44.45,29.5,62,0.3
31-10-2020 22:00,79.75,177.25,50.67,0.96,42.62,29.52,63.5,0.3
31-10-2020 23:00,76.25,173.75,46.48,0.82,56.77,29.52,61.75,0.3
01-11-2020 00:00,86,179,42.23,0.7,67.05,29.45,59.25,0.3
01-11-2020 00:00,73,172,40.95,0.55,62.55,29.4,61.5,0.3
