"","timestamp","pm25_air","pm10_air","co_air","no2_air","PM2.5","PM10","CO","NO2"
"1","01-11-2020 01:00",79.5,123,2,50.405,74.75,168.5,0.53,39.92
"2","01-11-2020 02:00",79.5,119,2,49.66,76.75,151.5,0.48,37.65
"3","01-11-2020 03:00",82,120,2,49.335,67.5,132.25,0.46,36.92
"4","01-11-2020 04:00",81.5,123.5,2,46.32,69.5,137.75,0.45,36.98
"5","01-11-2020 05:00",87,124.5,2,44.875,72,147.25,0.56,35.65
"6","01-11-2020 06:00",98,141,2,45.54,75,143.5,0.63,41.77
"7","01-11-2020 07:00",110,182,2,47.5,77.25,176.75,0.73,44.62
"8","01-11-2020 08:00",96,155.5,2,46.775,84.75,183.25,0.72,47
"9","01-11-2020 09:00",91,139.5,2,48.195,83.25,184.5,0.66,44.97
"10","01-11-2020 10:00",82,127.5,2,45.12,72,178,0.68,40.32
"11","01-11-2020 11:00",70,109.5,2,41.94,69.75,172.25,0.55,34.4
"12","01-11-2020 12:00",64,103,2,38.065,62,142.75,0.52,35.2
"13","01-11-2020 13:00",59.5,97,1.5,34.755,56.5,127.5,0.5,31.65
"14","01-11-2020 14:00",61,99,2,31.765,51.5,116.5,0.47,33.42
"15","01-11-2020 15:00",60,97.5,2,32.095,57.5,130.5,0.47,33.05
"16","01-11-2020 16:00",59,97,1.5,37.31,54,123,0.45,30.3
"17","01-11-2020 17:00",61,99,2,42.57,57.5,125.5,0.48,30.08
"18","01-11-2020 18:00",64,107,2,45.795,60.75,137.75,0.55,33.02
"19","01-11-2020 19:00",69.5,115,2,48.47,67.25,155.5,0.65,37.77
"20","01-11-2020 20:00",79.5,125.5,2,47.88,73.75,167.5,0.83,43.25
"21","01-11-2020 21:00",84,130.5,2,48,80,172.75,0.86,44.5
"22","01-11-2020 22:00",83.5,129,2,50.905,74.5,178,0.8,42.48
"23","01-11-2020 23:00",84,128,2,51.805,78,185.25,0.76,40.08
"24","02-11-2020 00:00",84,127,2,51.8,83.75,177.25,0.7,41.25
"25","02-11-2020 01:00",84.5,126,2,50.105,80.75,165.25,0.65,38.32
"26","02-11-2020 02:00",89.5,130,2,49.73,75.5,153.75,0.63,39.85
"27","02-11-2020 03:00",99,155,2,49.555,81.75,160.75,0.67,44.6
"28","02-11-2020 04:00",121,209.5,2,48.075,85.25,181.75,0.73,56.33
"29","02-11-2020 05:00",122.5,208.5,2,46.1,81.5,174.25,0.64,53.6
"30","02-11-2020 06:00",124,204.5,2,43.87,84.75,176,0.62,45.05
"31","02-11-2020 07:00",124.5,203,2,44.705,79.25,184.25,0.7,49.52
"32","02-11-2020 08:00",122,189,2,47.2,75.25,176.5,0.81,51.5
"33","02-11-2020 09:00",108.5,163.5,2,45.9,77.25,184.5,0.71,46.35
"34","02-11-2020 10:00",93.5,145,2,47.275,73.75,179.5,0.71,48.5
"35","02-11-2020 11:00",82,119,2,45.13,77.75,185.25,0.54,41.08
"36","02-11-2020 12:00",71.5,109.5,1.5,39.23,72.75,173.75,0.44,40.2
"37","02-11-2020 13:00",68.5,101.5,1.5,31.15,69.75,149.75,0.53,33
"38","02-11-2020 14:00",56.5,91.5,1,31.785,67.75,127,0.42,31.27
"39","02-11-2020 15:00",51.5,86,2.5,32.585,55,104.25,0.37,31.23
"40","02-11-2020 16:00",54,89,1.5,35.84,56.75,102.5,0.39,30.2
"41","02-11-2020 17:00",55,90.5,2,41.265,61.75,116,0.53,26.48
"42","02-11-2020 18:00",63,100.5,1.5,40.34,63.5,131.75,0.63,30
"43","02-11-2020 19:00",79.5,114.5,2,49.37,74.75,158,0.77,38.12
"44","02-11-2020 20:00",85.5,122.5,2,49,84,176.25,0.81,39.73
"45","02-11-2020 21:00",90.5,127,2,49.025,77.75,178.75,0.69,40.78
"46","02-11-2020 22:00",102,157.5,2.5,47.425,78.5,183,0.71,42.12
"47","02-11-2020 23:00",85,121,2,48.025,82,176.5,0.66,39.88
"48","03-11-2020 00:00",85.5,122.5,2,48.64,80.75,169,0.62,43.9
"49","03-11-2020 01:00",96,142,2,49.46,83.75,178.5,0.55,45.53
"50","03-11-2020 02:00",92,130,2,51.12,78.5,178.25,0.47,44.02
"51","03-11-2020 03:00",93.5,129,2,48.46,82.5,167,0.45,37.38
"52","03-11-2020 04:00",99.5,136.5,2,47.73,81.25,152.5,0.48,35.23
"53","03-11-2020 05:00",99.5,137,2,47.98,80.25,161.25,0.51,34.08
"54","03-11-2020 06:00",99.5,139,2,46.795,77.75,157,0.51,35.12
"55","03-11-2020 07:00",114,169,2,46.06,85.75,166.25,0.62,45.53
"56","03-11-2020 08:00",128.5,197.5,2,50.815,83.5,182.75,0.71,50.65
"57","03-11-2020 09:00",117,178.5,2,51.26,77.75,179,0.65,43.38
"58","03-11-2020 10:00",104,156.5,2,46.965,76.75,184,0.66,43.08
"59","03-11-2020 11:00",91.5,133,2,44.115,82.75,172.5,0.59,39.15
"60","03-11-2020 12:00",86,121,2,41.48,78,174.5,0.29,36.55
"61","03-11-2020 13:00",76,109.5,2,38.795,82.5,168.75,0.38,31.27
"62","03-11-2020 14:00",74,106,2,37.705,78,145.5,0.35,25.68
"63","03-11-2020 15:00",75,106.5,1.5,33.7,77.75,144.25,0.4,27.43
"64","03-11-2020 16:00",74.5,106.5,1.5,40.955,78,155.25,0.36,32.6
"65","03-11-2020 17:00",72.5,107,1.5,44.975,80,158.5,0.54,33.12
"66","03-11-2020 18:00",79.5,118.5,2,47.515,79,164.75,0.62,37.55
"67","03-11-2020 19:00",89,128.5,2,48.775,82.5,184.5,0.75,39.7
"68","03-11-2020 20:00",89,131.5,2,47.135,78,175.25,0.81,39.45
"69","03-11-2020 21:00",89,132,5,47.275,84.25,180,0.8,39.08
"70","03-11-2020 22:00",86,127.5,2,49.64,78.75,181,0.79,40
"71","03-11-2020 23:00",82,126,2,48.7,84.75,174.5,0.72,38.08
"72","04-11-2020 00:00",87,130.5,2,48,80,172.25,0.68,37.45
"73","04-11-2020 01:00",89,132.5,2,48.265,85.75,169.5,0.52,39.95
"74","04-11-2020 02:00",90.5,135.5,2,50.185,84.75,170,0.51,42.48
"75","04-11-2020 03:00",93,136,2,49.655,81.5,171.5,0.54,46.27
"76","04-11-2020 04:00",93.5,133.5,2,46.345,76.25,156.75,0.49,39.67
"77","04-11-2020 05:00",110.5,174.5,2,46.26,83.25,160.25,0.57,44.4
"78","04-11-2020 06:00",121.5,193.5,2,47.815,83.75,181,0.59,55.73
"79","04-11-2020 07:00",121,195,2.5,49.885,80.5,180.25,0.67,62.77
"80","04-11-2020 08:00",120.5,208,2,47.965,74.25,185.5,0.85,61.77
"81","04-11-2020 09:00",107.5,178,2,48.595,79.5,180.75,0.85,54.67
"82","04-11-2020 10:00",86.5,141,2,47.92,84.75,178.5,0.78,49.15
"83","04-11-2020 11:00",58,101,2,44.475,79.25,171,0.58,39.25
"84","04-11-2020 12:00",53.5,94,2,35.495,54.75,155.5,0.47,34.85
"85","04-11-2020 13:00",53,91,2,36.22,47.5,131.5,0.48,30.27
"86","04-11-2020 14:00",52.5,88.5,2,33.41,38.25,115,0.41,31.9
"87","04-11-2020 15:00",55,93.5,2,36.37,43.75,109.5,0.42,32.03
"88","04-11-2020 16:00",57,96,2,37.88,48.75,121.25,0.43,33.5
"89","04-11-2020 17:00",56.5,98,2,41.91,50.75,128.75,0.4,34.75
"90","04-11-2020 18:00",58,105.5,2,45.675,60.25,148.5,0.48,43.25
"91","04-11-2020 19:00",60,106,2,49.89,66,172,0.59,55.05
"92","04-11-2020 20:00",62.5,111.5,2,49.595,73,168.25,0.69,49.53
"93","04-11-2020 21:00",62,111.5,2,49.67,74.5,172,0.75,50.27
"94","04-11-2020 22:00",66.5,114,2.5,50.545,71.25,162.5,0.72,45.85
"95","04-11-2020 23:00",77,130.5,2,51.215,78,167,0.8,49.92
"96","05-11-2020 00:00",73.5,127.5,2,50,86.25,184.5,0.77,51.28
"97","05-11-2020 01:00",77.5,131,2,49.395,82.5,183.25,0.64,48.33
"98","05-11-2020 02:00",71.5,122.5,2,48.53,77.75,177,0.61,47.48
"99","05-11-2020 03:00",70,119,2,48.52,75.25,152,0.55,44.42
"100","05-11-2020 04:00",69,116,2,47.925,70,136,0.53,44.08
"101","05-11-2020 05:00",71,120,2,47.11,72,131.75,0.54,43.98
"102","05-11-2020 06:00",76.5,124,2,47.545,77,158.5,0.55,48.77
"103","05-11-2020 07:00",74.5,121,2,50.585,74.25,165.25,0.58,49.83
"104","05-11-2020 08:00",63.5,113,2,51.5,72.25,155.5,0.61,46.08
"105","05-11-2020 09:00",65.5,118.5,2,51.105,66.25,165.75,0.78,54.95
"106","05-11-2020 10:00",47,90.5,2,47.895,66.25,166.25,0.6,44.9
"107","05-11-2020 11:00",43.5,84.5,2,37.62,44.75,111.25,0.42,36.42
"108","05-11-2020 12:00",42,82,2,34.365,40,97.5,0.37,36.45
"109","05-11-2020 13:00",43.5,82.5,1,35.36,37.25,98.5,0.27,34.17
"110","05-11-2020 14:00",45,83,1.5,28.57,38.5,97.5,0.23,34.77
"111","05-11-2020 15:00",45,82.5,2,24.055,40.75,96.75,0.23,33.45
"112","05-11-2020 16:00",45,83.5,2,29.665,41.75,92.25,0.24,35.6
"113","05-11-2020 17:00",46,87,3,42.755,41.75,104.25,0.41,36.65
"114","05-11-2020 18:00",48,136,2,46.04,52.5,130.75,0.51,43.33
"115","05-11-2020 19:00",55,106.5,2,49.545,56.25,167.5,0.62,47.25
"116","05-11-2020 20:00",58,113.5,2,51.775,74.25,179.5,0.8,54.05
"117","05-11-2020 21:00",54.5,105.5,2,52.11,78,175.25,0.69,49.03
"118","05-11-2020 22:00",53.5,103.5,2,49.73,68.75,171,0.63,46.5
"119","05-11-2020 23:00",54.5,103.5,2,51.745,66.25,153.25,0.59,44.75
"120","06-11-2020 00:00",57.5,107,2,51.35,62.5,146,0.55,47.23
"121","06-11-2020 01:00",55.5,104,2,50.33,66.75,147.5,0.45,43.6
"122","06-11-2020 02:00",57.5,106,2,49.88,65.75,140.5,0.47,50.38
"123","06-11-2020 03:00",61,106.5,2,49.455,64,131.5,0.46,52.98
"124","06-11-2020 04:00",56.5,102.5,2,48.055,60.25,127.25,0.4,44.95
"125","06-11-2020 05:00",59,103.5,2,47.41,58.75,126.5,0.41,43.53
"126","06-11-2020 06:00",52,97,2,46,59.25,121.5,0.39,34.8
"127","06-11-2020 07:00",53,96.5,2,47.155,54,118.75,0.45,38.52
"128","06-11-2020 08:00",55.5,104,2,48.5,55.5,121,0.51,51.22
"129","06-11-2020 09:00",54.5,105,2,46.965,60,144,0.49,58.8
"130","06-11-2020 10:00",53,103.5,2,47.315,59.75,157.5,0.47,55.85
"131","06-11-2020 11:00",57,100.5,2,47.115,59.25,149.5,0.58,49.7
"132","06-11-2020 12:00",65,102.5,6,45.115,62,138.5,0.59,44.95
"133","06-11-2020 13:00",70.5,106,6.5,47.425,68.25,137,0.56,39.2
"134","06-11-2020 14:00",78.5,111,7,47.57,68,134.75,0.57,36.92
"135","06-11-2020 15:00",80.5,109,2,47.725,66.75,127.5,0.6,34.72
"136","06-11-2020 16:00",81.5,109,2,45.355,69.25,123.25,0.64,33.73
"137","06-11-2020 17:00",83.5,111.5,2,45.405,62.75,117,0.7,33.83
"138","06-11-2020 18:00",90,119,2,46.655,68,125,0.79,39.42
"139","06-11-2020 19:00",96.5,131.5,2,46.045,72.5,138.75,0.97,48.35
"140","06-11-2020 20:00",97.5,133.5,2,47.08,85.75,164,1.09,53.3
"141","06-11-2020 21:00",98.5,135.5,2,47,85.25,170,0.98,47.38
"142","06-11-2020 22:00",103.5,141.5,2,48.14,84.25,171.25,0.96,47.77
"143","06-11-2020 23:00",107,144.5,2,49.455,77.25,172,0.89,48.62
"144","07-11-2020 00:00",111,151,2,51.225,73.25,162.75,0.87,47.17
"145","07-11-2020 01:00",113.5,153.5,2,53.4,79.25,161.25,0.72,40.8
"146","07-11-2020 02:00",115,156.5,1.5,49.49,86.25,157.75,0.67,35.85
"147","07-11-2020 03:00",115,154.5,2,48.725,83.25,152.75,0.63,34.35
"148","07-11-2020 04:00",107,140.5,2,47.045,75.25,147.75,0.58,33.3
"149","07-11-2020 05:00",106.5,141,2,47.215,83.5,144,0.56,33.42
"150","07-11-2020 06:00",103.5,137.5,2,47.815,80.5,143,0.54,33.6
"151","07-11-2020 07:00",95,129,2,47.98,83.25,140.5,0.54,35.38
"152","07-11-2020 08:00",90.5,125,2,48.825,78.25,142.75,0.6,38.53
"153","07-11-2020 09:00",79,119,2,47.36,79.25,149,0.54,40.62
"154","07-11-2020 10:00",74.5,114.5,2,47.34,78.75,162,0.54,40.97
"155","07-11-2020 11:00",78,117,2,47.985,75.25,165.25,0.6,41.15
"156","07-11-2020 12:00",78.5,112,2,44.115,75.5,163.25,0.57,36.9
"157","07-11-2020 13:00",78,108,2,42.62,72.25,150.75,0.51,31.82
"158","07-11-2020 14:00",76.5,106,1.5,45.18,67.75,135.25,0.46,32.38
"159","07-11-2020 15:00",76.5,104,2,39.975,68.75,126,0.43,30.38
"160","07-11-2020 16:00",77,105,1.5,42.695,65.75,122.25,0.43,31.05
"161","07-11-2020 17:00",86,115.5,2,43.475,69.75,126.5,0.48,31.6
"162","07-11-2020 18:00",93.5,126,2,46.91,76,150.25,0.54,33.72
"163","07-11-2020 19:00",98.5,135.5,2,46.6,80.5,169.25,0.71,43.23
"164","07-11-2020 20:00",96.5,133.5,2,47.07,85,186.75,0.79,44.92
"165","07-11-2020 21:00",88,123,2,47,85.25,179,0.73,41.05
"166","07-11-2020 22:00",75.5,112.5,2,47,82.5,162.75,0.6,38.1
"167","07-11-2020 23:00",73.5,112.5,2,48.17,73.5,152.75,0.57,40.97
"168","08-11-2020 00:00",73.5,116,2,49.38,79,162.25,0.52,45.42
"169","08-11-2020 01:00",63,105.5,2,51.1,78.25,159,0.33,38.25
"170","08-11-2020 02:00",60.5,102,2,48.355,65.5,135.5,0.27,38.62
"171","08-11-2020 03:00",67,106.5,2,49.105,62.25,127.5,0.25,38.38
"172","08-11-2020 04:00",67.5,108.5,2,49.945,66.5,125.25,0.23,39.1
"173","08-11-2020 05:00",64,106,2,48.715,66.25,123.75,0.23,37.43
"174","08-11-2020 06:00",70,110.5,2,48.48,61.25,125.25,0.24,47.25
"175","08-11-2020 07:00",75.5,117,4,52.25,65,127.25,0.3,59.52
"176","08-11-2020 08:00",83,127.5,2,49.005,76.25,145,0.37,55.8
"177","08-11-2020 09:00",81.5,126,2,46.7,81.75,164.75,0.49,45.4
"178","08-11-2020 10:00",74,115,2,45.215,NA,NA,NA,NA
"179","08-11-2020 11:00",61,100,1,47.235,NA,NA,NA,NA
"180","08-11-2020 12:00",57,93,2,47.005,56,106,0.37,NA
"181","08-11-2020 13:00",50.5,85,2,46.58,54.25,102.75,0.35,31.07
"182","08-11-2020 14:00",49,85,2,42.605,49.25,93.75,0.31,34.05
"183","08-11-2020 15:00",48,82.5,2,31.44,49.75,94.25,0.27,31.8
"184","08-11-2020 16:00",45.5,80.5,2,31.5,49.25,88.75,0.24,31.53
"185","08-11-2020 17:00",43,78,2,39.08,46.75,87.25,0.15,28
"186","08-11-2020 18:00",46,85.5,2,41.815,38.75,88,0.21,30.95
"187","08-11-2020 19:00",53.5,98.5,2,47.93,49.5,109.5,0.39,38.47
"188","08-11-2020 20:00",60,105.5,2,50.265,66.5,149,0.53,44.2
"189","08-11-2020 21:00",64,110,2,50.985,68.25,157,0.54,41.5
"190","08-11-2020 22:00",67,109.5,2,49.385,69.75,157,0.5,39.4
"191","08-11-2020 23:00",59.5,101.5,2,47.93,69.5,133.75,0.4,35.83
"192","09-11-2020 00:00",57,98.5,2,49.665,60.5,113.5,0.34,33.42
"193","09-11-2020 01:00",56.5,96.5,2,50.43,54.5,100.75,0.36,29.62
"194","09-11-2020 02:00",59,99.5,2,46.625,51.75,103.25,0.34,30.88
"195","09-11-2020 03:00",64.5,103,2,47.4,58.5,103,0.34,28.38
"196","09-11-2020 04:00",76,113.5,2,48.21,64.25,101.5,0.38,29.23
"197","09-11-2020 05:00",87.5,127.5,2,48.39,70.5,114.25,0.44,34.33
"198","09-11-2020 06:00",96.5,147.5,2,48.16,76.5,146.75,0.46,35.45
"199","09-11-2020 07:00",111.5,187,2,49.26,74.75,174.25,0.6,53.27
"200","09-11-2020 08:00",111,196,2,51.375,82.25,185,0.65,64.28
"201","09-11-2020 09:00",112.5,193.5,2,49.22,81.75,179,0.59,62.65
"202","09-11-2020 10:00",91.5,135.5,2,46.825,87,181.25,0.5,47
"203","09-11-2020 11:00",76,115,2.5,45.09,81.5,175.25,0.38,38.67
"204","09-11-2020 12:00",68,105.5,2,43.79,63.25,131.5,0.3,39.3
"205","09-11-2020 13:00",63.5,103,2,45.525,58,113.25,0.46,35
"206","09-11-2020 14:00",61,97.5,2,37.465,58,105,0.41,33.67
"207","09-11-2020 15:00",63.5,100.5,1.5,31.345,56.5,98.25,0.35,33.72
"208","09-11-2020 16:00",72,110,2,34.36,55.25,111.75,0.37,33.27
"209","09-11-2020 17:00",76.5,116.5,1.5,42.095,65.5,136.25,0.35,32.55
"210","09-11-2020 18:00",84,128.5,2,46,70,154.25,0.45,37.12
"211","09-11-2020 19:00",92,143,2,46.84,77.75,173.25,0.62,48.62
"212","09-11-2020 20:00",100,160.5,3,47,76.25,181.75,0.81,58.92
"213","09-11-2020 21:00",104,165.5,2,47.215,81,179.25,0.92,58.88
"214","09-11-2020 22:00",104,164.5,2,47.65,77,184.25,0.82,54.75
"215","09-11-2020 23:00",102.5,160.5,2,47.975,82.75,184,0.8,54.47
"216","10-11-2020 00:00",102.5,160.5,2,49.86,82,173.75,0.79,55.67
"217","10-11-2020 01:00",102,157.5,2,48.985,79.75,180.75,0.58,44.97
"218","10-11-2020 02:00",103,160,2,48.15,74,182.25,0.51,39.8
"219","10-11-2020 03:00",103,160.5,2,47.265,77.25,173.5,0.5,36.25
"220","10-11-2020 04:00",102,156.5,2,47.36,76.75,179.25,0.48,32.23
"221","10-11-2020 05:00",98,146.5,2,46.58,74,169.75,0.58,31.62
"222","10-11-2020 06:00",101.5,156.5,2.5,46.385,79,160,0.6,31.65
"223","10-11-2020 07:00",100.5,155,2,47.5,84.75,173,0.66,36.98
"224","10-11-2020 08:00",100,160.5,2,47.295,82,185,0.68,40.58
"225","10-11-2020 09:00",99.5,157.5,2,45.43,78.5,184.25,0.65,43.05
"226","10-11-2020 10:00",90.5,134,4.5,45.095,85.25,177.75,0.64,37.1
"227","10-11-2020 11:00",81,120.5,2,46.52,79.5,157.75,0.58,34.12
"228","10-11-2020 12:00",79.5,117.5,2,45.69,67.5,136,0.53,28.75
"229","10-11-2020 13:00",74,113,2,44.545,63,131.5,0.56,32.7
"230","10-11-2020 14:00",71.5,108.5,2,44.695,62.5,115.75,0.52,34.15
"231","10-11-2020 15:00",69.5,106,2,42.365,59.5,109.25,0.51,34.1
"232","10-11-2020 16:00",68.5,106.5,2,43.235,54.25,111.75,0.46,33.75
"233","10-11-2020 17:00",69,111.5,2.5,42.955,53.5,119.25,0.43,34.15
"234","10-11-2020 18:00",71.5,118.5,2,45.71,61,135,0.57,44.75
"235","10-11-2020 19:00",80.5,134.5,1.5,50.665,73.25,164.75,0.74,54.78
"236","10-11-2020 20:00",91.5,146.5,2,51.15,80.25,175,0.91,59.52
"237","10-11-2020 21:00",92.5,143,2,52.125,73.75,180,0.66,48.38
"238","10-11-2020 22:00",90.5,136.5,2,49.59,80.75,173.25,0.55,41.38
"239","10-11-2020 23:00",90.5,139.5,2,48.925,86.25,165,0.53,43.53
"240","11-11-2020 00:00",93,142.5,2,49.865,86.5,174.5,0.5,46.45
"241","11-11-2020 01:00",93,144.5,2,50.78,84.25,173.5,0.59,46.9
"242","11-11-2020 02:00",95.5,148,2,49.94,80.5,164.75,0.61,44.08
"243","11-11-2020 03:00",98,153,2,50.03,76,161.75,0.6,44.55
"244","11-11-2020 04:00",102,163,2.5,50.34,77,166.25,0.61,46.08
"245","11-11-2020 05:00",106.5,174.5,2,52.305,78.75,173.5,0.53,48.3
"246","11-11-2020 06:00",108,175.5,2.5,53.44,77.25,172.75,0.54,50.77
"247","11-11-2020 07:00",105,168.5,2,50.2,83.75,162.75,0.57,46.95
"248","11-11-2020 08:00",110,182,2,49.5,82.25,159,0.75,55.22
"249","11-11-2020 09:00",104.5,182.5,2,48.235,80.75,177,0.89,61.7
"250","11-11-2020 10:00",78,121.5,2,47.695,80.5,166.75,0.71,45.95
"251","11-11-2020 11:00",70,112,2,48.1,69.5,132.5,0.69,45.35
"252","11-11-2020 12:00",50.5,87.5,2,46.61,54.75,112.75,0.59,44.45
"253","11-11-2020 13:00",47.5,84.5,2,48.015,39.75,83.25,0.42,39.4
"254","11-11-2020 14:00",38.5,70.5,2,46.69,32.5,76,0.38,39.12
"255","11-11-2020 15:00",37,66,2,44.835,30.25,68.25,0.35,37.45
"256","11-11-2020 16:00",36.5,67.5,2,44.06,28.5,63.5,0.36,34.92
"257","11-11-2020 17:00",35,65.5,2,45.825,30.25,64,0.34,33.42
"258","11-11-2020 18:00",36,73.5,1.5,48.74,30.75,65.75,0.41,38.5
"259","11-11-2020 19:00",43,84,2,50.355,35,85.25,0.64,53.7
"260","11-11-2020 20:00",50.5,95,2,51.255,51,106.25,0.85,63.07
"261","11-11-2020 21:00",49,93,2,52,51.75,116.5,0.84,54.23
"262","11-11-2020 22:00",49.5,93,2,50.02,45.75,102.25,0.78,51.35
"263","11-11-2020 23:00",49.5,94.5,2,50.855,46.5,109.25,0.66,51.58
"264","12-11-2020 00:00",47,90.5,3.5,50.595,40.5,106.5,0.55,47.93
"265","12-11-2020 01:00",49,93,2,51.055,NA,NA,NA,NA
"266","12-11-2020 02:00",51.5,95,2,50.65,NA,NA,NA,NA
"267","12-11-2020 03:00",51.5,91,2,51.23,NA,NA,NA,NA
"268","12-11-2020 04:00",49.5,86.5,2,48.025,NA,NA,NA,NA
"269","12-11-2020 05:00",42,77.5,2,47.345,NA,NA,NA,NA
"270","12-11-2020 06:00",42,79,2,45.425,NA,NA,NA,NA
"271","12-11-2020 07:00",76,114,2,45.61,42,72,0.49,43.5
"272","12-11-2020 08:00",40.5,72.5,2,51.19,38.75,67.5,0.48,36.2
"273","12-11-2020 09:00",25.5,54.5,2,50.135,27.5,53.25,0.42,33.68
"274","14-11-2020 20:00",41.5,81.5,2,51.59,23.5,50,0.45,34.5
"275","14-11-2020 21:00",60.5,101.5,2,51.475,23.5,45.25,0.48,33.05
"276","14-11-2020 22:00",75.5,143.5,2,51,19.25,40.75,0.47,34.85
"277","14-11-2020 23:00",72,111,2,52.205,20.5,45,0.51,32.45
"278","15-11-2020 00:00",71.5,109.5,1.5,52.67,22.75,50,0.48,32.07
"279","15-11-2020 01:00",56,93.5,2,49.735,23,47.5,0.45,31.3
"280","15-11-2020 02:00",49.5,86,2.5,51.765,17,49.5,0.42,31.55
"281","15-11-2020 03:00",50,85,2,50.545,17.5,52.75,0.42,29.8
"282","15-11-2020 04:00",54,89,2,47.35,22.75,60.25,0.53,36.35
"283","15-11-2020 05:00",55.5,89,2,46.465,34.75,69.25,0.64,41.02
"284","15-11-2020 06:00",56.5,90,2,49.855,39.25,82.75,0.85,52.78
"285","15-11-2020 07:00",60.5,93.5,2,48.52,47,100.75,0.84,52.75
"286","15-11-2020 08:00",58,91,2,45.12,43.5,82.25,0.49,35.95
"287","15-11-2020 09:00",53.5,88,2,47.715,23,46,0.36,30.32
"288","15-11-2020 10:00",48.5,85.5,2,46.46,18.75,43.5,0.31,27.73
"289","15-11-2020 11:00",46.5,83.5,2,47.885,14.5,43.25,0.44,28.8
"290","15-11-2020 12:00",26.5,49.5,2,37.325,13.25,35.75,0.37,26.02
"291","15-11-2020 13:00",21.5,40.5,2,42.25,15.5,31,0.37,26.98
"292","15-11-2020 14:00",20.5,36.5,2,36.7,21,35.75,0.36,26.5
"293","15-11-2020 15:00",17,33,1,36.13,22.5,33.25,0.23,26.18
"294","15-11-2020 16:00",16,30,2,36.65,19.75,37,0.25,27.05
"295","15-11-2020 17:00",18,35,1.5,43.05,25,38.5,0.26,27.48
"296","15-11-2020 18:00",22,43.5,2,45.955,24.25,44,0.35,30.6
"297","15-11-2020 19:00",27.5,53.5,1.5,47.855,22.5,49.25,0.5,28.2
"298","15-11-2020 20:00",42,78,1.5,51.185,23.75,53.25,0.49,27.48
"299","15-11-2020 21:00",61.5,101.5,2,50.045,22.25,46.25,0.54,28
"300","15-11-2020 22:00",59,97.5,2,49.975,19.75,51.75,0.47,30.7
"301","15-11-2020 23:00",46.5,83,2,49.45,20.5,56,0.36,27.73
"302","16-11-2020 00:00",44.5,79.5,1.5,47.8,24.25,52,0.34,31.47
"303","16-11-2020 01:00",46,80,2,49.755,21.5,51.25,0.31,30.02
"304","16-11-2020 02:00",40.5,68.5,2,48.95,21.75,58.5,0.35,31.07
"305","16-11-2020 03:00",32,55,2,49.175,27.25,61.5,0.5,32.95
"306","16-11-2020 04:00",37,61.5,2,50.52,29.75,68.75,0.64,40.67
"307","16-11-2020 05:00",49,80.5,2,50.09,37,88,0.77,47.8
"308","16-11-2020 06:00",55,87,2,49.4,45.75,123.75,1.11,61.95
"309","16-11-2020 07:00",63.5,96,2,49,55.5,135.25,1.12,65.22
"310","16-11-2020 08:00",65,98,2,49.56,61.75,135.5,0.95,55.92
"311","16-11-2020 09:00",50,83.5,2,49.8,67,107.25,0.95,54.58
"312","16-11-2020 10:00",51.5,86,2,47.91,63.75,106,0.81,51.33
"313","16-11-2020 11:00",51.5,84.5,2,44.4,52.5,99,0.78,52.43
"314","16-11-2020 12:00",46,78,2,40.955,49.5,99,0.77,53.6
"315","16-11-2020 13:00",43,73,2,38.615,55.25,106.5,0.67,48.8
"316","16-11-2020 14:00",38,66,2,39.725,54.75,95.75,0.52,41.1
"317","16-11-2020 15:00",42.5,73.5,1,38.89,39.5,75.5,0.47,42.45
"318","16-11-2020 16:00",46.5,80.5,1.5,40.405,33.25,72.5,0.42,37.28
"319","16-11-2020 17:00",36,66,2,42.57,38.25,75.75,0.47,41.02
"320","16-11-2020 18:00",47.5,81.5,1.5,43.955,40.25,74.25,0.5,41.52
"321","16-11-2020 19:00",54.5,92,2,46.715,35.75,85.25,0.51,36.67
"322","16-11-2020 20:00",54,93.5,2,49,39.25,97,0.48,34.83
"323","16-11-2020 21:00",59.5,98,2,50.21,38.25,88.25,0.46,33.35
"324","16-11-2020 22:00",62.5,98.5,2,49.205,25.25,68.25,0.42,32.85
"325","16-11-2020 23:00",60.5,96.5,2,48.82,28,58.5,0.2,27.95
"326","17-11-2020 00:00",62,97.5,2,49.085,23.5,53.75,0.17,30.32
"327","17-11-2020 01:00",59,94,2,48.765,19.25,52.75,0.12,28.75
"328","17-11-2020 02:00",58.5,93,2,48.34,21,51,0.15,27.1
"329","17-11-2020 03:00",62,96,2,49.725,22.75,50.25,0.25,25.58
"330","17-11-2020 04:00",66,98.5,2,49.13,23,58.5,0.33,28.57
"331","17-11-2020 05:00",71,103.5,2.5,47.235,34.5,65.25,0.49,33.58
"332","17-11-2020 06:00",77,111.5,2,45.77,46,87.75,0.66,41.58
"333","17-11-2020 07:00",84,118,2,45.355,84.5,146,0.84,50.65
"334","17-11-2020 08:00",84,118,2,48.05,80.25,177.5,0.89,51.03
"335","17-11-2020 09:00",58.5,94,2,43.385,75.75,175.75,0.78,44.15
"336","17-11-2020 10:00",52,88,2,38.72,87,181.75,0.71,42.42
"337","17-11-2020 11:00",49.5,84,2,39.77,85.75,163.75,0.48,35.33
"338","17-11-2020 12:00",43.5,76,1,36.225,77.25,123.25,0.4,31.5
"339","17-11-2020 13:00",38.5,66.5,1.5,30.055,61,99.25,0.41,29.9
"340","17-11-2020 14:00",30.5,55.5,2,34.3,55,87.75,0.38,27.98
"341","17-11-2020 15:00",29.5,52.5,1.5,26.25,51.75,84,0.41,27.73
"342","17-11-2020 16:00",28,50,1,29.26,39.25,74.75,0.42,26.95
"343","17-11-2020 17:00",29,53,1.5,39.41,35.5,74,0.44,26.23
"344","17-11-2020 18:00",32,64,2,47.325,48,75.5,0.48,29.35
"345","17-11-2020 19:00",33.5,70,1.5,50.4,43.5,78.75,0.52,26.73
"346","17-11-2020 20:00",37.5,76,2,51.335,39.25,75.25,0.5,28.2
"347","17-11-2020 21:00",46.5,88,2,51.78,40,80.5,0.58,31.48
"348","17-11-2020 22:00",51.5,90.5,2,50.645,37.5,85.5,0.5,33
"349","17-11-2020 23:00",56,95,2,50.15,28,58,0.23,27.7
"350","18-11-2020 00:00",58.5,96.5,2,51.1,22.75,53,0.2,27.5
"351","18-11-2020 01:00",60.5,97.5,2,48.985,25.75,53,0.19,27.25
"352","18-11-2020 02:00",60,93.5,2,43.5,27,44.25,0.22,25.57
"353","18-11-2020 03:00",62,96,2,42.1,24,46.25,0.41,25.88
"354","18-11-2020 04:00",69.5,102,2,43.795,23,50.25,0.49,27.8
"355","18-11-2020 05:00",75,107,2,44.39,22.75,54.25,0.58,29.4
"356","18-11-2020 06:00",79,111,2,45.525,39.5,74,0.67,37.08
"357","18-11-2020 07:00",84,116.5,2,45.655,69,122.25,0.63,45.5
"358","18-11-2020 08:00",82.5,119,2,46.705,81,168.5,0.58,41.62
"359","18-11-2020 09:00",61,94.5,2,47.49,74.5,130.75,0.45,35.33
"360","18-11-2020 10:00",49.5,81.5,2,45.745,53.25,90.25,0.39,32.25
"361","18-11-2020 11:00",42,70.5,2,44.25,48.25,77.25,0.34,31.95
"362","18-11-2020 12:00",34,58,2,31.355,45.75,70,0.26,29.45
"363","18-11-2020 13:00",27.5,47.5,2,25.085,35.25,61.75,0.23,26.62
"364","18-11-2020 14:00",24,42,2,23.51,31.25,55.5,0.21,23.15
"365","18-11-2020 15:00",21,37.5,1,27.01,27.75,58,0.29,25.5
"366","18-11-2020 16:00",21,37,1.5,39.515,34.25,60.75,0.28,26.78
"367","18-11-2020 17:00",21,38,2,44.175,39.25,63.75,0.33,26.73
"368","18-11-2020 18:00",23,45,1.5,48.51,44,74.25,0.38,28.88
"369","18-11-2020 19:00",28,60,2,51.435,43.75,73.25,0.41,26.75
"370","18-11-2020 20:00",32,68.5,2,51.5,34.75,77.5,0.4,25.7
"371","18-11-2020 21:00",36,74.5,2,50.09,39,80,0.47,27.5
"372","18-11-2020 22:00",39,74,2,49.8,43.5,79.75,0.4,27.25
"373","18-11-2020 23:00",40,75,2,49.765,39,71.75,0.35,25
"374","19-11-2020 00:00",36,67,2,49.745,37,73.25,0.31,25.05
"375","19-11-2020 01:00",36.5,66,2,49.115,31,64.5,0.33,26.5
"376","19-11-2020 02:00",39.5,68,2,49.325,34.25,74.75,0.36,27.88
"377","19-11-2020 03:00",42.5,71,2,48.435,41.25,78.75,0.34,27.85
"378","19-11-2020 04:00",41.5,68.5,2,47.82,33.5,69.5,0.43,31.98
"379","19-11-2020 05:00",44.5,71.5,2,46.635,37.75,86.75,0.57,40.08
"380","19-11-2020 06:00",39.5,64,2,46.16,48.25,110.25,0.69,46.28
"381","19-11-2020 07:00",59,82.5,6,106.56,57.5,118.5,0.63,45.67
"382","19-11-2020 08:00",50.5,63,10,166.175,64,109.75,0.58,39.48
"383","19-11-2020 09:00",32,47,6,105.98,59,96,0.56,39.82
"384","19-11-2020 10:00",44,60,8.5,107.125,51.5,93,0.61,40.08
"385","19-11-2020 11:00",35.5,49.5,8.5,103.375,46,90.5,0.6,39.25
"386","19-11-2020 12:00",28,39.5,8.5,94.43,43.75,82.25,0.58,36.8
"387","19-11-2020 13:00",30,33,11.5,121.685,44,78.25,0.5,33.9
"388","19-11-2020 14:00",28,30,10.5,150.025,38.25,71.75,0.47,31.3
"389","19-11-2020 15:00",17.5,26.5,5,126.345,39.25,69.25,0.37,34.25
"390","19-11-2020 16:00",14.5,29.5,3,62.95,42.75,75.25,0.37,36.48
"391","19-11-2020 17:00",22.5,26.5,8,128.14,52.25,82.75,0.42,34.2
"392","19-11-2020 18:00",16,43,1.5,47.86,57.75,88.25,0.51,35.33
"393","19-11-2020 19:00",24.5,47.5,4,82.455,59,95.75,0.53,30.95
"394","19-11-2020 20:00",37,49.5,10.5,174.78,47.25,88.25,0.51,31.02
"395","19-11-2020 21:00",35,59,6,112.22,47.5,86.75,0.51,29.8
"396","19-11-2020 22:00",38.5,67.5,2,49.265,41.5,86.5,0.48,31.8
"397","19-11-2020 23:00",40,63.5,2,47,30,76.5,0.46,28.85
"398","20-11-2020 00:00",33.5,56.5,2,48.17,35.25,69.25,0.38,29.73
"399","20-11-2020 01:00",30,54,2,48.365,32.25,68.5,0.36,28.6
"400","20-11-2020 02:00",30.5,56,2,49.225,30,62.75,0.33,27.05
"401","20-11-2020 03:00",42,67.5,2,48.375,29.25,58.5,0.27,26.42
"402","20-11-2020 04:00",41,72,2,45.765,29.75,59.5,0.33,31.77
"403","20-11-2020 05:00",40.5,56.5,2,48.455,37.5,69.75,0.52,42.28
"404","20-11-2020 06:00",45.5,61,2,55.43,35,81.5,0.7,51.2
"405","20-11-2020 07:00",46,76.5,2,44.19,37.75,96.75,1.02,54.67
"406","20-11-2020 08:00",49,80.5,2,45.315,54.5,109.25,0.93,43.92
"407","20-11-2020 09:00",39,73.5,2,46.925,52.75,105.5,0.85,39.58
"408","20-11-2020 10:00",30,67,2,43.21,52.25,111,0.76,38.88
"409","20-11-2020 11:00",17.5,51,1.5,35.415,53.75,109,0.64,34.75
"410","20-11-2020 12:00",8,32,2,28.81,53,89.25,0.51,31.57
"411","20-11-2020 13:00",9.5,29.5,2,29.93,43.5,76,0.47,29.12
"412","20-11-2020 14:00",14.5,45,2,33.165,43,77.5,0.45,29.23
"413","20-11-2020 15:00",9.5,29,1,29.28,46,73.75,0.44,26.52
"414","20-11-2020 16:00",8.5,26,1.5,33.325,46.25,74.5,0.45,27.12
"415","20-11-2020 17:00",8.5,29.5,2,42.475,45.75,69,0.45,26.48
"416","20-11-2020 18:00",13.5,45,1,48.415,40.75,67.25,0.44,23.82
"417","20-11-2020 19:00",15,47.5,2,51.275,37,70.75,0.34,26.93
"418","20-11-2020 20:00",15.5,47.5,2,50.895,36,67.5,0.36,25.07
"419","20-11-2020 21:00",18,51.5,2,49.91,32.25,60.5,0.36,25.15
"420","20-11-2020 22:00",21,57,2,50.455,27.75,63,0.31,27.85
"421","20-11-2020 23:00",21,53,2,50.73,22.5,64,0.28,24.58
"422","21-11-2020 00:00",24,65,2,49.625,26,56,0.25,26.35
"423","21-11-2020 01:00",22,71.5,2,50.13,23,49.75,0.22,25.73
"424","21-11-2020 02:00",24.5,63.5,2,44.52,22.5,47.5,0.21,24.27
"425","21-11-2020 03:00",24,66.5,2,42.985,20.75,43,0.34,25.45
"426","21-11-2020 04:00",24,56.5,2,42.655,22,44,0.4,27.6
"427","21-11-2020 05:00",27.5,63,2,42.02,28.5,54.75,0.75,46.82
"428","21-11-2020 06:00",31,71.5,2,41.655,30,79,0.95,55.05
"429","21-11-2020 07:00",28.5,59,2,40.655,31.5,82.5,0.92,50.92
"430","21-11-2020 08:00",27.5,65,2,42.095,36.25,82,0.86,47.55
"431","21-11-2020 09:00",20.5,66,2,43.955,36.25,76.5,0.81,44.92
"432","21-11-2020 10:00",13,42,2,39.335,33.5,74.25,0.61,39.33
"433","21-11-2020 11:00",10,35.5,1.5,27.305,30,62.25,0.52,33.05
"434","21-11-2020 12:00",11,33,2,29.11,24.25,55.5,0.46,26.9
"435","21-11-2020 13:00",13,42,2,28.85,25,44,0.42,24.58
"436","21-11-2020 14:00",15,46.5,1.5,31.52,23.75,49.25,0.37,21.82
"437","21-11-2020 15:00",19,52.5,1,33.61,22.25,45,0.32,22.58
"438","21-11-2020 16:00",16.5,45.5,2,41.125,27.75,40.5,0.33,22.58
"439","21-11-2020 17:00",15,47.5,2,46.555,25.5,45.5,0.33,22.73
"440","21-11-2020 18:00",22.5,81.5,1.5,50.05,29.5,45,0.32,21.4
"441","21-11-2020 19:00",33.5,90,2,51.81,26.75,42.75,0.28,22.23
"442","21-11-2020 20:00",44,100,2,52.26,23,55.5,0.3,24.55
"443","21-11-2020 21:00",55.5,121,2,53.595,23.25,61,0.34,26.15
"444","21-11-2020 22:00",54.5,112,2,54.05,23.25,62.5,0.34,28.3
"445","21-11-2020 23:00",45,92.5,2,51.785,21.25,57.25,0.38,25.6
"446","22-11-2020 00:00",41.5,88.5,2,51.27,20.75,53,0.35,27.25
"447","22-11-2020 01:00",40.5,87.5,2.5,51.77,16.25,45.75,0.33,26.02
"448","22-11-2020 02:00",42.5,91,2,51.17,15.25,46.25,0.35,27.62
"449","22-11-2020 03:00",46,94.5,2,49.995,18,58.25,0.28,23.6
"450","22-11-2020 04:00",54,100.5,2,47.1,16.25,57.25,0.36,28.85
"451","22-11-2020 05:00",53,95.5,2,44.56,22,63.5,0.53,36.55
"452","22-11-2020 06:00",59,100.5,2,44.2,27.75,71.75,0.68,45.93
"453","22-11-2020 07:00",65.5,106,2,45.08,28.5,73.5,0.89,48.77
"454","22-11-2020 08:00",70,117.5,2,45.83,31.75,72.75,0.82,38.85
"455","22-11-2020 09:00",62.5,100,2,49.005,28.75,72,0.65,32.48
"456","22-11-2020 10:00",57,91,2,46.15,28.75,61.5,0.57,29.85
"457","22-11-2020 11:00",58.5,92,2,40.85,21.5,53.75,0.46,28.88
"458","22-11-2020 12:00",58,90,1.5,35.615,20.5,43.25,0.42,28.98
"459","22-11-2020 13:00",53,86.5,1,31.86,25,46.5,0.44,28.4
"460","22-11-2020 14:00",45.5,76.5,2,30.88,33.75,59.75,0.39,27.77
"461","22-11-2020 15:00",42,71,2,30.645,32.25,47.5,0.43,25.2
"462","22-11-2020 16:00",43.5,74.5,1.5,35.195,28.75,41.5,0.43,26.73
"463","22-11-2020 17:00",44,81,2,47.245,27,47,0.49,32.85
"464","22-11-2020 18:00",47.5,88.5,2,49.655,33.5,54,0.58,31.38
"465","22-11-2020 19:00",55,100,2,50.525,36.25,69,0.51,35.9
"466","22-11-2020 20:00",62,104,2,51.615,38.75,77.75,0.46,37.65
"467","22-11-2020 21:00",71,110.5,2,50.725,32,76,0.37,33.58
"468","22-11-2020 22:00",87,126,2,49.925,21.5,68.75,0.21,29.95
"469","22-11-2020 23:00",87.5,126,2,49.49,16,55.5,0.3,28.52
"470","23-11-2020 00:00",89,127,2,49.64,17.5,58.5,0.35,30.77
"471","23-11-2020 01:00",92,131.5,2,48.83,27.75,67,0.37,31.98
"472","23-11-2020 02:00",88,126,2,47.59,17.75,51.75,0.35,30.08
"473","23-11-2020 03:00",77,113,2,47.15,16,51,0.34,29.7
"474","23-11-2020 04:00",76.5,113,2,47.165,15.75,56.25,0.43,35.08
"475","23-11-2020 05:00",79,114.5,2,44.235,25.25,74.25,0.61,49.9
"476","23-11-2020 06:00",83,120,2,42.535,28.5,79.5,0.63,44.1
"477","23-11-2020 07:00",92,131.5,2,43.695,27.25,73,0.48,35.75
"478","23-11-2020 08:00",90,127.5,2,42.08,28.5,68.25,0.5,37.58
"479","23-11-2020 09:00",94,141.5,2,48.775,30,69.5,0.43,35.67
"480","23-11-2020 10:00",84,127.5,2,47.05,31,65.75,0.44,37.38
"481","23-11-2020 11:00",64.5,103,2,44.575,31.75,77,0.41,39.12
"482","23-11-2020 12:00",57,94.5,2,38.175,25.5,73,0.35,31.6
"483","23-11-2020 13:00",53,89,2,33.73,26.5,62.25,0.33,30.02
"484","23-11-2020 14:00",46.5,83.5,2,26.07,25.25,61.5,0.29,27.33
"485","23-11-2020 15:00",42,78.5,1.5,26.67,25.75,48,0.24,25.02
"486","23-11-2020 16:00",44.5,82,2,35.505,25,48,0.23,25.1
"487","23-11-2020 17:00",49,89,2,45.77,24,46.75,0.24,23.68
"488","23-11-2020 18:00",51,98,1.5,49.31,22.5,45.75,0.27,24.25
"489","23-11-2020 19:00",60,110,2,51.06,25.75,60.5,0.33,27.48
"490","23-11-2020 20:00",67.5,118,2,50.81,21,74.25,0.29,30.48
"491","23-11-2020 21:00",73,124,2.5,51.335,17.25,55.5,0.25,30
"492","23-11-2020 22:00",70,119.5,2.5,50.805,15.25,49.5,0.25,30.5
"493","23-11-2020 23:00",73,123,2,51.915,17.25,52,0.24,29.73
"494","24-11-2020 00:00",70,120,2,50.22,21.75,72.25,0.24,30.5
"495","24-11-2020 01:00",67.5,114.5,2,48.54,24.75,76,0.24,31.25
"496","24-11-2020 02:00",62,107.5,2,47.375,25.75,89.75,0.23,29.75
"497","24-11-2020 03:00",68,113,2.5,48.72,22.25,77.25,0.11,29.05
"498","24-11-2020 04:00",64.5,109,2,47.47,26,92.25,0.22,41.2
"499","24-11-2020 05:00",67.5,113.5,2,49.315,40.25,138.75,0.38,47.55
"500","24-11-2020 06:00",69,114,2,49.915,57,156.25,0.74,62.1
"501","24-11-2020 07:00",72.5,115.5,2,49.59,66.5,175,1.53,85.38
"502","24-11-2020 08:00",73,118,2,47.91,84.5,176.25,1.57,88.82
"503","24-11-2020 09:00",63,109,2,46.675,74.5,168.25,1.21,76.95
"504","24-11-2020 10:00",55,95,2,46.605,55.75,129.5,1.01,75.05
"505","24-11-2020 11:00",52,93,2,46.315,48.25,118.25,1.01,72.03
"506","24-11-2020 12:00",51,92,2,44.095,48,118.5,1.06,74.15
"507","24-11-2020 13:00",45.5,84,2,39.355,53.75,127.5,0.99,68.28
"508","24-11-2020 14:00",41,80,2,30.735,54.75,128.75,0.77,58.67
"509","24-11-2020 15:00",40,79,1,29.55,57.25,111.5,0.65,46.28
"510","24-11-2020 16:00",42.5,84,2,42.675,48.25,90.5,0.58,44.9
"511","24-11-2020 17:00",40.5,83.5,2,45.41,46.25,92.25,0.54,44.95
"512","24-11-2020 18:00",49.5,97.5,2,48.28,53.75,102.25,0.77,48.5
"513","24-11-2020 19:00",58,109.5,2,50.88,66.75,139.25,0.5,39.35
"514","24-11-2020 20:00",64,117,2,50.805,44.5,85,0.45,35.7
"515","24-11-2020 21:00",68,119,2,51.05,45.75,85.5,0.45,36.03
"516","24-11-2020 22:00",69.5,117.5,2,50.75,55.25,96.75,0.4,35.3
"517","24-11-2020 23:00",69,117.5,2,49.895,56.75,99.25,0.46,30.3
"518","25-11-2020 00:00",65.5,114.5,2,50.435,47.5,97,0.43,29.88
"519","25-11-2020 01:00",58.5,106.5,2,49.535,40.25,86.25,0.36,29.58
"520","25-11-2020 02:00",61,109.5,2,47.235,42.75,81,0.38,28.12
"521","25-11-2020 03:00",61.5,106,2,46.86,47.75,83.5,0.46,28.75
"522","25-11-2020 04:00",59.5,102,2.5,45.98,48.5,94.75,0.57,34
"523","25-11-2020 05:00",55,96.5,2,44.24,56.5,116.75,0.75,41.8
"524","25-11-2020 06:00",58.5,100.5,2,46.955,66,146.75,0.82,45.7
"525","25-11-2020 07:00",60.5,104,2,46.99,64.5,137,0.7,39.45
"526","25-11-2020 08:00",68.5,115,2,45.015,72.5,131,0.66,36.45
"527","25-11-2020 09:00",70,115.5,2,46.44,81.25,136.75,0.64,33.4
"528","25-11-2020 10:00",59.5,101,2,47.95,74,125.25,0.59,35.73
"529","25-11-2020 11:00",55,94,2,45.015,71,118.5,0.41,38.05
"530","25-11-2020 12:00",49.5,88.5,2,42.24,75.75,112.5,0.38,31.18
"531","25-11-2020 13:00",45,82.5,2,41.4,61.25,104,0.3,28.68
"532","25-11-2020 14:00",40,76,2,42.83,56.25,89.75,0.27,26.57
"533","25-11-2020 15:00",33,62,2,44.32,55.5,81.5,0.27,27.17
"534","25-11-2020 16:00",28.5,54.5,1,45.175,52.25,78.5,0.26,30.9
"535","25-11-2020 17:00",31.5,64.5,2,48.46,58.5,86.5,0.33,36.67
"536","25-11-2020 18:00",37.5,73,2,48.86,66,101.25,0.42,39.8
"537","25-11-2020 19:00",44.5,83,2,50.025,69,121,0.56,42.8
"538","25-11-2020 20:00",52.5,92.5,2,50.52,77,141.25,0.57,39.6
"539","25-11-2020 21:00",56.5,95.5,2,50.65,68.75,130,0.55,34.02
"540","25-11-2020 22:00",55,91.5,2,50.14,52.5,101,0.47,36.05
"541","25-11-2020 23:00",53,89.5,2.5,49.675,50,97,0.43,30.98
"542","26-11-2020 00:00",55,93,2,50.06,46.25,100.25,0.36,29.62
"543","26-11-2020 01:00",56,94.5,2,49.545,42.5,91,0.3,28.3
"544","26-11-2020 02:00",55,92.5,2,48.005,37.75,86.75,0.3,30
"545","26-11-2020 03:00",62,96,2,47.935,38.75,89,0.32,30.2
"546","26-11-2020 04:00",59.5,93,2,47.855,46.25,114.75,0.49,39.3
"547","26-11-2020 05:00",57.5,91.5,2,46.135,58.25,146.75,0.67,49.33
"548","26-11-2020 06:00",55.5,89,2,45.895,76,174,0.9,58.25
"549","26-11-2020 07:00",57,90.5,2,42.645,79.5,176.5,0.97,64.2
"550","26-11-2020 08:00",63.5,99,2,47.64,72,174,1,67.47
"551","26-11-2020 09:00",47.5,83,2,46.465,72,174.5,0.97,71.47
"552","26-11-2020 10:00",38.5,69.5,2,46.895,75.25,182,0.87,70.92
"553","26-11-2020 11:00",37.5,70,2,45.14,82.75,166,0.62,57.77
"554","26-11-2020 12:00",34,63.5,2,45.535,73.5,139.25,0.47,47.02
"555","26-11-2020 13:00",22.5,46.5,2,44.555,65.5,125.75,0.43,46.67
"556","26-11-2020 14:00",19.5,38,1.5,45.41,64.25,131.75,0.38,43.4
"557","26-11-2020 15:00",22.5,43,1.5,46.83,63.25,118.75,0.45,49.48
"558","26-11-2020 16:00",31,61.5,2,48.425,58.25,125.75,0.44,56.38
"559","26-11-2020 17:00",30,61,2,49.19,61,121.75,0.47,53.95
"560","26-11-2020 18:00",32.5,64.5,2,49.93,69.25,127,0.55,48.95
"561","26-11-2020 19:00",44.5,83,2,50.42,72,140,0.5,44.58
"562","26-11-2020 20:00",51.5,89.5,2,50.555,57,119.25,0.5,40
"563","26-11-2020 21:00",61.5,100.5,2,49.795,46.75,102.5,0.46,37.77
"564","26-11-2020 22:00",62,97.5,2,48.33,43.75,106,0.43,38.65
"565","26-11-2020 23:00",76,112,2.5,48.18,45,110.75,0.4,16.62
"566","27-11-2020 00:00",73.5,107,2,48.045,41.5,104.5,0.4,20.92
"567","27-11-2020 01:00",84.5,116.5,2,48.11,40.25,95.5,0.39,27.6
"568","27-11-2020 02:00",89.5,121,2,48.36,40.5,94.5,0.39,22.7
"569","27-11-2020 03:00",95.5,129,2,45.355,40.25,105.5,0.28,23.27
"570","27-11-2020 04:00",85.5,114.5,2,46.275,44.75,118.25,0.45,31.15
"571","27-11-2020 05:00",78,108,2,44.615,51.75,155.25,0.61,41.82
"572","27-11-2020 06:00",45.5,73.5,2,43.265,67.5,170.75,0.76,49.02
"573","27-11-2020 07:00",29,48.5,2,42.845,75.25,183.75,0.95,58.48
"574","27-11-2020 08:00",61,94,2,44.505,84.25,167.25,0.93,59.7
"575","27-11-2020 09:00",56.5,91,2,44.865,79.5,155.5,0.91,54.83
"576","27-11-2020 10:00",49,84,2,48.04,72.5,151.5,0.85,59.67
"577","27-11-2020 11:00",53.5,89.5,2,46.475,69.75,141,0.71,55.62
"578","27-11-2020 12:00",46,81.5,2,46.88,59.5,131.75,0.54,46.75
"579","27-11-2020 13:00",48.5,86,2,45.09,64.5,125.75,0.5,42.92
"580","27-11-2020 14:00",53.5,86.5,2,47.46,56.25,106.75,0.44,35.83
"581","27-11-2020 15:00",33.5,61,2,47.305,51.5,98.25,0.36,32.25
"582","27-11-2020 16:00",56,90.5,2,46.845,46,101.25,0.37,34.52
"583","27-11-2020 17:00",75,107.5,2,43.825,54,101.75,0.42,33.97
"584","27-11-2020 18:00",92.5,131.5,2,47.22,62,116.75,0.48,34.45
"585","27-11-2020 19:00",103.5,157,2,47.69,68,137.75,0.52,39.53
"586","27-11-2020 20:00",112,179.5,2,46.45,65.75,135.75,0.47,38.03
"587","27-11-2020 21:00",101.5,149.5,2,45.01,56.75,119.5,0.52,36.73
"588","27-11-2020 22:00",94,133,2,44.39,47.5,109.5,0.45,33.85
"589","27-11-2020 23:00",98.5,148.5,2,44.825,38.5,104,0.42,29.38
"590","28-11-2020 00:00",99.5,146,2,45.415,33.75,82.5,0.39,30.55
"591","28-11-2020 01:00",94.5,135,2,44.875,33,80,0.41,32.27
"592","28-11-2020 02:00",100,154.5,2,45.02,31.25,74.5,0.38,30.98
"593","28-11-2020 03:00",109,190.5,2,44.74,26.25,69.25,0.44,24.68
"594","28-11-2020 04:00",103.5,169.5,2,44.3,29,75,0.51,29.48
"595","28-11-2020 05:00",100,163,2,42.975,35.25,73.75,0.6,32.58
"596","28-11-2020 06:00",97,162,2,43.035,40,84.25,0.75,38.5
"597","28-11-2020 07:00",89.5,140,2,44.19,51.5,99.25,0.71,42.67
"598","28-11-2020 08:00",81.5,122,2,42.09,48.75,94,0.7,38.48
"599","28-11-2020 09:00",88.5,129,2.5,42.95,43.25,83.25,0.62,33.88
"600","28-11-2020 10:00",61.5,92,2,45.055,39.5,80.25,0.57,36.58
"601","28-11-2020 11:00",51.5,83,2,42.445,43.75,88,0.48,37.85
"602","28-11-2020 12:00",45.5,75.5,2,42.53,44,89.5,0.43,32.78
"603","28-11-2020 13:00",49.5,80.5,2,44.76,47.25,81.5,0.41,29.38
"604","28-11-2020 14:00",48.5,78,2,42.85,44.5,65.75,0.37,26.82
"605","28-11-2020 15:00",45.5,72.5,2,43.425,35.5,52,0.38,26.57
"606","28-11-2020 16:00",42.5,70,2,45.155,38.25,57.75,0.36,27
"607","28-11-2020 17:00",41.5,69,2,46.68,34.25,57,0.38,26.35
"608","28-11-2020 18:00",50,84,2,49.795,39.5,59.75,0.44,27.05
"609","28-11-2020 19:00",53,89.5,2,50.67,41.5,64.5,0.39,28.1
"610","28-11-2020 20:00",59,96,2,50.655,33.25,55.75,0.41,27.45
"611","28-11-2020 21:00",65.5,102.5,2,49.345,30,63.75,0.41,24.2
"612","28-11-2020 22:00",64,99.5,2,47.735,26.75,71,0.33,21.25
"613","28-11-2020 23:00",70.5,107.5,2,47,22.75,66.75,0.42,20.73
"614","29-11-2020 00:00",71,108.5,2,47.405,14.75,59.25,0.39,21.07
"615","29-11-2020 01:00",72,109,2,46.54,20.75,48.5,0.39,21.6
"616","29-11-2020 02:00",74.5,111.5,2,45.675,23.75,53.75,0.41,22.53
"617","29-11-2020 03:00",63,95.5,2,45.13,25.5,64.5,0.36,22.88
"618","29-11-2020 04:00",59.5,94,2,46.715,24,61,0.37,25.9
"619","29-11-2020 05:00",65.5,103,2,46.845,26,60.75,0.54,35.53
"620","29-11-2020 06:00",68.5,107,2,46.355,34.5,78.75,0.59,39.62
"621","29-11-2020 07:00",74,116.5,2,40.385,44.75,86,0.65,35.4
"622","29-11-2020 08:00",79.5,120,2,43,52,97.25,0.56,30.1
"623","29-11-2020 09:00",59.5,95,2,44.445,51.75,90,0.58,29.75
"624","29-11-2020 10:00",46.5,79,2.5,42.04,58.25,97,0.56,34.1
"625","29-11-2020 11:00",37.5,65,2,37.16,54.25,83.25,0.42,31.55
"626","29-11-2020 12:00",33.5,56.5,2,34.145,60.25,88.75,0.42,30.35
"627","29-11-2020 13:00",29,51,2,28.08,64.5,90.25,0.42,26.32
"628","29-11-2020 14:00",27.5,49.5,1,39.755,53.25,75.5,0.4,22.7
"629","29-11-2020 15:00",23,42.5,1,38.25,41,64,0.42,23.18
"630","29-11-2020 16:00",27.5,53.5,1,38.925,34.25,54.75,0.29,21.67
"631","29-11-2020 17:00",30.5,57.5,2,47.39,22,32.75,0.25,20.1
"632","29-11-2020 18:00",33,62.5,2,48.25,22.25,31.25,0.34,25.17
"633","29-11-2020 19:00",41.5,78,1.5,50.275,32.25,57.75,0.36,28.65
"634","29-11-2020 20:00",52,90.5,2,51.195,33,59.75,0.39,28.33
"635","29-11-2020 21:00",60,97.5,2,50.96,33.75,55.5,0.44,27.27
"636","29-11-2020 22:00",58.5,95.5,2,49.805,35.25,71.75,0.32,26.6
"637","29-11-2020 23:00",49.5,86.5,2,48.4,32.5,70.75,0.36,27.02
"638","30-11-2020 00:00",46.5,84,2,48.955,30.25,62.25,0.38,27.3
"639","30-11-2020 01:00",45.5,82,2.5,46.345,27.75,40.75,0.33,26.15
"640","30-11-2020 02:00",41,78,2,46.335,29.25,51.25,0.39,27.62
"641","30-11-2020 03:00",38.5,77,2,46.66,40,69,0.36,26.05
"642","30-11-2020 04:00",40.5,78.5,2,47.38,51.75,76,0.42,29.67
"643","30-11-2020 05:00",41.5,78,2,45.8,51.5,80,0.47,31.2
"644","30-11-2020 06:00",44,82.5,2,46.26,46.25,72.75,0.5,30.25
"645","30-11-2020 07:00",47.5,87,2,45.885,55.75,72.75,0.61,27.17
"646","30-11-2020 08:00",52,91.5,2,45.92,51.75,73.5,0.57,24.25
"647","30-11-2020 09:00",46.5,85,2,43.33,42.75,68.75,0.54,25.32
"648","30-11-2020 10:00",48.5,89,2,32.12,44.25,67.75,0.52,27.57
"649","30-11-2020 11:00",45.5,84.5,2,38.62,41.5,65.75,0.28,26.5
"650","30-11-2020 12:00",48,87,2,46.305,41,59.75,0.28,25.5
"651","30-11-2020 13:00",45,81.5,2,44.225,42.75,54.5,0.29,27.3
"652","30-11-2020 14:00",47.5,82.5,2,35.02,39.5,57.5,0.27,23.4
"653","30-11-2020 15:00",47.5,84,1.5,39.49,40,52.75,0.36,24.02
"654","30-11-2020 16:00",47,85.5,1.5,46.86,35.25,49.75,0.34,24.7
"655","30-11-2020 17:00",46.5,87,2,48.925,29.5,42.25,0.38,26.43
"656","30-11-2020 18:00",49.5,89.5,2,49.39,26,39.75,0.38,24.23
"657","30-11-2020 19:00",51.5,89.5,2,49.525,22,41,0.4,29.1
"658","30-11-2020 20:00",62.5,117,2,51.705,27,46.75,0.44,30.38
"659","30-11-2020 21:00",83.5,142.5,2,52.935,23.5,46,0.47,27.77
"660","30-11-2020 22:00",94.5,156,2.5,52.2,20.75,44.5,0.38,24.45
"661","30-11-2020 23:00",86,129.5,2.5,51.89,17.75,42,0.39,22.6
"662","01-12-2020 00:00",86.5,128.5,2,50.4,19.75,48,0.39,25.07
"663","01-12-2020 01:00",89.5,129.5,2,48.275,18.5,47,0.38,25.92
"664","01-12-2020 02:00",91.5,130,2,47.07,17.75,43.5,0.36,25.27
"665","01-12-2020 03:00",95,141,2,48.38,20,44.75,0.42,28.05
"666","01-12-2020 04:00",103,163,2,48.325,19.75,56,0.52,33.58
"667","01-12-2020 05:00",116,193,2.5,47.065,22.75,66.5,0.61,40
"668","01-12-2020 06:00",124,204.5,2,47.21,34,73.25,0.66,40.75
"669","01-12-2020 07:00",126.5,206.5,2,47.105,34.25,83.5,0.73,47.38
"670","01-12-2020 08:00",117,186.5,2,46.32,33,88.25,0.65,39.73
"671","01-12-2020 09:00",94,135,2,44.74,28.75,71,0.67,42.95
"672","01-12-2020 10:00",87.5,125,2,46.215,33.75,72,0.65,43.55
"673","01-12-2020 11:00",58.5,95,2,39.11,33.25,75.25,0.6,40.65
"674","01-12-2020 12:00",51.5,88,2,31.775,32.5,73.5,0.47,36.25
"675","01-12-2020 13:00",46.5,82.5,1,35.59,25,59,0.37,26.85
"676","01-12-2020 14:00",36.5,70,2,29.925,17.25,37.5,0.33,23.75
"677","01-12-2020 15:00",40,75,2,31.195,21.25,37,0.3,22.62
"678","01-12-2020 16:00",38.5,72,1.5,35.38,21.75,43.25,0.3,21.65
"679","01-12-2020 17:00",37.5,73.5,1.5,43.295,21.75,54,0.33,23.95
"680","01-12-2020 18:00",42.5,83,2,49.665,26.5,59.75,0.41,27.6
"681","01-12-2020 19:00",52.5,94.5,2,52,32.25,67,0.5,27.15
"682","01-12-2020 20:00",63,103,2,51.875,27.25,62,0.48,25.65
"683","01-12-2020 21:00",66.5,106.5,2,50.9,26.75,54.75,0.42,23.3
"684","01-12-2020 22:00",72,112.5,2,50.115,23,50.25,0.39,23.15
"685","01-12-2020 23:00",85,126.5,2,49.14,21,45.75,0.42,24.25
"686","02-12-2020 00:00",88.5,129,2,49.055,15.25,41.25,0.41,25.05
"687","02-12-2020 01:00",90.5,131.5,2,47.93,15.5,46.5,0.4,25.45
"688","02-12-2020 02:00",100,146,2,47.135,15.25,46,0.43,27.68
"689","02-12-2020 03:00",99,140,2,46.735,20.25,56.25,0.42,30.9
"690","02-12-2020 04:00",97,135,2,45.375,23.75,53,0.46,32.05
"691","02-12-2020 05:00",98.5,139,2,44.135,24,60.75,0.63,41.05
"692","02-12-2020 06:00",109,164.5,2,44.875,29.75,74.5,0.98,53.52
"693","02-12-2020 07:00",118,185,2,45.195,39.5,102,1.2,54.45
"694","02-12-2020 08:00",143.5,242,2,46.4,43,104.25,0.97,41.12
"695","02-12-2020 09:00",116.5,194.5,2,48.415,36.25,88.25,0.65,32.83
"696","02-12-2020 10:00",44.5,85.5,2,42.635,26.25,71.25,0.54,31.55
"697","02-12-2020 11:00",39.5,81.5,2,42.98,29.5,61.5,0.48,30.4
"698","02-12-2020 12:00",35.5,74,2,38.83,26,55.5,0.48,33.6
"699","02-12-2020 13:00",31.5,66.5,2,34.98,21.75,51.5,0.47,37
"700","02-12-2020 14:00",36,72.5,1.5,30.86,27.5,53,0.46,41.25
"701","02-12-2020 15:00",36.5,71.5,1.5,30.5,27.5,52.5,0.42,34.25
"702","02-12-2020 16:00",37.5,76,2,38.135,22.25,52.75,0.44,34.8
"703","02-12-2020 17:00",38.5,81,1.5,43.585,21.5,64.5,0.58,41.77
"704","02-12-2020 18:00",46.5,95,2,48.77,29.75,87.75,0.78,49.95
"705","02-12-2020 19:00",56.5,106.5,2,51.295,39,92.5,0.41,34.6
"706","02-12-2020 20:00",63,114.5,1.5,51.04,34.25,74.25,0.4,31.4
"707","02-12-2020 21:00",71.5,120,2,51.24,36.25,76.25,0.41,29.73
"708","02-12-2020 22:00",77,124.5,2,50.88,31.75,74.25,0.41,29.4
"709","02-12-2020 23:00",86.5,127.5,2,50.295,33,81.5,0.48,25.7
"710","03-12-2020 00:00",77,115.5,2,49.22,30,75.25,0.47,30
"711","03-12-2020 01:00",72,108.5,2,49.345,31,79,0.47,29.05
"712","03-12-2020 02:00",79.5,114.5,2,49.235,34.75,79.75,0.48,29.23
"713","03-12-2020 03:00",85.5,117.5,2,49.05,37.25,82,0.44,28.75
"714","03-12-2020 04:00",89,119,2,48.25,35.75,81.5,0.48,27.18
"715","03-12-2020 05:00",94,127,2,46.74,31,80.25,0.53,31.12
"716","03-12-2020 06:00",99.5,134,2,46.41,49,104,1.25,76.92
"717","03-12-2020 07:00",102.5,140,2,45.98,83.5,172.75,1.9,92.8
"718","03-12-2020 08:00",130,214,2,47.93,80.25,176,2,91.62
"719","03-12-2020 09:00",121.5,204,2,48.715,84.5,187,1.8,83.92
"720","03-12-2020 10:00",91,140,2,47.725,86,184,1.6,81.12
"721","03-12-2020 11:00",70,111,2,47.905,84.25,166.5,1.3,62.1
"722","03-12-2020 12:00",51.5,91.5,2,44.385,77.5,147.75,1.14,52
"723","03-12-2020 13:00",42,79.5,2,42.915,73.75,144,1.28,65.12
"724","03-12-2020 14:00",48,85,2,43.09,78.75,180.5,1.35,63.98
"725","03-12-2020 15:00",40,72.5,2,39.93,85,183,1.06,64.38
"726","03-12-2020 16:00",42,76.5,2,42.76,79.25,181.5,0.84,56.62
"727","03-12-2020 17:00",38,76,2,47.905,81,163,0.69,48.45
"728","03-12-2020 18:00",46,83,2,51.3,84.5,150.5,0.68,46.72
"729","03-12-2020 19:00",58.5,96,2,53.165,79,146.25,0.53,38.5
"730","03-12-2020 20:00",73.5,113.5,2,54.29,56.75,112,0.47,37.5
"731","03-12-2020 21:00",98,143,2,52.155,49,106,0.37,31.25
"732","03-12-2020 22:00",93.5,131,2,49.64,36,78,0.31,30.55
"733","03-12-2020 23:00",94.5,130.5,2,47.6,31.25,77.25,0.45,28.38
"734","04-12-2020 00:00",85.5,120.5,2,45.825,26,80.5,0.38,27.43
"735","04-12-2020 01:00",93.5,126,2,46.685,28.5,70.25,0.36,26.95
"736","04-12-2020 02:00",94,125,2,46.005,34.25,70.75,0.33,26.55
"737","04-12-2020 03:00",96,126,2,45.58,29,71.25,0.28,26.18
"738","04-12-2020 04:00",100,130,2,46.09,31.25,77.5,0.37,31.67
"739","04-12-2020 05:00",98,129,2,44.5,40.75,91.25,0.6,42.68
"740","04-12-2020 06:00",99.5,131.5,2,43.64,50.5,110.5,0.79,48.6
"741","04-12-2020 07:00",101,135,2,43.5,54.75,112,0.87,52.38
"742","04-12-2020 08:00",102,137.5,2,44.685,57.75,116.5,1.04,57.42
"743","04-12-2020 09:00",96,141.5,2,44.645,71.5,135,1.19,68.9
"744","04-12-2020 10:00",80,124.5,2,47.34,76.75,149.25,1.15,68.45
"745","04-12-2020 11:00",65,104.5,2,46.05,73.25,147.5,1.11,61.48
"746","04-12-2020 12:00",47,83.5,2,45.555,81.75,147.5,0.94,55.73
"747","04-12-2020 13:00",42,77,2,43.635,75,135.5,0.74,45.7
"748","04-12-2020 14:00",37,69.5,2,42.825,64.75,110,0.64,40.95
"749","04-12-2020 15:00",33.5,62.5,2,38.68,60.5,102.5,0.59,37.02
"750","04-12-2020 16:00",31.5,58.5,2,40.155,63.25,114,0.76,39.85
"751","04-12-2020 17:00",31.5,59.5,1.5,43.21,76.75,140.25,0.85,39.45
"752","04-12-2020 18:00",37,73.5,2,49.69,77.25,163,1.17,51.98
"753","04-12-2020 19:00",45,85.5,2,51.64,73.75,184.5,1.21,69.67
"754","04-12-2020 20:00",55.5,96,2,52.965,68.75,162.75,0.65,42.58
"755","04-12-2020 21:00",70,113.5,2,51.95,37.25,90.5,0.46,34.98
"756","04-12-2020 22:00",81.5,124.5,2,50.7,34.75,81.25,0.34,32.2
"757","04-12-2020 23:00",78.5,119.5,3,51.555,33.25,76.25,0.3,28.92
"758","05-12-2020 00:00",68.5,109,2,50.07,32.75,77.25,0.27,31.05
"759","05-12-2020 01:00",71.5,114,2,49.61,40.5,79.5,0.25,30.85
"760","05-12-2020 02:00",73,111.5,2,48.595,46.25,85.5,0.25,29.5
"761","05-12-2020 03:00",79,113.5,2,48.03,41.75,94.5,0.32,27.85
"762","05-12-2020 04:00",86,119,2,48.48,46.25,115,0.43,34.98
"763","05-12-2020 05:00",93,127.5,2,45.84,58.5,145.25,0.61,42.3
"764","05-12-2020 06:00",94.5,127.5,2,46.305,77.5,173.75,0.71,44.97
"765","05-12-2020 07:00",93.5,123,2,46.41,85.25,178,0.77,49.6
"766","05-12-2020 08:00",95,130,2,46.83,83.75,184.75,0.72,49.4
"767","05-12-2020 09:00",81.5,116.5,2,44.94,77.5,186.5,0.76,54.23
"768","05-12-2020 10:00",55.5,92,2,44.78,80.25,176.25,0.58,49.85
"769","05-12-2020 11:00",46,83.5,2,39.065,80,141.5,0.33,42.05
"770","05-12-2020 12:00",41,79.5,2,31.275,69.5,117.25,0.32,39.8
"771","05-12-2020 13:00",38,75,2,31,72.5,119.25,0.29,41.9
"772","05-12-2020 14:00",37.5,73,2,30.8,68.5,113.5,0.3,38.5
"773","05-12-2020 15:00",34,69.5,2,39.745,71,115,0.38,39.9
"774","05-12-2020 16:00",29.5,60.5,1.5,38.285,74.5,124.25,0.4,39.52
"775","05-12-2020 17:00",32.5,70.5,1,48.05,76.25,126.25,0.43,43
"776","05-12-2020 18:00",39.5,85.5,1,50.67,79,144,0.84,65.32
"777","05-12-2020 19:00",48.5,98,2,53.725,85.25,182,1.1,77.77
"778","05-12-2020 20:00",54.5,107,2,53.465,85.25,174.5,0.96,58.15
"779","05-12-2020 21:00",65.5,116.5,2,54.045,78.25,174.25,0.79,47.62
"780","05-12-2020 22:00",78,126.5,2,53.07,61.25,126,0.69,46.2
"781","05-12-2020 23:00",72,117.5,2,50.49,47,101.25,0.58,39.77
"782","06-12-2020 00:00",68.5,112.5,2,50.375,32.75,91.5,0.52,30.88
"783","06-12-2020 01:00",60.5,101.5,2,49.255,42,90.75,0.5,32.4
"784","07-12-2020 12:00",52,87.5,2,45.31,35.5,75,0.45,30.2
"785","07-12-2020 13:00",38,68,2,20.785,36.25,72.75,0.48,32.08
"786","07-12-2020 14:00",39.5,69,1.5,25.255,41,69.75,0.67,41.3
"787","07-12-2020 15:00",31.5,53.5,2,23.335,40,89.5,0.94,56.73
"788","07-12-2020 16:00",31.5,58,1.5,32.46,59.25,126,1.5,80.58
"789","07-12-2020 17:00",35,64,1,38.15,72.75,164.75,1.68,86.18
