,timestamp,pm25_air,pm10_air,PM2.5,PM10,co_air,no2_air,NO2,CO,Ozone,Temp,RH
1,01-11-2020 01:00,79.5,123,74.75,168.5,2,50.405,39.92,0.53,61.38,29.4,62.5
2,01-11-2020 02:00,79.5,119,76.75,151.5,2,49.66,37.65,0.48,57.85,29.42,65
3,01-11-2020 03:00,82,120,67.5,132.25,2,49.335,36.92,0.46,52.95,29.47,67.5
4,01-11-2020 04:00,81.5,123.5,69.5,137.75,2,46.32,36.98,0.45,52.25,29.8,68
5,01-11-2020 05:00,87,124.5,72,147.25,2,44.875,35.65,0.56,42.98,29.38,72.25
6,01-11-2020 06:00,98,141,75,143.5,2,45.54,41.77,0.63,25.67,29.3,73
7,01-11-2020 07:00,110,182,77.25,176.75,2,47.5,44.62,0.73,25.58,29.3,73
8,01-11-2020 08:00,96,155.5,84.75,183.25,2,46.775,47,0.72,50.42,29.25,63.5
9,01-11-2020 09:00,91,139.5,83.25,184.5,2,48.195,44.97,0.66,71.1,29.25,57
10,01-11-2020 10:00,82,127.5,72,178,2,45.12,40.32,0.68,87.9,29.45,51.75
11,01-11-2020 11:00,70,109.5,69.75,172.25,2,41.94,34.4,0.55,89.62,29.95,49
12,01-11-2020 12:00,64,103,62,142.75,2,38.065,35.2,0.52,88.1,30,47
13,01-11-2020 13:00,59.5,97,56.5,127.5,1.5,34.755,31.65,0.5,87.55,29.95,45.25
14,01-11-2020 14:00,61,99,51.5,116.5,2,31.765,33.42,0.47,93.85,29.62,44.25
15,01-11-2020 15:00,60,97.5,57.5,130.5,2,32.095,33.05,0.47,95.32,29.67,44.25
16,01-11-2020 16:00,59,97,54,123,1.5,37.31,30.3,0.45,95.1,29.67,44.75
17,01-11-2020 17:00,61,99,57.5,125.5,2,42.57,30.08,0.48,98.5,29.67,45.75
18,01-11-2020 18:00,64,107,60.75,137.75,2,45.795,33.02,0.55,92.9,29.62,47.5
19,01-11-2020 19:00,69.5,115,67.25,155.5,2,48.47,37.77,0.65,80.92,29.48,50
20,01-11-2020 20:00,79.5,125.5,73.75,167.5,2,47.88,43.25,0.83,79.52,29.42,51.5
21,01-11-2020 21:00,84,130.5,80,172.75,2,48,44.5,0.86,78.85,29.4,54
22,01-11-2020 22:00,83.5,129,74.5,178,2,50.905,42.48,0.8,77.95,29.35,55.25
23,01-11-2020 23:00,84,128,78,185.25,2,51.805,40.08,0.76,75.28,29.3,57.25
24,01-12-2020 00:00,86.5,128.5,86,184,2,50.4,81.12,1.6,1.58,29.33,78
25,01-12-2020 01:00,89.5,129.5,84.25,166.5,2,48.275,62.1,1.3,10.12,29.3,79
26,01-12-2020 02:00,91.5,130,77.5,147.75,2,47.07,52,1.14,6.55,29.4,81.25
27,01-12-2020 03:00,95,141,73.75,144,2,48.38,65.12,1.28,0.4,29.4,83
28,01-12-2020 04:00,103,163,78.75,180.5,2,48.325,63.98,1.35,1.05,29.57,83.25
29,01-12-2020 05:00,116,193,85,183,2.5,47.065,64.38,1.06,0.95,29.3,84.25
30,01-12-2020 06:00,124,204.5,79.25,181.5,2,47.21,56.62,0.84,1.55,29.35,84
31,01-12-2020 07:00,126.5,206.5,81,163,2,47.105,48.45,0.69,2.97,29.35,85.25
32,01-12-2020 08:00,117,186.5,84.5,150.5,2,46.32,46.72,0.68,10.35,29.4,83
33,01-12-2020 09:00,94,135,79,146.25,2,44.74,38.5,0.53,44.32,29.38,73.25
34,01-12-2020 10:00,87.5,125,56.75,112,2,46.215,37.5,0.47,68.7,29.33,66.5
35,01-12-2020 11:00,58.5,95,49,106,2,39.11,31.25,0.37,82.03,29.6,59.75
36,01-12-2020 12:00,51.5,88,36,78,2,31.775,30.55,0.31,87.2,29.68,55.25
37,01-12-2020 13:00,46.5,82.5,31.25,77.25,1,35.59,28.38,0.45,89.8,29.57,51.25
38,01-12-2020 14:00,36.5,70,26,80.5,2,29.925,27.43,0.38,85.42,29.17,47.5
39,01-12-2020 15:00,40,75,28.5,70.25,2,31.195,26.95,0.36,93.3,29.25,46.75
40,01-12-2020 16:00,38.5,72,34.25,70.75,1.5,35.38,26.55,0.33,102.75,29.25,46.5
41,01-12-2020 17:00,37.5,73.5,29,71.25,1.5,43.295,26.18,0.28,99.9,29.15,47.25
42,01-12-2020 18:00,42.5,83,31.25,77.5,2,49.665,31.67,0.37,76,29.23,54.5
43,01-12-2020 19:00,52.5,94.5,40.75,91.25,2,52,42.68,0.6,53.35,29.3,63.5
44,01-12-2020 20:00,63,103,50.5,110.5,2,51.875,48.6,0.79,47.88,29.35,66.75
45,01-12-2020 21:00,66.5,106.5,54.75,112,2,50.9,52.38,0.87,36.97,29.3,68.5
46,01-12-2020 22:00,72,112.5,57.75,116.5,2,50.115,57.42,1.04,24.55,29.5,71.75
47,01-12-2020 23:00,85,126.5,71.5,135,2,49.14,68.9,1.19,10.68,29.5,73.75
48,02-11-2020 00:00,84,127,83.75,177.25,2,51.8,41.25,0.7,74.53,29.38,58.75
49,02-11-2020 01:00,84.5,126,80.75,165.25,2,50.105,38.32,0.65,69.3,29.38,61.5
50,02-11-2020 02:00,89.5,130,75.5,153.75,2,49.73,39.85,0.63,49.95,29.33,69.25
51,02-11-2020 03:00,99,155,81.75,160.75,2,49.555,44.6,0.67,53.3,29.38,69.5
52,02-11-2020 04:00,121,209.5,85.25,181.75,2,48.075,56.33,0.73,12,29.73,75
53,02-11-2020 05:00,122.5,208.5,81.5,174.25,2,46.1,53.6,0.64,6.05,29.4,80.5
54,02-11-2020 06:00,124,204.5,84.75,176,2,43.87,45.05,0.62,5.78,29.3,82.75
55,02-11-2020 07:00,124.5,203,79.25,184.25,2,44.705,49.52,0.7,6.03,29.3,81.25
56,02-11-2020 08:00,122,189,75.25,176.5,2,47.2,51.5,0.81,19.43,29.33,74.25
57,02-11-2020 09:00,108.5,163.5,77.25,184.5,2,45.9,46.35,0.71,55.35,29.33,63.5
58,02-11-2020 10:00,93.5,145,73.75,179.5,2,47.275,48.5,0.71,79.15,29.5,55.25
59,02-11-2020 11:00,82,119,77.75,185.25,2,45.13,41.08,0.54,89.82,29.9,50.25
60,02-11-2020 12:00,71.5,109.5,72.75,173.75,1.5,39.23,40.2,0.44,97.33,30.12,47.5
61,02-11-2020 13:00,68.5,101.5,69.75,149.75,1.5,31.15,33,0.53,98.2,30.07,45.5
62,02-11-2020 14:00,56.5,91.5,67.75,127,1,31.785,31.27,0.42,88.12,29.8,44.25
63,02-11-2020 15:00,51.5,86,55,104.25,2.5,32.585,31.23,0.37,75.25,29.85,45
64,02-11-2020 16:00,54,89,56.75,102.5,1.5,35.84,30.2,0.39,78.82,29.92,49.25
65,02-11-2020 17:00,55,90.5,61.75,116,2,41.265,26.48,0.53,82.55,29.68,50.75
66,02-11-2020 18:00,63,100.5,63.5,131.75,1.5,40.34,30,0.63,81.9,29.52,53.75
67,02-11-2020 19:00,79.5,114.5,74.75,158,2,49.37,38.12,0.77,74.97,29.48,58
68,02-11-2020 20:00,85.5,122.5,84,176.25,2,49,39.73,0.81,78.5,29.38,60.75
69,02-11-2020 21:00,90.5,127,77.75,178.75,2,49.025,40.78,0.69,82.05,29.3,62.5
70,02-11-2020 22:00,102,157.5,78.5,183,2.5,47.425,42.12,0.71,70.62,29.3,63.25
71,02-11-2020 23:00,85,121,82,176.5,2,48.025,39.88,0.66,65.65,29.3,64.5
72,02-12-2020 00:00,88.5,129,76.75,149.25,2,49.055,68.45,1.15,12.27,29.52,75.75
73,02-12-2020 01:00,90.5,131.5,73.25,147.5,2,47.93,61.48,1.11,12.05,29.6,77.25
74,02-12-2020 02:00,100,146,81.75,147.5,2,47.135,55.73,0.94,13.73,29.6,78
75,02-12-2020 03:00,99,140,75,135.5,2,46.735,45.7,0.74,20.4,29.65,79.25
76,02-12-2020 04:00,97,135,64.75,110,2,45.375,40.95,0.64,13.8,29.82,80.75
77,02-12-2020 05:00,98.5,139,60.5,102.5,2,44.135,37.02,0.59,13,29.5,83.25
78,02-12-2020 06:00,109,164.5,63.25,114,2,44.875,39.85,0.76,1.4,29.48,85.25
79,02-12-2020 07:00,118,185,76.75,140.25,2,45.195,39.45,0.85,1.2,29.55,86
80,02-12-2020 08:00,143.5,242,77.25,163,2,46.4,51.98,1.17,3.95,29.48,83.5
81,02-12-2020 09:00,116.5,194.5,73.75,184.5,2,48.415,69.67,1.21,23.4,29.42,70
82,02-12-2020 10:00,44.5,85.5,68.75,162.75,2,42.635,42.58,0.65,65.85,29.45,55.75
83,02-12-2020 11:00,39.5,81.5,37.25,90.5,2,42.98,34.98,0.46,75.78,29.82,51.75
84,02-12-2020 12:00,35.5,74,34.75,81.25,2,38.83,32.2,0.34,75.9,29.9,48.25
85,02-12-2020 13:00,31.5,66.5,33.25,76.25,2,34.98,28.92,0.3,76.47,30.07,45.75
86,02-12-2020 14:00,36,72.5,32.75,77.25,1.5,30.86,31.05,0.27,85.3,29.77,43.75
87,02-12-2020 15:00,36.5,71.5,40.5,79.5,1.5,30.5,30.85,0.25,96.85,29.75,42.75
88,02-12-2020 16:00,37.5,76,46.25,85.5,2,38.135,29.5,0.25,101.47,29.65,42.75
89,02-12-2020 17:00,38.5,81,41.75,94.5,1.5,43.585,27.85,0.32,94.8,29.58,42.75
90,02-12-2020 18:00,46.5,95,46.25,115,2,48.77,34.98,0.43,76.55,29.52,47.5
91,02-12-2020 19:00,56.5,106.5,58.5,145.25,2,51.295,42.3,0.61,75.07,29.45,50.25
92,02-12-2020 20:00,63,114.5,77.5,173.75,1.5,51.04,44.97,0.71,81.7,29.35,50.5
93,02-12-2020 21:00,71.5,120,85.25,178,2,51.24,49.6,0.77,67.85,29.3,52.75
94,02-12-2020 22:00,77,124.5,83.75,184.75,2,50.88,49.4,0.72,62.77,29.3,55
95,02-12-2020 23:00,86.5,127.5,77.5,186.5,2,50.295,54.23,0.76,44.15,29.32,60
96,03-11-2020 00:00,85.5,122.5,80.75,169,2,48.64,43.9,0.62,53.83,29.3,67
97,03-11-2020 01:00,96,142,83.75,178.5,2,49.46,45.53,0.55,43.02,29.2,70
98,03-11-2020 02:00,92,130,78.5,178.25,2,51.12,44.02,0.47,46.95,29.25,71.5
99,03-11-2020 03:00,93.5,129,82.5,167,2,48.46,37.38,0.45,51.05,29.3,72.5
100,03-11-2020 04:00,99.5,136.5,81.25,152.5,2,47.73,35.23,0.48,57.48,29.68,73.5
101,03-11-2020 05:00,99.5,137,80.25,161.25,2,47.98,34.08,0.51,57.15,29.25,72.25
102,03-11-2020 06:00,99.5,139,77.75,157,2,46.795,35.12,0.51,61.52,29.2,69.75
103,03-11-2020 07:00,114,169,85.75,166.25,2,46.06,45.53,0.62,33.82,29.25,75.5
104,03-11-2020 08:00,128.5,197.5,83.5,182.75,2,50.815,50.65,0.71,23.58,29.3,77.25
105,03-11-2020 09:00,117,178.5,77.75,179,2,51.26,43.38,0.65,56.5,29.23,68
106,03-11-2020 10:00,104,156.5,76.75,184,2,46.965,43.08,0.66,80.58,29.35,57.75
107,03-11-2020 11:00,91.5,133,82.75,172.5,2,44.115,39.15,0.59,94.38,29.9,51.75
108,03-11-2020 12:00,86,121,78,174.5,2,41.48,36.55,0.29,89.85,30.35,53
109,03-11-2020 13:00,76,109.5,82.5,168.75,2,38.795,31.27,0.38,85.95,30.35,53
110,03-11-2020 14:00,74,106,78,145.5,2,37.705,25.68,0.35,90.68,30.2,51.75
111,03-11-2020 15:00,75,106.5,77.75,144.25,1.5,33.7,27.43,0.4,81.12,30.12,52
112,03-11-2020 16:00,74.5,106.5,78,155.25,1.5,40.955,32.6,0.36,82.65,29.62,52
113,03-11-2020 17:00,72.5,107,80,158.5,1.5,44.975,33.12,0.54,85.9,29.27,51.5
114,03-11-2020 18:00,79.5,118.5,79,164.75,2,47.515,37.55,0.62,87.08,29.12,52
115,03-11-2020 19:00,89,128.5,82.5,184.5,2,48.775,39.7,0.75,87.15,29.1,51.5
116,03-11-2020 20:00,89,131.5,78,175.25,2,47.135,39.45,0.81,82,29.1,51.5
117,03-11-2020 21:00,89,132,84.25,180,5,47.275,39.08,0.8,77.8,29.18,52.5
118,03-11-2020 22:00,86,127.5,78.75,181,2,49.64,40,0.79,74.1,29.17,52
119,03-11-2020 23:00,82,126,84.75,174.5,2,48.7,38.08,0.72,72.75,29.15,51.75
120,03-12-2020 00:00,77,115.5,80.25,176.25,2,49.22,49.85,0.58,49.08,29.38,61.25
121,03-12-2020 01:00,72,108.5,80,141.5,2,49.345,42.05,0.33,51.25,29.38,64.25
122,03-12-2020 02:00,79.5,114.5,69.5,117.25,2,49.235,39.8,0.32,44.02,29.4,67.5
123,03-12-2020 03:00,85.5,117.5,72.5,119.25,2,49.05,41.9,0.29,31.55,29.42,73
124,03-12-2020 04:00,89,119,68.5,113.5,2,48.25,38.5,0.3,27.5,29.68,75.5
125,03-12-2020 05:00,94,127,71,115,2,46.74,39.9,0.38,14.6,29.42,78
126,03-12-2020 06:00,99.5,134,74.5,124.25,2,46.41,39.52,0.4,11.92,29.42,79.75
127,03-12-2020 07:00,102.5,140,76.25,126.25,2,45.98,43,0.43,10.9,29.45,80
128,03-12-2020 08:00,130,214,79,144,2,47.93,65.32,0.84,4.53,29.4,79.25
129,03-12-2020 09:00,121.5,204,85.25,182,2,48.715,77.77,1.1,28.17,29.42,66.75
130,03-12-2020 10:00,91,140,85.25,174.5,2,47.725,58.15,0.96,60.97,29.5,60
131,03-12-2020 11:00,70,111,78.25,174.25,2,47.905,47.62,0.79,78.8,29.73,54.25
132,03-12-2020 12:00,51.5,91.5,61.25,126,2,44.385,46.2,0.69,77.82,29.8,52.75
133,03-12-2020 13:00,42,79.5,47,101.25,2,42.915,39.77,0.58,79.45,29.82,52.5
134,03-12-2020 14:00,48,85,32.75,91.5,2,43.09,30.88,0.52,107.65,29.52,51.75
135,03-12-2020 15:00,40,72.5,42,90.75,2,39.93,32.4,0.5,99,29.58,50.5
136,03-12-2020 16:00,42,76.5,35.5,75,2,42.76,30.2,0.45,80.18,29.65,52.5
137,03-12-2020 17:00,38,76,36.25,72.75,2,47.905,32.08,0.48,69.58,29.6,54.75
138,03-12-2020 18:00,46,83,41,69.75,2,51.3,41.3,0.67,49.4,29.6,61.75
139,03-12-2020 19:00,58.5,96,40,89.5,2,53.165,56.73,0.94,26.47,29.45,69.5
140,03-12-2020 20:00,73.5,113.5,59.25,126,2,54.29,80.58,1.5,3.43,29.45,72.25
141,03-12-2020 21:00,98,143,72.75,164.75,2,52.155,86.18,1.68,4.33,29.5,72.25
142,03-12-2020 22:00,93.5,131,74.5,174.5,2,49.64,68.6,1.4,14.95,29.48,72.25
143,03-12-2020 23:00,94.5,130.5,73,152,2,47.6,62.35,1.16,18.77,29.5,71.75
144,04-11-2020 00:00,87,130.5,80,172.25,2,48,37.45,0.68,76.12,29.12,54.25
145,04-11-2020 01:00,89,132.5,85.75,169.5,2,48.265,39.95,0.52,66.05,29.23,59.25
146,04-11-2020 02:00,90.5,135.5,84.75,170,2,50.185,42.48,0.51,50.35,29.2,63.5
147,04-11-2020 03:00,93,136,81.5,171.5,2,49.655,46.27,0.54,36.25,29.25,67
148,04-11-2020 04:00,93.5,133.5,76.25,156.75,2,46.345,39.67,0.49,66.45,29.57,61.25
149,04-11-2020 05:00,110.5,174.5,83.25,160.25,2,46.26,44.4,0.57,46.98,29.3,62.25
150,04-11-2020 06:00,121.5,193.5,83.75,181,2,47.815,55.73,0.59,28.7,29.25,64
151,04-11-2020 07:00,121,195,80.5,180.25,2.5,49.885,62.77,0.67,19.8,29.23,66
152,04-11-2020 08:00,120.5,208,74.25,185.5,2,47.965,61.77,0.85,26.83,29.2,65.5
153,04-11-2020 09:00,107.5,178,79.5,180.75,2,48.595,54.67,0.85,51.2,29.2,57.75
154,04-11-2020 10:00,86.5,141,84.75,178.5,2,47.92,49.15,0.78,75.75,29.25,49.75
155,04-11-2020 11:00,58,101,79.25,171,2,44.475,39.25,0.58,74.83,29.77,43.5
156,04-11-2020 12:00,53.5,94,54.75,155.5,2,35.495,34.85,0.47,77.55,29.93,41.5
157,04-11-2020 13:00,53,91,47.5,131.5,2,36.22,30.27,0.48,77.4,29.9,39.75
158,04-11-2020 14:00,52.5,88.5,38.25,115,2,33.41,31.9,0.41,79.97,29.52,40
159,04-11-2020 15:00,55,93.5,43.75,109.5,2,36.37,32.03,0.42,82.55,29.52,40.5
160,04-11-2020 16:00,57,96,48.75,121.25,2,37.88,33.5,0.43,88.67,29.55,41.75
161,04-11-2020 17:00,56.5,98,50.75,128.75,2,41.91,34.75,0.4,94.5,29.52,42.25
162,04-11-2020 18:00,58,105.5,60.25,148.5,2,45.675,43.25,0.48,86.1,29.45,44.5
163,04-11-2020 19:00,60,106,66,172,2,49.89,55.05,0.59,67.72,29.35,47.5
164,04-11-2020 20:00,62.5,111.5,73,168.25,2,49.595,49.53,0.69,64.82,29.38,48.75
165,04-11-2020 21:00,62,111.5,74.5,172,2,49.67,50.27,0.75,62.67,29.3,48.25
166,04-11-2020 22:00,66.5,114,71.25,162.5,2.5,50.545,45.85,0.72,64.88,29.3,48.75
167,04-11-2020 23:00,77,130.5,78,167,2,51.215,49.92,0.8,55.12,29.3,51.75
168,04-12-2020 07:00,101,135,74,121.5,2,43.5,41.4,0.5,16.9,29.45,73.5
169,04-12-2020 08:00,102,137.5,78.25,134.75,2,44.685,44.3,0.58,17.58,29.4,72.75
170,04-12-2020 09:00,96,141.5,82.5,152,2,44.645,46.08,0.78,31.23,29.42,67.25
171,04-12-2020 10:00,80,124.5,83.5,177.75,2,47.34,45.67,0.73,66.12,29.45,56.5
172,04-12-2020 11:00,65,104.5,75.75,159.25,2,46.05,42.6,0.72,72.07,29.77,55
173,04-12-2020 12:00,47,83.5,49.75,107,2,45.555,39.55,0.57,64.25,29.88,55.25
174,04-12-2020 13:00,42,77,28.5,80,2,43.635,31.12,0.31,68.1,29.5,53.25
175,04-12-2020 14:00,37,69.5,31,68.75,2,42.825,32.52,0.27,72.8,29.43,52.75
176,04-12-2020 15:00,33.5,62.5,31.75,61.5,2,38.68,31.4,0.23,70.3,29.38,51.25
177,04-12-2020 16:00,31.5,58.5,26.25,60.75,2,40.155,31.07,0.2,70.4,29.35,50.5
178,04-12-2020 17:00,31.5,59.5,27.75,62.5,1.5,43.21,28.45,0.32,69.35,29.4,50.25
179,04-12-2020 18:00,37,73.5,22,65.5,2,49.69,34.6,0.44,53.55,29.38,56.5
180,04-12-2020 19:00,45,85.5,27.75,83.25,2,51.64,54.27,0.77,27.67,29.5,63
181,04-12-2020 20:00,55.5,96,39.75,100.75,2,52.965,62.45,0.99,18.75,29.45,66.25
182,04-12-2020 21:00,70,113.5,57,125.25,2,51.95,70.35,1.24,7.25,29.33,69
183,04-12-2020 22:00,81.5,124.5,76.75,156.25,2,50.7,70.03,1.29,4.15,29.35,71.25
184,04-12-2020 23:00,78.5,119.5,78.75,149.75,3,51.555,66.5,1.19,6.28,29.42,72.25
185,05-11-2020 00:00,73.5,127.5,86.25,184.5,2,50,51.28,0.77,52.9,29.2,52.75
186,05-11-2020 01:00,77.5,131,82.5,183.25,2,49.395,48.33,0.64,50.73,29.23,53.5
187,05-11-2020 02:00,71.5,122.5,77.75,177,2,48.53,47.48,0.61,48,29.23,55.75
188,05-11-2020 03:00,70,119,75.25,152,2,48.52,44.42,0.55,39.85,29.3,63
189,05-11-2020 04:00,69,116,70,136,2,47.925,44.08,0.53,34.7,29.62,63.75
190,05-11-2020 05:00,71,120,72,131.75,2,47.11,43.98,0.54,27.48,29.3,69.5
191,05-11-2020 06:00,76.5,124,77,158.5,2,47.545,48.77,0.55,24.65,29.27,67.75
192,05-11-2020 07:00,74.5,121,74.25,165.25,2,50.585,49.83,0.58,26.12,29.3,65.5
193,05-11-2020 08:00,63.5,113,72.25,155.5,2,51.5,46.08,0.61,49.75,29.15,54
194,05-11-2020 09:00,65.5,118.5,66.25,165.75,2,51.105,54.95,0.78,51.95,29.2,50.5
195,05-11-2020 10:00,47,90.5,66.25,166.25,2,47.895,44.9,0.6,67.5,29.27,42
196,05-11-2020 11:00,43.5,84.5,44.75,111.25,2,37.62,36.42,0.42,76.8,29.82,38.75
197,05-11-2020 12:00,42,82,40,97.5,2,34.365,36.45,0.37,80.15,30.1,37.25
198,05-11-2020 13:00,43.5,82.5,37.25,98.5,1,35.36,34.17,0.27,83.35,30.1,37.5
199,05-11-2020 14:00,45,83,38.5,97.5,1.5,28.57,34.77,0.23,88.55,29.73,37.75
200,05-11-2020 15:00,45,82.5,40.75,96.75,2,24.055,33.45,0.23,91.18,29.75,37.75
201,05-11-2020 16:00,45,83.5,41.75,92.25,2,29.665,35.6,0.24,93.42,29.75,38.75
202,05-11-2020 17:00,46,87,41.75,104.25,3,42.755,36.65,0.41,94.72,29.77,41
203,05-11-2020 18:00,48,136,52.5,130.75,2,46.04,43.33,0.51,81.55,29.67,43.5
204,05-11-2020 19:00,55,106.5,56.25,167.5,2,49.545,47.25,0.62,73.95,29.5,46
205,05-11-2020 20:00,58,113.5,74.25,179.5,2,51.775,54.05,0.8,70.05,29.38,47
206,05-11-2020 21:00,54.5,105.5,78,175.25,2,52.11,49.03,0.69,71.35,29.33,46.75
207,05-11-2020 22:00,53.5,103.5,68.75,171,2,49.73,46.5,0.63,71.67,29.3,47.25
208,05-11-2020 23:00,54.5,103.5,66.25,153.25,2,51.745,44.75,0.59,67.68,29.3,50.25
209,05-12-2020 00:00,68.5,109,66.75,128.5,2,50.07,65.1,1.03,8.82,29.35,71.25
210,05-12-2020 01:00,71.5,114,60.25,131.25,2,49.61,57.38,0.82,16.07,29.4,67.75
211,05-12-2020 02:00,73,111.5,61,128.5,2,48.595,43.02,0.61,28.07,29.3,67.5
212,05-12-2020 03:00,79,113.5,59,109.5,2,48.03,36.6,0.51,30.5,29.33,71
213,05-12-2020 04:00,86,119,54.5,110.75,2,48.48,37.35,0.46,24.25,29.3,73.25
214,05-12-2020 05:00,93,127.5,60,112.25,2,45.84,34.68,0.4,24.95,29.33,75.25
215,05-12-2020 06:00,94.5,127.5,61.5,113,2,46.305,34.33,0.36,20.9,29.3,78
216,05-12-2020 07:00,93.5,123,56.75,94,2,46.41,38.17,0.4,20.22,29.3,79
217,05-12-2020 08:00,95,130,58.5,99.75,2,46.83,40.48,0.53,26.95,29.3,73.25
218,05-12-2020 09:00,81.5,116.5,63.5,123,2,44.94,40.9,0.55,42.42,29.32,65
219,05-12-2020 10:00,55.5,92,52.75,109.5,2,44.78,28.95,0.48,71.6,29.45,56
220,05-12-2020 11:00,46,83.5,41.75,93.5,2,39.065,27.05,0.35,77.8,29.55,47.75
221,05-12-2020 12:00,41,79.5,38,85,2,31.275,26.9,0.31,75.47,29.48,42.75
222,05-12-2020 13:00,38,75,36.75,80,2,31,24.32,0.2,75.2,29.45,41.25
223,05-12-2020 14:00,37.5,73,31.25,73.5,2,30.8,23.98,0.18,84.7,29.5,40.25
224,05-12-2020 15:00,34,69.5,27.25,72.5,2,39.745,22.95,0.16,82.98,29.52,39.5
225,05-12-2020 16:00,29.5,60.5,29.5,72,1.5,38.285,24,0.15,76.9,29.55,37.25
226,05-12-2020 17:00,32.5,70.5,26.5,69,1,48.05,25.4,0.28,78.7,29.58,39.5
227,05-12-2020 18:00,39.5,85.5,32.5,85,1,50.67,35.08,0.48,58.4,29.35,44.75
228,05-12-2020 19:00,48.5,98,40.5,116.5,2,53.725,51.2,0.77,29.8,29.2,49.75
229,05-12-2020 20:00,54.5,107,55,152.75,2,53.465,59.15,1.07,20.18,29.23,54
230,05-12-2020 21:00,65.5,116.5,69.25,168.75,2,54.045,66.85,1.27,17.5,29.2,55.25
231,05-12-2020 22:00,78,126.5,76.75,173,2,53.07,66.65,1.31,20.27,29.15,57.75
232,05-12-2020 23:00,72,117.5,78,167.75,2,50.49,50.88,1.02,38.95,29.2,55.5
233,06-11-2020 00:00,57.5,107,62.5,146,2,51.35,47.23,0.55,62.35,29.27,52.25
234,06-11-2020 01:00,55.5,104,66.75,147.5,2,50.33,43.6,0.45,68.2,29.27,51.5
235,06-11-2020 02:00,57.5,106,65.75,140.5,2,49.88,50.38,0.47,51.15,29.23,55.5
236,06-11-2020 03:00,61,106.5,64,131.5,2,49.455,52.98,0.46,42.8,29.25,58.75
237,06-11-2020 04:00,56.5,102.5,60.25,127.25,2,48.055,44.95,0.4,50.85,29.65,56.75
238,06-11-2020 05:00,59,103.5,58.75,126.5,2,47.41,43.53,0.41,54.83,29.3,55.75
239,06-11-2020 06:00,52,97,59.25,121.5,2,46,34.8,0.39,62.52,29.25,56.25
240,06-11-2020 07:00,53,96.5,54,118.75,2,47.155,38.52,0.45,47.72,29.2,59.75
241,06-11-2020 08:00,55.5,104,55.5,121,2,48.5,51.22,0.51,34.15,29.23,58.25
242,06-11-2020 09:00,54.5,105,60,144,2,46.965,58.8,0.49,45.77,29.23,48.75
243,06-11-2020 10:00,53,103.5,59.75,157.5,2,47.315,55.85,0.47,60.8,29.3,47
244,06-11-2020 11:00,57,100.5,59.25,149.5,2,47.115,49.7,0.58,75.5,29.8,47.25
245,06-11-2020 12:00,65,102.5,62,138.5,6,45.115,44.95,0.59,86.18,29.88,49.5
246,06-11-2020 13:00,70.5,106,68.25,137,6.5,47.425,39.2,0.56,91,29.85,50.25
247,06-11-2020 14:00,78.5,111,68,134.75,7,47.57,36.92,0.57,91,29.27,52.75
248,06-11-2020 15:00,80.5,109,66.75,127.5,2,47.725,34.72,0.6,90.33,29.27,56
249,06-11-2020 16:00,81.5,109,69.25,123.25,2,45.355,33.73,0.64,78.35,29.15,59.25
250,06-11-2020 17:00,83.5,111.5,62.75,117,2,45.405,33.83,0.7,72.78,29.18,61.25
251,06-11-2020 18:00,90,119,68,125,2,46.655,39.42,0.79,59.65,29.3,66.25
252,06-11-2020 19:00,96.5,131.5,72.5,138.75,2,46.045,48.35,0.97,45.67,29.3,69.25
253,06-11-2020 20:00,97.5,133.5,85.75,164,2,47.08,53.3,1.09,41.45,29.15,66.25
254,06-11-2020 21:00,98.5,135.5,85.25,170,2,47,47.38,0.98,48.38,29.12,66.75
255,06-11-2020 22:00,103.5,141.5,84.25,171.25,2,48.14,47.77,0.96,46.23,29.23,67.75
256,06-11-2020 23:00,107,144.5,77.25,172,2,49.455,48.62,0.89,46.52,29.12,69.75
257,06-12-2020 00:00,68.5,112.5,71.25,155.5,2,50.375,44.98,0.78,34.77,29.12,57
258,06-12-2020 01:00,60.5,101.5,58,131.5,2,49.255,43.38,0.64,32.62,29.15,59
259,07-11-2020 00:00,111,151,73.25,162.75,2,51.225,47.17,0.87,39.47,29.15,74.75
260,07-11-2020 01:00,113.5,153.5,79.25,161.25,2,53.4,40.8,0.72,51.47,29.12,75
261,07-11-2020 02:00,115,156.5,86.25,157.75,1.5,49.49,35.85,0.67,56.55,29.15,75.25
262,07-11-2020 03:00,115,154.5,83.25,152.75,2,48.725,34.35,0.63,53,29.25,76
263,07-11-2020 04:00,107,140.5,75.25,147.75,2,47.045,33.3,0.58,59.2,29.62,74
264,07-11-2020 05:00,106.5,141,83.5,144,2,47.215,33.42,0.56,58.18,29.23,75
265,07-11-2020 06:00,103.5,137.5,80.5,143,2,47.815,33.6,0.54,56.67,29.17,73.5
266,07-11-2020 07:00,95,129,83.25,140.5,2,47.98,35.38,0.54,63.47,29.2,70.5
267,07-11-2020 08:00,90.5,125,78.25,142.75,2,48.825,38.53,0.6,54.2,29.23,68.75
268,07-11-2020 09:00,79,119,79.25,149,2,47.36,40.62,0.54,65.85,29.2,59.25
269,07-11-2020 10:00,74.5,114.5,78.75,162,2,47.34,40.97,0.54,78.42,29.22,54.75
270,07-11-2020 11:00,78,117,75.25,165.25,2,47.985,41.15,0.6,89.33,29.7,53
271,07-11-2020 12:00,78.5,112,75.5,163.25,2,44.115,36.9,0.57,89.75,29.8,53
272,07-11-2020 13:00,78,108,72.25,150.75,2,42.62,31.82,0.51,85.08,29.75,52.75
273,07-11-2020 14:00,76.5,106,67.75,135.25,1.5,45.18,32.38,0.46,83.25,29.3,52.5
274,07-11-2020 15:00,76.5,104,68.75,126,2,39.975,30.38,0.43,82.85,29.3,53.25
275,07-11-2020 16:00,77,105,65.75,122.25,1.5,42.695,31.05,0.43,78.83,29.23,54
276,07-11-2020 17:00,86,115.5,69.75,126.5,2,43.475,31.6,0.48,74.92,29.2,56.5
277,07-11-2020 18:00,93.5,126,76,150.25,2,46.91,33.72,0.54,71.42,29.17,59.5
278,07-11-2020 19:00,98.5,135.5,80.5,169.25,2,46.6,43.23,0.71,57.03,29.15,61.25
279,07-11-2020 20:00,96.5,133.5,85,186.75,2,47.07,44.92,0.79,57.08,29.1,62
280,07-11-2020 21:00,88,123,85.25,179,2,47,41.05,0.73,66.3,29.12,60.5
281,07-11-2020 22:00,75.5,112.5,82.5,162.75,2,47,38.1,0.6,71.97,29.15,59.25
282,07-11-2020 23:00,73.5,112.5,73.5,152.75,2,48.17,40.97,0.57,65.17,29.23,59
283,07-12-2020 12:00,52,87.5,33.75,84.75,2,45.31,22.7,0.58,65.9,29.27,54.5
284,07-12-2020 13:00,38,68,30.25,77.75,2,20.785,17.1,0.03,57.25,29.98,51.25
285,07-12-2020 14:00,39.5,69,23,60.5,1.5,25.255,18.27,0.2,64.82,29.38,50
286,07-12-2020 15:00,31.5,53.5,24,60.75,2,23.335,17.1,0.15,65.95,28.65,48.25
287,07-12-2020 17:00,37,68.5,15.25,55.5,1.5,40.575,27.9,0.46,70.5,28.98,48.75
288,07-12-2020 18:00,45,85.5,23.5,72.25,2,47.815,37.85,0.64,59.25,29.02,51.5
289,07-12-2020 19:00,47.5,93.5,30.25,104,2,50.285,53.12,0.85,42.5,28.9,52.5
290,07-12-2020 20:00,53,98.5,41,119.25,2,50.895,64.12,1.03,30.27,28.98,56.5
291,07-12-2020 21:00,57,102.5,52.75,129.25,2,51.3,60.57,0.83,40.92,29,57.5
292,07-12-2020 22:00,58.5,101.5,52,128.25,2,50.445,54.67,0.81,43.83,29,57.5
293,07-12-2020 23:00,59,102,52.5,121,2,48.4,57.92,0.75,40.02,29.02,59.25
294,08-11-2020 00:00,73.5,116,79,162.25,2,49.38,45.42,0.52,53.95,29.2,59.25
295,08-11-2020 01:00,63,105.5,78.25,159,2,51.1,38.25,0.33,64.6,29.23,58
296,08-11-2020 02:00,60.5,102,65.5,135.5,2,48.355,38.62,0.27,68.55,29.25,58
297,08-11-2020 03:00,67,106.5,62.25,127.5,2,49.105,38.38,0.25,68.7,29.3,58.75
298,08-11-2020 04:00,67.5,108.5,66.5,125.25,2,49.945,39.1,0.23,65.75,29.68,60
299,08-11-2020 05:00,64,106,66.25,123.75,2,48.715,37.43,0.23,68.88,29.3,59
300,08-11-2020 06:00,70,110.5,61.25,125.25,2,48.48,47.25,0.24,59.28,29.2,58
301,08-11-2020 07:00,75.5,117,65,127.25,4,52.25,59.52,0.3,38.75,29.27,61.25
302,08-11-2020 08:00,83,127.5,76.25,145,2,49.005,55.8,0.37,54.1,29.23,57
303,08-11-2020 09:00,81.5,126,81.75,164.75,2,46.7,45.4,0.49,84.38,29.2,50.25
304,08-11-2020 13:00,50.5,85,54.25,102.75,2,46.58,31.07,0.35,82.38,29.5,43.25
305,08-11-2020 14:00,49,85,49.25,93.75,2,42.605,34.05,0.31,81.42,29.42,42.5
306,08-11-2020 15:00,48,82.5,49.75,94.25,2,31.44,31.8,0.27,81.73,29.45,42
307,08-11-2020 16:00,45.5,80.5,49.25,88.75,2,31.5,31.53,0.24,84.22,29.52,42
308,08-11-2020 17:00,43,78,46.75,87.25,2,39.08,28,0.15,87.97,29.52,41.75
309,08-11-2020 18:00,46,85.5,38.75,88,2,41.815,30.95,0.21,82.17,29.4,45
310,08-11-2020 19:00,53.5,98.5,49.5,109.5,2,47.93,38.47,0.39,73.67,29.42,49.75
311,08-11-2020 20:00,60,105.5,66.5,149,2,50.265,44.2,0.53,61.55,29.35,53
312,08-11-2020 21:00,64,110,68.25,157,2,50.985,41.5,0.54,72.07,29.25,53
313,08-11-2020 22:00,67,109.5,69.75,157,2,49.385,39.4,0.5,74.77,29.25,53
314,08-11-2020 23:00,59.5,101.5,69.5,133.75,2,47.93,35.83,0.4,76.62,29.27,50
315,08-12-2020 00:00,68,108.5,58.5,119.25,2,49.58,63.7,0.83,34.9,29.02,58.5
316,08-12-2020 01:00,64.5,103.5,72.25,131.25,2,49.88,63.15,0.8,30.95,29.05,61
317,08-12-2020 02:00,70.5,109,73.5,130.25,2,49.81,68.3,0.81,23.23,29.05,63.25
318,08-12-2020 03:00,75.5,112,72.5,127.5,2,48.67,57.7,0.81,24.9,29.12,66.5
319,08-12-2020 04:00,82,115,63.75,107,2,48.715,52.8,0.79,22.88,29.38,71
320,08-12-2020 05:00,96,134.5,63.25,105.75,2,48.685,50.73,0.84,21.7,29.02,73.25
321,08-12-2020 06:00,90,124.5,70.25,108.5,2,47.65,45.75,0.69,18.4,29.08,77
322,08-12-2020 07:00,87.5,123,59.5,96.25,2,45.64,43.23,0.46,15.5,29.1,80.75
323,08-12-2020 08:00,92,130.5,53.25,85.25,2,43.59,43.02,0.5,20.05,29.05,77
324,08-12-2020 09:00,90.5,134,60.5,107.5,2,43.48,53.97,0.73,38.02,29,65.25
325,08-12-2020 10:00,72.5,111.5,64.75,138,2,47.7,48.3,0.65,63.15,29.15,60.25
326,08-12-2020 11:00,52,88,42.5,107,2,45.785,38.97,0.52,72.28,29.7,56.25
327,08-12-2020 12:00,37.5,72,30.25,75.75,2,33.685,39.2,0.4,68.55,29.73,46
328,08-12-2020 13:00,25.5,55.5,23.5,70.5,2,26.755,34.6,0.33,64.35,29.65,40.25
329,08-12-2020 14:00,22.5,48.5,16.75,62,2,29.045,35.1,0.26,66.28,29.18,39
330,08-12-2020 15:00,22.5,46.5,9.75,51,1.5,23.775,35.7,0.26,71.35,29.18,38.75
331,08-12-2020 16:00,25.5,51.5,11.75,53.25,1,33.65,35.5,0.26,77.9,29.2,38.25
332,08-12-2020 17:00,28,58.5,20.75,53.5,1.5,41.655,34.02,0.39,85.15,29.1,39
333,08-12-2020 18:00,26,60,24.25,61.25,2,48.535,38.65,0.44,71.15,29.08,43.75
334,09-11-2020 00:00,57,98.5,60.5,113.5,2,49.665,33.42,0.34,80.42,29.23,49.5
335,09-11-2020 01:00,56.5,96.5,54.5,100.75,2,50.43,29.62,0.36,80.9,29.27,49.75
336,09-11-2020 02:00,59,99.5,51.75,103.25,2,46.625,30.88,0.34,81.43,29.3,50.75
337,09-11-2020 03:00,64.5,103,58.5,103,2,47.4,28.38,0.34,81.85,29.38,55.25
338,09-11-2020 04:00,76,113.5,64.25,101.5,2,48.21,29.23,0.38,68.35,29.7,62.5
339,09-11-2020 05:00,87.5,127.5,70.5,114.25,2,48.39,34.33,0.44,62.27,29.3,62.75
340,09-11-2020 06:00,96.5,147.5,76.5,146.75,2,48.16,35.45,0.46,67.62,29.25,61.75
341,09-11-2020 07:00,111.5,187,74.75,174.25,2,49.26,53.27,0.6,40.75,29.2,66
342,09-11-2020 08:00,111,196,82.25,185,2,51.375,64.28,0.65,31.08,29.27,66.25
343,09-11-2020 09:00,112.5,193.5,81.75,179,2,49.22,62.65,0.59,70.92,29.35,57.5
344,09-11-2020 10:00,91.5,135.5,87,181.25,2,46.825,47,0.5,99.35,29.52,46.5
345,09-11-2020 11:00,76,115,81.5,175.25,2.5,45.09,38.67,0.38,100.32,30.1,43.5
346,09-11-2020 12:00,68,105.5,63.25,131.5,2,43.79,39.3,0.3,95.5,30.3,40.75
347,09-11-2020 13:00,63.5,103,58,113.25,2,45.525,35,0.46,94,30.35,38.25
348,09-11-2020 14:00,61,97.5,58,105,2,37.465,33.67,0.41,97.2,30.15,36.75
349,09-11-2020 15:00,63.5,100.5,56.5,98.25,1.5,31.345,33.72,0.35,96.38,30.17,36
350,09-11-2020 16:00,72,110,55.25,111.75,2,34.36,33.27,0.37,106.75,30.1,36.75
351,09-11-2020 17:00,76.5,116.5,65.5,136.25,1.5,42.095,32.55,0.35,114.9,30.12,38.25
352,09-11-2020 18:00,84,128.5,70,154.25,2,46,37.12,0.45,109.38,30,42
353,09-11-2020 19:00,92,143,77.75,173.25,2,46.84,48.62,0.62,93.3,29.8,45.25
354,09-11-2020 20:00,100,160.5,76.25,181.75,3,47,58.92,0.81,87.12,29.67,46
355,09-11-2020 21:00,104,165.5,81,179.25,2,47.215,58.88,0.92,83.05,29.6,48.5
356,09-11-2020 22:00,104,164.5,77,184.25,2,47.65,54.75,0.82,85.85,29.55,49
357,09-11-2020 23:00,102.5,160.5,82.75,184,2,47.975,54.47,0.8,83.55,29.52,50.5
358,10-11-2020 00:00,102.5,160.5,82,173.75,2,49.86,55.67,0.79,74.48,29.5,52.75
359,10-11-2020 01:00,102,157.5,79.75,180.75,2,48.985,44.97,0.58,100.2,29.48,51.5
360,10-11-2020 02:00,103,160,74,182.25,2,48.15,39.8,0.51,102.53,29.48,52.5
361,10-11-2020 03:00,103,160.5,77.25,173.5,2,47.265,36.25,0.5,100.85,29.48,54
362,10-11-2020 04:00,102,156.5,76.75,179.25,2,47.36,32.23,0.48,109.22,29.92,54.25
363,10-11-2020 05:00,98,146.5,74,169.75,2,46.58,31.62,0.58,107.52,29.62,53
364,10-11-2020 06:00,101.5,156.5,79,160,2.5,46.385,31.65,0.6,97.15,29.6,54.75
365,10-11-2020 07:00,100.5,155,84.75,173,2,47.5,36.98,0.66,90.8,29.48,55
366,10-11-2020 08:00,100,160.5,82,185,2,47.295,40.58,0.68,102.35,29.4,50.75
367,10-11-2020 09:00,99.5,157.5,78.5,184.25,2,45.43,43.05,0.65,107.95,29.52,47.75
368,10-11-2020 10:00,90.5,134,85.25,177.75,4.5,45.095,37.1,0.64,109.28,29.68,46.75
369,10-11-2020 11:00,81,120.5,79.5,157.75,2,46.52,34.12,0.58,107.5,30.22,44.5
370,10-11-2020 12:00,79.5,117.5,67.5,136,2,45.69,28.75,0.53,104.12,30.33,43.5
371,10-11-2020 13:00,74,113,63,131.5,2,44.545,32.7,0.56,99,30.1,41
372,10-11-2020 14:00,71.5,108.5,62.5,115.75,2,44.695,34.15,0.52,100.4,29.8,39.25
373,10-11-2020 15:00,69.5,106,59.5,109.25,2,42.365,34.1,0.51,99.35,29.83,38.75
374,10-11-2020 16:00,68.5,106.5,54.25,111.75,2,43.235,33.75,0.46,101.27,29.83,38.25
375,10-11-2020 17:00,69,111.5,53.5,119.25,2.5,42.955,34.15,0.43,102.05,29.75,39.25
376,10-11-2020 18:00,71.5,118.5,61,135,2,45.71,44.75,0.57,80.97,29.62,43.75
377,10-11-2020 19:00,80.5,134.5,73.25,164.75,1.5,50.665,54.78,0.74,66.53,29.4,47.25
378,10-11-2020 20:00,91.5,146.5,80.25,175,2,51.15,59.52,0.91,64.8,29.38,48.75
379,10-11-2020 21:00,92.5,143,73.75,180,2,52.125,48.38,0.66,86.97,29.25,49.25
380,10-11-2020 22:00,90.5,136.5,80.75,173.25,2,49.59,41.38,0.55,90,29.2,50.25
381,10-11-2020 23:00,90.5,139.5,86.25,165,2,48.925,43.53,0.53,83.2,29.3,52.5
382,11-11-2020 00:00,93,142.5,86.5,174.5,2,49.865,46.45,0.5,72.9,29.3,53.25
383,11-11-2020 01:00,93,144.5,84.25,173.5,2,50.78,46.9,0.59,71.92,29.2,54.25
384,11-11-2020 02:00,95.5,148,80.5,164.75,2,49.94,44.08,0.61,65.3,29.17,57.75
385,11-11-2020 03:00,98,153,76,161.75,2,50.03,44.55,0.6,57.85,29.25,60
386,11-11-2020 04:00,102,163,77,166.25,2.5,50.34,46.08,0.61,50.95,29.6,62.25
387,11-11-2020 05:00,106.5,174.5,78.75,173.5,2,52.305,48.3,0.53,44.35,29.23,65
388,11-11-2020 06:00,108,175.5,77.25,172.75,2.5,53.44,50.77,0.54,40.35,29.2,67
389,11-11-2020 07:00,105,168.5,83.75,162.75,2,50.2,46.95,0.57,50.5,29.2,66.25
390,11-11-2020 08:00,110,182,82.25,159,2,49.5,55.22,0.75,39.58,29.1,64.25
391,11-11-2020 09:00,104.5,182.5,80.75,177,2,48.235,61.7,0.89,64.25,29.12,54.25
392,11-11-2020 10:00,78,121.5,80.5,166.75,2,47.695,45.95,0.71,81.78,29.25,50
393,11-11-2020 11:00,70,112,69.5,132.5,2,48.1,45.35,0.69,84.6,29.8,50.5
394,11-11-2020 12:00,50.5,87.5,54.75,112.75,2,46.61,44.45,0.59,77.15,29.9,48.75
395,11-11-2020 13:00,47.5,84.5,39.75,83.25,2,48.015,39.4,0.42,83.92,29.73,47.75
396,11-11-2020 14:00,38.5,70.5,32.5,76,2,46.69,39.12,0.38,83.53,29.3,46.75
397,11-11-2020 15:00,37,66,30.25,68.25,2,44.835,37.45,0.35,83.4,29.35,46.25
398,11-11-2020 16:00,36.5,67.5,28.5,63.5,2,44.06,34.92,0.36,84.17,29.38,48.5
399,11-11-2020 17:00,35,65.5,30.25,64,2,45.825,33.42,0.34,76.57,29.38,50.75
400,11-11-2020 18:00,36,73.5,30.75,65.75,1.5,48.74,38.5,0.41,60.88,29.3,56
401,11-11-2020 19:00,43,84,35,85.25,2,50.355,53.7,0.64,35.65,29.3,62.5
402,11-11-2020 20:00,50.5,95,51,106.25,2,51.255,63.07,0.85,25.83,29.25,64
403,11-11-2020 21:00,49,93,51.75,116.5,2,52,54.23,0.84,34.88,29.15,64.5
404,11-11-2020 22:00,49.5,93,45.75,102.25,2,50.02,51.35,0.78,33.62,29.17,65
405,11-11-2020 23:00,49.5,94.5,46.5,109.25,2,50.855,51.58,0.66,30.82,29.17,64
406,12-11-2020 00:00,47,90.5,40.5,106.5,3.5,50.595,47.93,0.55,30.25,29.23,64.5
407,12-11-2020 08:00,40.5,72.5,38.75,67.5,2,51.19,36.2,0.48,17.25,29.4,79.25
408,12-11-2020 09:00,25.5,54.5,27.5,53.25,2,50.135,33.68,0.42,24.25,29.33,77.25
409,14-11-2020 20:00,41.5,81.5,46,87.75,2,51.59,41.58,0.66,37.55,29.17,64.5
410,14-11-2020 21:00,60.5,101.5,84.5,146,2,51.475,50.65,0.84,24.03,29.15,66.75
411,14-11-2020 22:00,75.5,143.5,80.25,177.5,2,51,51.03,0.89,29.18,29.15,68.25
412,14-11-2020 23:00,72,111,75.75,175.75,2,52.205,44.15,0.78,41.25,29.15,69.75
413,15-11-2020 00:00,71.5,109.5,87,181.75,1.5,52.67,42.42,0.71,35.4,29.18,72.75
414,15-11-2020 01:00,56,93.5,85.75,163.75,2,49.735,35.33,0.48,52,29.2,71.75
415,15-11-2020 02:00,49.5,86,77.25,123.25,2.5,51.765,31.5,0.4,66.25,29.2,71.25
416,15-11-2020 03:00,50,85,61,99.25,2,50.545,29.9,0.41,58.95,29.2,75.25
417,15-11-2020 04:00,54,89,55,87.75,2,47.35,27.98,0.38,56.03,29.62,78.5
418,15-11-2020 05:00,55.5,89,51.75,84,2,46.465,27.73,0.41,56.7,29.27,80.5
419,15-11-2020 06:00,56.5,90,39.25,74.75,2,49.855,26.95,0.42,43.2,29.3,82.5
420,15-11-2020 07:00,60.5,93.5,35.5,74,2,48.52,26.23,0.44,26.42,29.25,83.75
421,15-11-2020 08:00,58,91,48,75.5,2,45.12,29.35,0.48,38.98,29.25,73.75
422,15-11-2020 09:00,53.5,88,43.5,78.75,2,47.715,26.73,0.52,72.33,29.1,66.5
423,15-11-2020 10:00,48.5,85.5,39.25,75.25,2,46.46,28.2,0.5,75.33,29.18,60
424,15-11-2020 11:00,46.5,83.5,40,80.5,2,47.885,31.48,0.58,75.2,29.62,55.75
425,15-11-2020 12:00,26.5,49.5,37.5,85.5,2,37.325,33,0.5,62.83,29.77,52.25
426,15-11-2020 13:00,21.5,40.5,28,58,2,42.25,27.7,0.23,59.8,29.73,52
427,15-11-2020 14:00,20.5,36.5,22.75,53,2,36.7,27.5,0.2,60.45,29.35,52
428,15-11-2020 15:00,17,33,25.75,53,1,36.13,27.25,0.19,57.95,29.3,52
429,15-11-2020 16:00,16,30,27,44.25,2,36.65,25.57,0.22,54.75,29.25,54.5
430,15-11-2020 17:00,18,35,24,46.25,1.5,43.05,25.88,0.41,56.88,29.17,56.25
431,15-11-2020 18:00,22,43.5,23,50.25,2,45.955,27.8,0.49,53.5,29.2,59.5
432,15-11-2020 19:00,27.5,53.5,22.75,54.25,1.5,47.855,29.4,0.58,48.58,29.1,63.25
433,15-11-2020 20:00,42,78,39.5,74,1.5,51.185,37.08,0.67,33.23,29.15,66.5
434,15-11-2020 21:00,61.5,101.5,69,122.25,2,50.045,45.5,0.63,20.12,29.2,68.5
435,15-11-2020 22:00,59,97.5,81,168.5,2,49.975,41.62,0.58,29,29.12,69.25
436,15-11-2020 23:00,46.5,83,74.5,130.75,2,49.45,35.33,0.45,41.8,29.2,68
437,16-11-2020 00:00,44.5,79.5,53.25,90.25,1.5,47.8,32.25,0.39,42.23,29.17,69.5
438,16-11-2020 01:00,46,80,48.25,77.25,2,49.755,31.95,0.34,39.72,29.17,72
439,16-11-2020 02:00,40.5,68.5,45.75,70,2,48.95,29.45,0.26,43.85,29.2,72
440,16-11-2020 03:00,32,55,35.25,61.75,2,49.175,26.62,0.23,43.3,29.25,71.25
441,16-11-2020 04:00,37,61.5,31.25,55.5,2,50.52,23.15,0.21,42.55,29.62,71.75
442,16-11-2020 05:00,49,80.5,27.75,58,2,50.09,25.5,0.29,39.45,29.25,75.25
443,16-11-2020 06:00,55,87,34.25,60.75,2,49.4,26.78,0.28,39.8,29.25,74.75
444,16-11-2020 07:00,63.5,96,39.25,63.75,2,49,26.73,0.33,43.47,29.27,76.25
445,16-11-2020 08:00,65,98,44,74.25,2,49.56,28.88,0.38,38.6,29.25,76.75
446,16-11-2020 09:00,50,83.5,43.75,73.25,2,49.8,26.75,0.41,43.6,29.15,68
447,16-11-2020 10:00,51.5,86,34.75,77.5,2,47.91,25.7,0.4,55.75,29.12,63.75
448,16-11-2020 11:00,51.5,84.5,39,80,2,44.4,27.5,0.47,62.85,29.62,60
449,16-11-2020 12:00,46,78,43.5,79.75,2,40.955,27.25,0.4,61.52,29.77,58.5
450,16-11-2020 13:00,43,73,39,71.75,2,38.615,25,0.35,61.93,29.62,56.5
451,16-11-2020 14:00,38,66,37,73.25,2,39.725,25.05,0.31,63.5,29.3,56.75
452,16-11-2020 15:00,42.5,73.5,31,64.5,1,38.89,26.5,0.33,69.75,29.2,57.25
453,16-11-2020 16:00,46.5,80.5,34.25,74.75,1.5,40.405,27.88,0.36,68.95,29.25,58.5
454,16-11-2020 17:00,36,66,41.25,78.75,2,42.57,27.85,0.34,61.12,29.15,58.25
455,16-11-2020 18:00,47.5,81.5,33.5,69.5,1.5,43.955,31.98,0.43,59.65,29.2,62.25
456,16-11-2020 19:00,54.5,92,37.75,86.75,2,46.715,40.08,0.57,45.83,29.12,64.75
457,16-11-2020 20:00,54,93.5,48.25,110.25,2,49,46.28,0.69,31.53,29.1,64.75
458,16-11-2020 21:00,59.5,98,57.5,118.5,2,50.21,45.67,0.63,30.23,29.12,68.5
459,16-11-2020 22:00,62.5,98.5,64,109.75,2,49.205,39.48,0.58,38.4,29.17,71.75
460,16-11-2020 23:00,60.5,96.5,59,96,2,48.82,39.82,0.56,33,29.23,74.25
461,17-11-2020 00:00,62,97.5,51.5,93,2,49.085,40.08,0.61,27.98,29.23,77
462,17-11-2020 01:00,59,94,46,90.5,2,48.765,39.25,0.6,32.7,29.25,77
463,17-11-2020 02:00,58.5,93,43.75,82.25,2,48.34,36.8,0.58,33.12,29.23,77
464,17-11-2020 03:00,62,96,44,78.25,2,49.725,33.9,0.5,31.05,29.33,80.25
465,17-11-2020 04:00,66,98.5,38.25,71.75,2,49.13,31.3,0.47,31.52,29.6,82
466,17-11-2020 05:00,71,103.5,39.25,69.25,2.5,47.235,34.25,0.37,21.57,29.27,83
467,17-11-2020 06:00,77,111.5,42.75,75.25,2,45.77,36.48,0.37,19.6,29.3,84
468,17-11-2020 07:00,84,118,52.25,82.75,2,45.355,34.2,0.42,23.2,29.3,84.25
469,17-11-2020 08:00,84,118,57.75,88.25,2,48.05,35.33,0.51,34.17,29.27,77.25
470,17-11-2020 09:00,58.5,94,59,95.75,2,43.385,30.95,0.53,56.9,29.17,63.5
471,17-11-2020 10:00,52,88,47.25,88.25,2,38.72,31.02,0.51,64.45,29.15,58
472,17-11-2020 11:00,49.5,84,47.5,86.75,2,39.77,29.8,0.51,66.6,29.6,55.25
473,17-11-2020 12:00,43.5,76,41.5,86.5,1,36.225,31.8,0.48,67.2,29.75,51.5
474,17-11-2020 13:00,38.5,66.5,30,76.5,1.5,30.055,28.85,0.46,69.88,29.67,47.75
475,17-11-2020 14:00,30.5,55.5,35.25,69.25,2,34.3,29.73,0.38,66.2,29.27,44.25
476,17-11-2020 15:00,29.5,52.5,32.25,68.5,1.5,26.25,28.6,0.36,64.7,29.3,43.25
477,17-11-2020 16:00,28,50,30,62.75,1,29.26,27.05,0.33,64.05,29.35,43.5
478,17-11-2020 17:00,29,53,29.25,58.5,1.5,39.41,26.42,0.27,66.45,29.3,44.5
479,17-11-2020 18:00,32,64,29.75,59.5,2,47.325,31.77,0.33,60.88,29.3,47.5
480,17-11-2020 19:00,33.5,70,37.5,69.75,1.5,50.4,42.28,0.52,41.6,29.2,51.5
481,17-11-2020 20:00,37.5,76,35,81.5,2,51.335,51.2,0.7,30.15,29.12,55.5
482,17-11-2020 21:00,46.5,88,37.75,96.75,2,51.78,54.67,1.02,20.7,29.12,61
483,17-11-2020 22:00,51.5,90.5,54.5,109.25,2,50.645,43.92,0.93,36.38,29.2,62.5
484,17-11-2020 23:00,56,95,52.75,105.5,2,50.15,39.58,0.85,35.15,29.2,66.5
485,18-11-2020 00:00,58.5,96.5,52.25,111,2,51.1,38.88,0.76,34.48,29.27,70.5
486,18-11-2020 01:00,60.5,97.5,53.75,109,2,48.985,34.75,0.64,37.4,29.25,73.75
487,18-11-2020 02:00,60,93.5,53,89.25,2,43.5,31.57,0.51,38.95,29.27,76.75
488,18-11-2020 03:00,62,96,43.5,76,2,42.1,29.12,0.47,33.6,29.35,80
489,18-11-2020 04:00,69.5,102,43,77.5,2,43.795,29.23,0.45,22.9,29.7,82.5
490,18-11-2020 05:00,75,107,46,73.75,2,44.39,26.52,0.44,24.58,29.33,84.25
491,18-11-2020 06:00,79,111,46.25,74.5,2,45.525,27.12,0.45,30.4,29.3,86.25
492,18-11-2020 07:00,84,116.5,45.75,69,2,45.655,26.48,0.45,36.42,29.35,86
493,18-11-2020 08:00,82.5,119,40.75,67.25,2,46.705,23.82,0.44,40.38,29.3,85.5
494,18-11-2020 09:00,61,94.5,37,70.75,2,47.49,26.93,0.34,46.47,29.2,75.5
495,18-11-2020 10:00,49.5,81.5,36,67.5,2,45.745,25.07,0.36,47.77,29.15,72
496,18-11-2020 11:00,42,70.5,32.25,60.5,2,44.25,25.15,0.36,48.65,29.62,67.25
497,18-11-2020 12:00,34,58,27.75,63,2,31.355,27.85,0.31,48.35,29.73,62
498,18-11-2020 13:00,27.5,47.5,22.5,64,2,25.085,24.58,0.28,49.05,29.57,58.25
499,18-11-2020 14:00,24,42,26,56,2,23.51,26.35,0.25,48,29.2,56.5
500,18-11-2020 15:00,21,37.5,23,49.75,1,27.01,25.73,0.22,47.27,29.23,56.25
501,18-11-2020 16:00,21,37,22.5,47.5,1.5,39.515,24.27,0.21,47.3,29.17,58
502,18-11-2020 17:00,21,38,20.75,43,2,44.175,25.45,0.34,44.75,29.2,57.25
503,18-11-2020 18:00,23,45,22,44,1.5,48.51,27.6,0.4,38,29.12,62
504,18-11-2020 19:00,28,60,28.5,54.75,2,51.435,46.82,0.75,11,29.15,69.25
505,18-11-2020 20:00,32,68.5,30,79,2,51.5,55.05,0.95,6.45,29.2,71
506,18-11-2020 21:00,36,74.5,31.5,82.5,2,50.09,50.92,0.92,10.97,29.1,72.5
507,18-11-2020 22:00,39,74,36.25,82,2,49.8,47.55,0.86,16.52,29.12,73.25
508,18-11-2020 23:00,40,75,36.25,76.5,2,49.765,44.92,0.81,19.55,29.17,74
509,19-11-2020 00:00,36,67,33.5,74.25,2,49.745,39.33,0.61,25.45,29.15,74.75
510,19-11-2020 01:00,36.5,66,30,62.25,2,49.115,33.05,0.52,28.38,29.15,78.5
511,19-11-2020 02:00,39.5,68,24.25,55.5,2,49.325,26.9,0.46,30.98,29.15,81.25
512,19-11-2020 03:00,42.5,71,25,44,2,48.435,24.58,0.42,28.6,29.25,83.5
513,19-11-2020 04:00,41.5,68.5,23.75,49.25,2,47.82,21.82,0.37,30.8,29.6,84
514,19-11-2020 05:00,44.5,71.5,22.25,45,2,46.635,22.58,0.32,28.65,29.23,84
515,19-11-2020 06:00,39.5,64,27.75,40.5,2,46.16,22.58,0.33,28.5,29.2,84
516,19-11-2020 07:00,59,82.5,25.5,45.5,6,106.56,22.73,0.33,28.18,29.23,83.75
517,19-11-2020 08:00,50.5,63,29.5,45,10,166.175,21.4,0.32,29.7,29.23,81
518,19-11-2020 09:00,32,47,26.75,42.75,6,105.98,22.23,0.28,31.7,29.18,75.25
519,19-11-2020 10:00,44,60,23,55.5,8.5,107.125,24.55,0.3,40.33,29.15,70
520,19-11-2020 11:00,35.5,49.5,23.25,61,8.5,103.375,26.15,0.34,41.95,29.6,65
521,19-11-2020 12:00,28,39.5,23.25,62.5,8.5,94.43,28.3,0.34,44.48,29.72,59.75
522,19-11-2020 13:00,30,33,21.25,57.25,11.5,121.685,25.6,0.38,44,29.7,56.5
523,19-11-2020 14:00,28,30,20.75,53,10.5,150.025,27.25,0.35,45.7,29.23,55
524,19-11-2020 15:00,17.5,26.5,16.25,45.75,5,126.345,26.02,0.33,45.95,29.2,54.25
525,19-11-2020 16:00,14.5,29.5,15.25,46.25,3,62.95,27.62,0.35,47.65,29.23,53.25
526,19-11-2020 17:00,22.5,26.5,18,58.25,8,128.14,23.6,0.28,48.8,29.3,54.75
527,19-11-2020 18:00,16,43,16.25,57.25,1.5,47.86,28.85,0.36,37.65,29.25,60.5
528,19-11-2020 19:00,24.5,47.5,22,63.5,4,82.455,36.55,0.53,23.55,29.17,65.5
529,19-11-2020 20:00,37,49.5,27.75,71.75,10.5,174.78,45.93,0.68,16.1,29.12,68
530,19-11-2020 21:00,35,59,28.5,73.5,6,112.22,48.77,0.89,14.2,29.1,70
531,19-11-2020 22:00,38.5,67.5,31.75,72.75,2,49.265,38.85,0.82,27.68,29.1,71
532,19-11-2020 23:00,40,63.5,28.75,72,2,47,32.48,0.65,35.43,29.05,73
533,20-11-2020 00:00,33.5,56.5,28.75,61.5,2,48.17,29.85,0.57,29.02,29.17,76.5
534,20-11-2020 01:00,30,54,21.5,53.75,2,48.365,28.88,0.46,22.93,29.2,79.75
535,20-11-2020 02:00,30.5,56,20.5,43.25,2,49.225,28.98,0.42,22.5,29.17,82
536,20-11-2020 03:00,42,67.5,25,46.5,2,48.375,28.4,0.44,21.2,29.25,84
537,20-11-2020 04:00,41,72,33.75,59.75,2,45.765,27.77,0.39,12.1,29.6,85.75
538,20-11-2020 05:00,40.5,56.5,32.25,47.5,2,48.455,25.2,0.43,9.4,29.27,87
539,20-11-2020 06:00,45.5,61,28.75,41.5,2,55.43,26.73,0.43,10.07,29.25,87
540,20-11-2020 07:00,46,76.5,27,47,2,44.19,32.85,0.49,3.22,29.27,87
541,20-11-2020 08:00,49,80.5,33.5,54,2,45.315,31.38,0.58,5.97,29.32,84
542,20-11-2020 09:00,39,73.5,36.25,69,2,46.925,35.9,0.51,19.98,29.12,69.25
543,20-11-2020 10:00,30,67,38.75,77.75,2,43.21,37.65,0.46,35.38,29.08,62.75
544,20-11-2020 11:00,17.5,51,32,76,1.5,35.415,33.58,0.37,38.35,29.55,54
545,20-11-2020 12:00,8,32,21.5,68.75,2,28.81,29.95,0.21,39.93,29.65,47.75
546,20-11-2020 13:00,9.5,29.5,16,55.5,2,29.93,28.52,0.3,54.2,29.62,46.75
547,20-11-2020 14:00,14.5,45,17.5,58.5,2,33.165,30.77,0.35,80.65,29.23,44
548,20-11-2020 15:00,9.5,29,27.75,67,1,29.28,31.98,0.37,80.15,29.2,41.5
549,20-11-2020 16:00,8.5,26,17.75,51.75,1.5,33.325,30.08,0.35,76.45,29.38,43.5
550,20-11-2020 17:00,8.5,29.5,16,51,2,42.475,29.7,0.34,66.58,29.4,46
551,20-11-2020 18:00,13.5,45,15.75,56.25,1,48.415,35.08,0.43,48.33,29.27,51
552,20-11-2020 19:00,15,47.5,25.25,74.25,2,51.275,49.9,0.61,21.6,29.23,54.75
553,20-11-2020 20:00,15.5,47.5,28.5,79.5,2,50.895,44.1,0.63,19.2,29.2,59
554,20-11-2020 21:00,18,51.5,27.25,73,2,49.91,35.75,0.48,24.85,29.2,63.5
555,20-11-2020 22:00,21,57,28.5,68.25,2,50.455,37.58,0.5,18.75,29.17,68.5
556,20-11-2020 23:00,21,53,30,69.5,2,50.73,35.67,0.43,21.62,29.15,70.5
557,21-11-2020 00:00,24,65,31,65.75,2,49.625,37.38,0.44,16.8,29.2,73.5
558,21-11-2020 01:00,22,71.5,31.75,77,2,50.13,39.12,0.41,8.78,29.25,78.25
559,21-11-2020 02:00,24.5,63.5,25.5,73,2,44.52,31.6,0.35,12.32,29.3,78.5
560,21-11-2020 03:00,24,66.5,26.5,62.25,2,42.985,30.02,0.33,12.95,29.33,79
561,21-11-2020 04:00,24,56.5,25.25,61.5,2,42.655,27.33,0.29,20.95,29.57,80
562,21-11-2020 05:00,27.5,63,25.75,48,2,42.02,25.02,0.24,17.9,29.27,81.5
563,21-11-2020 06:00,31,71.5,25,48,2,41.655,25.1,0.23,16.43,29.27,82
564,21-11-2020 07:00,28.5,59,24,46.75,2,40.655,23.68,0.24,15.67,29.23,82
565,21-11-2020 08:00,27.5,65,22.5,45.75,2,42.095,24.25,0.27,15.32,29.2,72.75
566,21-11-2020 09:00,20.5,66,25.75,60.5,2,43.955,27.48,0.33,23.65,29.1,61.25
567,21-11-2020 10:00,13,42,21,74.25,2,39.335,30.48,0.29,33.65,29.1,52
568,21-11-2020 11:00,10,35.5,17.25,55.5,1.5,27.305,30,0.25,40.85,29.55,45
569,21-11-2020 12:00,11,33,15.25,49.5,2,29.11,30.5,0.25,48.45,29.73,42.5
570,21-11-2020 13:00,13,42,17.25,52,2,28.85,29.73,0.24,59.15,29.73,42.25
571,21-11-2020 14:00,15,46.5,21.75,72.25,1.5,31.52,30.5,0.24,74.47,29.42,42.75
572,21-11-2020 15:00,19,52.5,24.75,76,1,33.61,31.25,0.24,79.92,29.33,44.5
573,21-11-2020 16:00,16.5,45.5,25.75,89.75,2,41.125,29.75,0.23,71.3,29.35,46.5
574,21-11-2020 17:00,15,47.5,22.25,77.25,2,46.555,29.05,0.11,64.88,29.33,48.75
575,21-11-2020 18:00,22.5,81.5,26,92.25,1.5,50.05,41.2,0.22,51.88,29.25,52.25
576,21-11-2020 19:00,33.5,90,40.25,138.75,2,51.81,47.55,0.38,33,29.2,58.25
577,21-11-2020 20:00,44,100,57,156.25,2,52.26,62.1,0.74,13.72,29.3,62.5
578,21-11-2020 21:00,55.5,121,66.5,175,2,53.595,85.38,1.53,1.38,29.2,62.25
579,21-11-2020 22:00,54.5,112,84.5,176.25,2,54.05,88.82,1.57,3.78,29.2,64.25
580,21-11-2020 23:00,45,92.5,74.5,168.25,2,51.785,76.95,1.21,6.15,29.17,65
581,22-11-2020 00:00,41.5,88.5,55.75,129.5,2,51.27,75.05,1.01,2.25,29.15,67
582,22-11-2020 01:00,40.5,87.5,48.25,118.25,2.5,51.77,72.03,1.01,3.17,29.23,69.25
583,22-11-2020 02:00,42.5,91,48,118.5,2,51.17,74.15,1.06,0.45,29.2,72.5
584,22-11-2020 03:00,46,94.5,53.75,127.5,2,49.995,68.28,0.99,0.8,29.27,74.5
585,22-11-2020 04:00,54,100.5,54.75,128.75,2,47.1,58.67,0.77,4.85,29.68,74.75
586,22-11-2020 05:00,53,95.5,57.25,111.5,2,44.56,46.28,0.65,9.2,29.3,76
587,22-11-2020 06:00,59,100.5,48.25,90.5,2,44.2,44.9,0.58,4.55,29.27,77.5
588,22-11-2020 07:00,65.5,106,46.25,92.25,2,45.08,44.95,0.54,3,29.3,80.75
589,22-11-2020 08:00,70,117.5,53.75,102.25,2,45.83,48.5,0.77,4.88,29.27,79.25
590,22-11-2020 09:00,62.5,100,66.75,139.25,2,49.005,39.35,0.5,36.45,29.15,73
591,22-11-2020 10:00,57,91,44.5,85,2,46.15,35.7,0.45,47.85,29.15,68
592,22-11-2020 11:00,58.5,92,45.75,85.5,2,40.85,36.03,0.45,60.6,29.55,63.5
593,22-11-2020 12:00,58,90,55.25,96.75,1.5,35.615,35.3,0.4,72.3,29.67,59.5
594,22-11-2020 13:00,53,86.5,56.75,99.25,1,31.86,30.3,0.46,79.97,29.6,56.25
595,22-11-2020 14:00,45.5,76.5,47.5,97,2,30.88,29.88,0.43,79.55,29.17,53
596,22-11-2020 15:00,42,71,40.25,86.25,2,30.645,29.58,0.36,77.55,29.15,51
597,22-11-2020 16:00,43.5,74.5,42.75,81,1.5,35.195,28.12,0.38,81.45,29.2,52
598,22-11-2020 17:00,44,81,47.75,83.5,2,47.245,28.75,0.46,74.72,29.23,54.5
599,22-11-2020 18:00,47.5,88.5,48.5,94.75,2,49.655,34,0.57,60.12,29.1,57.5
600,22-11-2020 19:00,55,100,56.5,116.75,2,50.525,41.8,0.75,48.23,29.12,60.25
601,22-11-2020 20:00,62,104,66,146.75,2,51.615,45.7,0.82,44.88,29.15,63
602,22-11-2020 21:00,71,110.5,64.5,137,2,50.725,39.45,0.7,59.8,29.1,63.25
603,22-11-2020 22:00,87,126,72.5,131,2,49.925,36.45,0.66,65.78,29.08,65.5
604,22-11-2020 23:00,87.5,126,81.25,136.75,2,49.49,33.4,0.64,55.78,29.12,69
605,23-11-2020 00:00,89,127,74,125.25,2,49.64,35.73,0.59,46.05,29.18,71.25
606,23-11-2020 01:00,92,131.5,71,118.5,2,48.83,38.05,0.41,39.9,29.2,72.5
607,23-11-2020 02:00,88,126,75.75,112.5,2,47.59,31.18,0.38,47.83,29.17,73
608,23-11-2020 03:00,77,113,61.25,104,2,47.15,28.68,0.3,54.85,29.25,70.75
609,23-11-2020 04:00,76.5,113,56.25,89.75,2,47.165,26.57,0.27,62.55,29.6,71
610,23-11-2020 05:00,79,114.5,55.5,81.5,2,44.235,27.17,0.27,56.03,29.23,74
611,23-11-2020 06:00,83,120,52.25,78.5,2,42.535,30.9,0.26,45.52,29.27,74.5
612,23-11-2020 07:00,92,131.5,58.5,86.5,2,43.695,36.67,0.33,29.02,29.25,78.5
613,23-11-2020 08:00,90,127.5,66,101.25,2,42.08,39.8,0.42,33.42,29.27,75.25
614,23-11-2020 09:00,94,141.5,69,121,2,48.775,42.8,0.56,50.35,29.17,66.5
615,23-11-2020 10:00,84,127.5,77,141.25,2,47.05,39.6,0.57,63.65,29.2,62.25
616,23-11-2020 11:00,64.5,103,68.75,130,2,44.575,34.02,0.55,69.67,29.62,57.75
617,23-11-2020 12:00,57,94.5,52.5,101,2,38.175,36.05,0.47,75.1,29.75,53.25
618,23-11-2020 13:00,53,89,50,97,2,33.73,30.98,0.43,78.85,29.62,50.5
619,23-11-2020 14:00,46.5,83.5,46.25,100.25,2,26.07,29.62,0.36,80.47,29.27,46.75
620,23-11-2020 15:00,42,78.5,42.5,91,1.5,26.67,28.3,0.3,80.38,29.25,44.25
621,23-11-2020 16:00,44.5,82,37.75,86.75,2,35.505,30,0.3,82.25,29.23,44.25
622,23-11-2020 17:00,49,89,38.75,89,2,45.77,30.2,0.32,87.97,29.25,46.75
623,23-11-2020 18:00,51,98,46.25,114.75,1.5,49.31,39.3,0.49,70.8,29.3,51.25
624,23-11-2020 19:00,60,110,58.25,146.75,2,51.06,49.33,0.67,56.55,29.25,53.75
625,23-11-2020 20:00,67.5,118,76,174,2,50.81,58.25,0.9,45.9,29.15,55.25
626,23-11-2020 21:00,73,124,79.5,176.5,2.5,51.335,64.2,0.97,41.67,29.15,54
627,23-11-2020 22:00,70,119.5,72,174,2.5,50.805,67.47,1,34.4,29.2,54.25
628,23-11-2020 23:00,73,123,72,174.5,2,51.915,71.47,0.97,25.6,29.2,53.75
629,24-11-2020 00:00,70,120,75.25,182,2,50.22,70.92,0.87,23.68,29.15,55.25
630,24-11-2020 01:00,67.5,114.5,82.75,166,2,48.54,57.77,0.62,35.12,29.12,55.75
631,24-11-2020 02:00,62,107.5,73.5,139.25,2,47.375,47.02,0.47,39.85,29.12,57.5
632,24-11-2020 03:00,68,113,65.5,125.75,2.5,48.72,46.67,0.43,30.55,29.25,60.25
633,24-11-2020 04:00,64.5,109,64.25,131.75,2,47.47,43.4,0.38,33.92,29.6,60.5
634,24-11-2020 05:00,67.5,113.5,63.25,118.75,2,49.315,49.48,0.45,25.23,29.23,64.25
635,24-11-2020 06:00,69,114,58.25,125.75,2,49.915,56.38,0.44,15.25,29.2,66
636,24-11-2020 07:00,72.5,115.5,61,121.75,2,49.59,53.95,0.47,19.83,29.2,65.5
637,24-11-2020 08:00,73,118,69.25,127,2,47.91,48.95,0.55,26.32,29.2,63.75
638,24-11-2020 09:00,63,109,72,140,2,46.675,44.58,0.5,44.35,29.15,59.5
639,24-11-2020 10:00,55,95,57,119.25,2,46.605,40,0.5,57.88,29.2,54.5
640,24-11-2020 11:00,52,93,46.75,102.5,2,46.315,37.77,0.46,65.9,29.7,52.5
641,24-11-2020 12:00,51,92,43.75,106,2,44.095,38.65,0.43,80.1,29.82,49.25
642,24-11-2020 13:00,45.5,84,45,110.75,2,39.355,16.62,0.4,84.88,29.3,45.5
643,24-11-2020 14:00,41,80,41.5,104.5,2,30.735,20.92,0.4,85.88,29.15,42.75
644,24-11-2020 15:00,40,79,40.25,95.5,1,29.55,27.6,0.39,81,29.35,39.25
645,24-11-2020 16:00,42.5,84,40.5,94.5,2,42.675,22.7,0.39,87.72,29.35,38.5
646,24-11-2020 17:00,40.5,83.5,40.25,105.5,2,45.41,23.27,0.28,77.7,29.07,35.75
647,24-11-2020 18:00,49.5,97.5,44.75,118.25,2,48.28,31.15,0.45,68.35,29.33,46.75
648,24-11-2020 19:00,58,109.5,51.75,155.25,2,50.88,41.82,0.61,51.65,29.27,51.5
649,24-11-2020 20:00,64,117,67.5,170.75,2,50.805,49.02,0.76,44.35,29.23,52.75
650,24-11-2020 21:00,68,119,75.25,183.75,2,51.05,58.48,0.95,31.15,29.3,57.25
651,24-11-2020 22:00,69.5,117.5,84.25,167.25,2,50.75,59.7,0.93,26.38,29.3,59.25
652,24-11-2020 23:00,69,117.5,79.5,155.5,2,49.895,54.83,0.91,25.6,29.25,60.75
653,25-11-2020 00:00,65.5,114.5,72.5,151.5,2,50.435,59.67,0.85,16.3,29.27,64
654,25-11-2020 01:00,58.5,106.5,69.75,141,2,49.535,55.62,0.71,18.45,29.27,62.75
655,25-11-2020 02:00,61,109.5,59.5,131.75,2,47.235,46.75,0.54,27.15,29.23,62.75
656,25-11-2020 03:00,61.5,106,64.5,125.75,2,46.86,42.92,0.5,29.1,29.23,64.25
657,25-11-2020 04:00,59.5,102,56.25,106.75,2.5,45.98,35.83,0.44,36.85,29.5,64.5
658,25-11-2020 05:00,55,96.5,51.5,98.25,2,44.24,32.25,0.36,38.08,29.3,66.25
659,25-11-2020 06:00,58.5,100.5,46,101.25,2,46.955,34.52,0.37,35.88,29.23,67.5
660,25-11-2020 07:00,60.5,104,54,101.75,2,46.99,33.97,0.42,42.2,29.15,65.5
661,25-11-2020 08:00,68.5,115,62,116.75,2,45.015,34.45,0.48,51.48,29.15,63
662,25-11-2020 09:00,70,115.5,68,137.75,2,46.44,39.53,0.52,53.65,29.17,59.75
663,25-11-2020 10:00,59.5,101,65.75,135.75,2,47.95,38.03,0.47,61.05,29.25,56.5
664,25-11-2020 11:00,55,94,56.75,119.5,2,45.015,36.73,0.52,67.62,29.62,52.25
665,25-11-2020 12:00,49.5,88.5,47.5,109.5,2,42.24,33.85,0.45,66.68,29.75,48.25
666,25-11-2020 13:00,45,82.5,38.5,104,2,41.4,29.38,0.42,63.98,29.95,46.25
667,25-11-2020 14:00,40,76,33.75,82.5,2,42.83,30.55,0.39,66.4,29.85,47.75
668,25-11-2020 15:00,33,62,33,80,2,44.32,32.27,0.41,64.68,29.88,49.75
669,25-11-2020 16:00,28.5,54.5,31.25,74.5,1,45.175,30.98,0.38,61.4,29.8,50.25
670,25-11-2020 17:00,31.5,64.5,26.25,69.25,2,48.46,24.68,0.44,60.88,29.8,54
671,25-11-2020 18:00,37.5,73,29,75,2,48.86,29.48,0.51,55.67,29.62,56.75
672,25-11-2020 19:00,44.5,83,35.25,73.75,2,50.025,32.58,0.6,52.05,29.58,59
673,25-11-2020 20:00,52.5,92.5,40,84.25,2,50.52,38.5,0.75,42.48,29.48,60.25
674,25-11-2020 21:00,56.5,95.5,51.5,99.25,2,50.65,42.67,0.71,39.68,29.5,63.75
675,25-11-2020 22:00,55,91.5,48.75,94,2,50.14,38.48,0.7,39.85,29.48,68
676,25-11-2020 23:00,53,89.5,43.25,83.25,2.5,49.675,33.88,0.62,38.78,29.55,69.5
677,26-11-2020 00:00,55,93,39.5,80.25,2,50.06,36.58,0.57,36.33,29.42,69.5
678,26-11-2020 01:00,56,94.5,43.75,88,2,49.545,37.85,0.48,36.85,29.5,65.5
679,26-11-2020 02:00,55,92.5,44,89.5,2,48.005,32.78,0.43,37.95,29.45,64.25
680,26-11-2020 03:00,62,96,47.25,81.5,2,47.935,29.38,0.41,40.4,29.48,73.5
681,26-11-2020 04:00,59.5,93,44.5,65.75,2,47.855,26.82,0.37,33.7,29.75,80
682,26-11-2020 05:00,57.5,91.5,35.5,52,2,46.135,26.57,0.38,31.38,29.52,76.75
683,26-11-2020 06:00,55.5,89,38.25,57.75,2,45.895,27,0.36,32.52,29.4,75
684,26-11-2020 07:00,57,90.5,34.25,57,2,42.645,26.35,0.38,35.55,29.4,75.25
685,26-11-2020 08:00,63.5,99,39.5,59.75,2,47.64,27.05,0.44,35.1,29.45,74.75
686,26-11-2020 09:00,47.5,83,41.5,64.5,2,46.465,28.1,0.39,38.55,29.42,72
687,26-11-2020 10:00,38.5,69.5,33.25,55.75,2,46.895,27.45,0.41,44.35,29.52,69.75
688,26-11-2020 11:00,37.5,70,30,63.75,2,45.14,24.2,0.41,46.67,29.77,67.5
689,26-11-2020 12:00,34,63.5,26.75,71,2,45.535,21.25,0.33,49.4,29.9,66.75
690,26-11-2020 13:00,22.5,46.5,22.75,66.75,2,44.555,20.73,0.42,53.8,29.83,64.25
691,26-11-2020 14:00,19.5,38,14.75,59.25,1.5,45.41,21.07,0.39,53,29.52,64.25
692,26-11-2020 15:00,22.5,43,20.75,48.5,1.5,46.83,21.6,0.39,52.25,29.52,64.5
693,26-11-2020 16:00,31,61.5,23.75,53.75,2,48.425,22.53,0.41,49.52,29.52,66.75
694,26-11-2020 17:00,30,61,25.5,64.5,2,49.19,22.88,0.36,43.17,29.3,68
695,26-11-2020 18:00,32.5,64.5,24,61,2,49.93,25.9,0.37,38.12,29.32,69.25
696,26-11-2020 19:00,44.5,83,26,60.75,2,50.42,35.53,0.54,26.57,29.3,71
697,26-11-2020 20:00,51.5,89.5,34.5,78.75,2,50.555,39.62,0.59,21.33,29.25,72.5
698,26-11-2020 21:00,61.5,100.5,44.75,86,2,49.795,35.4,0.65,30.6,29.25,71.75
699,26-11-2020 22:00,62,97.5,52,97.25,2,48.33,30.1,0.56,35.98,29.33,71.25
700,26-11-2020 23:00,76,112,51.75,90,2.5,48.18,29.75,0.58,37.43,29.3,72.25
701,27-11-2020 00:00,73.5,107,58.25,97,2,48.045,34.1,0.56,24.4,29.3,76
702,27-11-2020 01:00,84.5,116.5,54.25,83.25,2,48.11,31.55,0.42,21.67,29.33,79.75
703,27-11-2020 02:00,89.5,121,60.25,88.75,2,48.36,30.35,0.42,24.5,29.4,79
704,27-11-2020 03:00,95.5,129,64.5,90.25,2,45.355,26.32,0.42,24.9,29.52,82.75
705,27-11-2020 04:00,85.5,114.5,53.25,75.5,2,46.275,22.7,0.4,23.45,29.65,84
706,27-11-2020 05:00,78,108,41,64,2,44.615,23.18,0.42,23.02,29.4,84.25
707,27-11-2020 06:00,45.5,73.5,34.25,54.75,2,43.265,21.67,0.29,29.85,29.4,83
708,27-11-2020 07:00,29,48.5,22,32.75,2,42.845,20.1,0.25,36.1,29.42,84
709,27-11-2020 08:00,61,94,22.25,31.25,2,44.505,25.17,0.34,28.85,29.4,83.5
710,27-11-2020 09:00,56.5,91,32.25,57.75,2,44.865,28.65,0.36,27.3,29.4,82
711,27-11-2020 10:00,49,84,33,59.75,2,48.04,28.33,0.39,29.4,29.38,80.25
712,27-11-2020 11:00,53.5,89.5,33.75,55.5,2,46.475,27.27,0.44,32.83,29.65,78.25
713,27-11-2020 12:00,46,81.5,35.25,71.75,2,46.88,26.6,0.32,38.95,29.6,74
714,27-11-2020 13:00,48.5,86,32.5,70.75,2,45.09,27.02,0.36,38.65,29.62,78
715,27-11-2020 14:00,53.5,86.5,30.25,62.25,2,47.46,27.3,0.38,37.05,29.38,81.25
716,27-11-2020 15:00,33.5,61,27.75,40.75,2,47.305,26.15,0.33,40.17,29.23,75
717,27-11-2020 16:00,56,90.5,29.25,51.25,2,46.845,27.62,0.39,39.4,29.2,76.25
718,27-11-2020 17:00,75,107.5,40,69,2,43.825,26.05,0.36,41.28,29.27,78.5
719,27-11-2020 18:00,92.5,131.5,51.75,76,2,47.22,29.67,0.42,31.23,29.45,83.5
720,27-11-2020 19:00,103.5,157,51.5,80,2,47.69,31.2,0.47,32.43,29.45,84.75
721,27-11-2020 20:00,112,179.5,46.25,72.75,2,46.45,30.25,0.5,34.65,29.42,85
722,27-11-2020 21:00,101.5,149.5,55.75,72.75,2,45.01,27.17,0.61,34.85,29.4,83.75
723,27-11-2020 22:00,94,133,51.75,73.5,2,44.39,24.25,0.57,35.88,29.3,83
724,27-11-2020 23:00,98.5,148.5,42.75,68.75,2,44.825,25.32,0.54,35.22,29.43,83.75
725,28-11-2020 00:00,99.5,146,44.25,67.75,2,45.415,27.57,0.52,30.88,29.42,84.5
726,28-11-2020 01:00,94.5,135,41.5,65.75,2,44.875,26.5,0.28,30.98,29.4,83.5
727,28-11-2020 02:00,100,154.5,41,59.75,2,45.02,25.5,0.28,29,29.4,85
728,28-11-2020 03:00,109,190.5,42.75,54.5,2,44.74,27.3,0.29,26.45,29.42,86
729,28-11-2020 04:00,103.5,169.5,39.5,57.5,2,44.3,23.4,0.27,31.3,29.7,86
730,28-11-2020 05:00,100,163,40,52.75,2,42.975,24.02,0.36,27.65,29.42,86
731,28-11-2020 06:00,97,162,35.25,49.75,2,43.035,24.7,0.34,25.75,29.42,86
732,28-11-2020 07:00,89.5,140,29.5,42.25,2,44.19,26.43,0.38,22.2,29.5,86
733,28-11-2020 08:00,81.5,122,26,39.75,2,42.09,24.23,0.38,24.05,29.45,86
734,28-11-2020 09:00,88.5,129,22,41,2.5,42.95,29.1,0.4,19.9,29.42,86
735,28-11-2020 10:00,61.5,92,27,46.75,2,45.055,30.38,0.44,26.23,29.35,81
736,28-11-2020 11:00,51.5,83,23.5,46,2,42.445,27.77,0.47,34.05,29.52,77
737,28-11-2020 12:00,45.5,75.5,20.75,44.5,2,42.53,24.45,0.38,38.48,29.57,76.25
738,28-11-2020 13:00,49.5,80.5,17.75,42,2,44.76,22.6,0.39,41.6,29.55,74.5
739,28-11-2020 14:00,48.5,78,19.75,48,2,42.85,25.07,0.39,46.1,29.25,72.75
740,28-11-2020 15:00,45.5,72.5,18.5,47,2,43.425,25.92,0.38,46.2,29.12,73.25
741,28-11-2020 16:00,42.5,70,17.75,43.5,2,45.155,25.27,0.36,48.15,29.15,71.5
742,28-11-2020 17:00,41.5,69,20,44.75,2,46.68,28.05,0.42,49.35,29.2,69.75
743,28-11-2020 18:00,50,84,19.75,56,2,49.795,33.58,0.52,36.3,29.15,75.5
744,28-11-2020 19:00,53,89.5,22.75,66.5,2,50.67,40,0.61,21.05,29.17,77.75
745,28-11-2020 20:00,59,96,34,73.25,2,50.655,40.75,0.66,19.55,29.2,78.25
746,28-11-2020 21:00,65.5,102.5,34.25,83.5,2,49.345,47.38,0.73,7.65,29.2,81.5
747,28-11-2020 22:00,64,99.5,33,88.25,2,47.735,39.73,0.65,11.57,29.23,82.25
748,28-11-2020 23:00,70.5,107.5,28.75,71,2,47,42.95,0.67,7.95,29.25,82
749,29-11-2020 00:00,71,108.5,33.75,72,2,47.405,43.55,0.65,7.78,29.27,82.5
750,29-11-2020 01:00,72,109,33.25,75.25,2,46.54,40.65,0.6,6.97,29.3,82
751,29-11-2020 02:00,74.5,111.5,32.5,73.5,2,45.675,36.25,0.47,11.7,29.3,83.75
752,29-11-2020 03:00,63,95.5,25,59,2,45.13,26.85,0.37,16.15,29.25,84
753,29-11-2020 04:00,59.5,94,17.25,37.5,2,46.715,23.75,0.33,31.35,29.55,84
754,29-11-2020 05:00,65.5,103,21.25,37,2,46.845,22.62,0.3,30.23,29.25,84
755,29-11-2020 06:00,68.5,107,21.75,43.25,2,46.355,21.65,0.3,31.35,29.23,84
756,29-11-2020 07:00,74,116.5,21.75,54,2,40.385,23.95,0.33,28.9,29.27,84.75
757,29-11-2020 08:00,79.5,120,26.5,59.75,2,43,27.6,0.41,26.05,29.25,84.25
758,29-11-2020 09:00,59.5,95,32.25,67,2,44.445,27.15,0.5,37.75,29.2,77.5
759,29-11-2020 10:00,46.5,79,27.25,62,2.5,42.04,25.65,0.48,51.67,29.12,72.25
760,29-11-2020 11:00,37.5,65,26.75,54.75,2,37.16,23.3,0.42,55.15,29.4,68
761,29-11-2020 12:00,33.5,56.5,23,50.25,2,34.145,23.15,0.39,57.75,29.52,65.75
762,29-11-2020 13:00,29,51,21,45.75,2,28.08,24.25,0.42,58.48,29.48,64.75
763,29-11-2020 14:00,27.5,49.5,15.25,41.25,1,39.755,25.05,0.41,57.83,29.1,64.75
764,29-11-2020 15:00,23,42.5,15.5,46.5,1,38.25,25.45,0.4,63.28,29.02,61.75
765,29-11-2020 16:00,27.5,53.5,15.25,46,1,38.925,27.68,0.43,60.38,29.05,61.75
766,29-11-2020 17:00,30.5,57.5,20.25,56.25,2,47.39,30.9,0.42,56.43,29.1,65.25
767,29-11-2020 18:00,33,62.5,23.75,53,2,48.25,32.05,0.46,47.28,29.1,68.5
768,29-11-2020 19:00,41.5,78,24,60.75,1.5,50.275,41.05,0.63,23.9,29.15,76
769,29-11-2020 20:00,52,90.5,29.75,74.5,2,51.195,53.52,0.98,5.15,29.1,80
770,29-11-2020 21:00,60,97.5,39.5,102,2,50.96,54.45,1.2,2.67,29.12,81
771,29-11-2020 22:00,58.5,95.5,43,104.25,2,49.805,41.12,0.97,16.17,29.1,79.75
772,29-11-2020 23:00,49.5,86.5,36.25,88.25,2,48.4,32.83,0.65,32.62,29.1,77.25
773,30-11-2020 00:00,46.5,84,26.25,71.25,2,48.955,31.55,0.54,33.05,29.17,77.75
774,30-11-2020 01:00,45.5,82,29.5,61.5,2.5,46.345,30.4,0.48,27.15,29.2,79.25
775,30-11-2020 02:00,41,78,26,55.5,2,46.335,33.6,0.48,22.07,29.27,79.5
776,30-11-2020 03:00,38.5,77,21.75,51.5,2,46.66,37,0.47,18.1,29.35,80
777,30-11-2020 04:00,40.5,78.5,27.5,53,2,47.38,41.25,0.46,8.75,29.52,82
778,30-11-2020 05:00,41.5,78,27.5,52.5,2,45.8,34.25,0.42,8.57,29.3,82.25
779,30-11-2020 06:00,44,82.5,22.25,52.75,2,46.26,34.8,0.44,7.95,29.35,82.25
780,30-11-2020 07:00,47.5,87,21.5,64.5,2,45.885,41.77,0.58,2,29.3,83
781,30-11-2020 08:00,52,91.5,29.75,87.75,2,45.92,49.95,0.78,7.75,29.3,78.25
782,30-11-2020 09:00,46.5,85,39,92.5,2,43.33,34.6,0.41,49.83,29.3,62.75
783,30-11-2020 10:00,48.5,89,34.25,74.25,2,32.12,31.4,0.4,75.55,29.23,55.5
784,30-11-2020 11:00,45.5,84.5,36.25,76.25,2,38.62,29.73,0.41,84.4,29.4,52.5
785,30-11-2020 12:00,48,87,31.75,74.25,2,46.305,29.4,0.41,90.02,29.68,53.25
786,30-11-2020 13:00,45,81.5,33,81.5,2,44.225,25.7,0.48,88.65,29.75,55
787,30-11-2020 14:00,47.5,82.5,30,75.25,2,35.02,30,0.47,101.03,29.6,54.25
788,30-11-2020 15:00,47.5,84,31,79,1.5,39.49,29.05,0.47,104.33,29.6,56
789,30-11-2020 16:00,47,85.5,34.75,79.75,1.5,46.86,29.23,0.48,90.9,29.7,57.5
790,30-11-2020 17:00,46.5,87,37.25,82,2,48.925,28.75,0.44,77.78,29.28,60.5
791,30-11-2020 18:00,49.5,89.5,35.75,81.5,2,49.39,27.18,0.48,50.73,29.18,68.75
792,30-11-2020 19:00,51.5,89.5,31,80.25,2,49.525,31.12,0.53,38.52,29.2,74
793,30-11-2020 20:00,62.5,117,49,104,2,51.705,76.92,1.25,4.45,29.2,73.75
794,30-11-2020 21:00,83.5,142.5,83.5,172.75,2,52.935,92.8,1.9,1.25,29.25,71.25
795,30-11-2020 22:00,94.5,156,80.25,176,2.5,52.2,91.62,2,2.4,29.3,73.5
796,30-11-2020 23:00,86,129.5,84.5,187,2.5,51.89,83.92,1.8,1.55,29.33,76
