created_at,pm25_air,pm10_air,PM2.5,PM10
01-10-2020 01:00,52.5,86,35.5,51.75
01-10-2020 02:00,60.5,94.5,33,50.25
01-10-2020 03:00,81,122,30,48
01-10-2020 04:00,72.5,109.5,37.25,62.75
01-10-2020 05:00,72,108.5,41,56.25
01-10-2020 06:00,83,124.5,42.75,74.25
01-10-2020 07:00,62,94.5,46,88.25
01-10-2020 08:00,51,82.5,37.75,54
01-10-2020 09:00,46,76.5,29.75,50
01-10-2020 10:00,39.5,69.5,27.25,56.75
01-10-2020 11:00,38.5,68.5,32.75,60.5
01-10-2020 12:00,38.5,69.5,38.25,66.75
01-10-2020 13:00,41.5,74,39.5,72.75
01-10-2020 14:00,42.5,75,43.75,75
01-10-2020 15:00,41.5,76,50.75,77
01-10-2020 16:00,38.5,77,46.5,84
01-10-2020 17:00,37,80.5,46.75,89.25
01-11-2020 00:00,87.5,133.5,86,179
01-11-2020 00:00,87.5,133.5,73,172
02-10-2020 13:00,31,71,42,86.5
02-10-2020 14:00,25,65,41.5,86.25
02-10-2020 15:00,22.5,61,39.75,87.75
02-10-2020 16:00,22.5,62,40.75,82
02-10-2020 17:00,24,65,45,86.25
02-10-2020 18:00,26.5,69,42.75,89.25
02-10-2020 19:00,32.5,78.5,44.75,89
02-10-2020 20:00,37,83,45.5,92.75
02-10-2020 21:00,39,81.5,47.5,84.25
02-10-2020 22:00,47,87,42.25,86.25
02-10-2020 23:00,54,97.5,51.5,110.75
03-10-2020 00:00,64,109.5,59,121.75
03-10-2020 01:00,72,117,59.75,127.5
03-10-2020 02:00,67,109,61.5,118.25
03-10-2020 03:00,55.5,98,60,113
03-10-2020 04:00,50,91.5,49.25,98
03-10-2020 05:00,57,93.5,49.75,90.25
03-10-2020 06:00,45.5,84,39.5,85.25
03-10-2020 07:00,45.5,84.5,37.25,85
03-10-2020 08:00,52,91,37.25,84.75
03-10-2020 09:00,50,88.5,44.5,92.75
03-10-2020 10:00,42,82.5,44.75,91
03-10-2020 11:00,35.5,77,41.75,88
03-10-2020 12:00,31.5,69.5,44.25,88.75
03-10-2020 13:00,27,67,43.5,91.5
03-10-2020 14:00,25,66,38.75,92.5
03-10-2020 15:00,25,66,39,90.25
03-10-2020 16:00,24.5,67.5,43,88
03-10-2020 17:00,26,70.5,47.25,90
03-10-2020 18:00,29,77,50.25,96
03-10-2020 19:00,34,84.5,49.5,106
03-10-2020 20:00,39,89,55,122
03-10-2020 21:00,45,91,57.5,124.75
03-10-2020 22:00,47,89.5,56,121.75
03-10-2020 23:00,49,87,54,109.25
04-10-2020 00:00,53,95,51.75,99.75
04-10-2020 01:00,58,101,62.25,123
04-10-2020 02:00,66,107,59.5,121.25
04-10-2020 03:00,58,99.5,56.75,111
04-10-2020 04:00,49.5,88.5,49.5,92.75
04-10-2020 05:00,53.5,90,37.25,79.5
04-10-2020 06:00,57.5,94,33.75,68.5
04-10-2020 07:00,58,94,38,66.25
04-10-2020 08:00,54.5,90.5,36.25,67.25
04-10-2020 09:00,49,88.5,42,79
04-10-2020 10:00,39,80,46.5,84.75
04-10-2020 11:00,32,75,42,85.75
04-10-2020 12:00,32.5,72.5,41.5,89.25
04-10-2020 13:00,26,61.5,39.5,84.5
04-10-2020 14:00,25,59,38.75,84.5
04-10-2020 15:00,26,61,41,81
04-10-2020 16:00,35,73.5,43.25,87
04-10-2020 17:00,32.5,73.5,51,93.5
04-10-2020 18:00,29,69.5,51.75,86.25
04-10-2020 19:00,33.5,75,46,88.75
04-10-2020 20:00,41,85.5,49,95.75
04-10-2020 21:00,47.5,88,48.75,102
04-10-2020 22:00,53,95.5,50.25,110.75
04-10-2020 23:00,68,109,58,127.5
05-10-2020 00:00,51,88.5,57.25,113.5
05-10-2020 01:00,48,85,44.5,73.25
05-10-2020 02:00,49.5,86,41,66
05-10-2020 03:00,53.5,93.5,43,71
05-10-2020 04:00,55,96.5,40,78.75
05-10-2020 05:00,55.5,93.5,38.75,81
05-10-2020 06:00,57.5,93,35,71.25
05-10-2020 07:00,62.5,97.5,35,67.25
05-10-2020 08:00,54,89.5,35.75,64.75
05-10-2020 09:00,50.5,87,38.75,75.25
05-10-2020 10:00,46.5,84,40.75,85
05-10-2020 11:00,41.5,79.5,38.25,93
05-10-2020 12:00,38,76.5,34.5,89.75
05-10-2020 13:00,31,66,39,89
05-10-2020 14:00,29,64,33,82.25
05-10-2020 15:00,30,67,36.5,85.25
05-10-2020 16:00,32.5,70,37.5,92.25
05-10-2020 17:00,31.5,71,36.25,91.75
05-10-2020 18:00,33,74.5,37.25,91.25
05-10-2020 19:00,40.5,83.5,39.25,102.75
05-10-2020 20:00,46,89,44,110.25
05-10-2020 21:00,48,89,46.75,116.25
05-10-2020 22:00,50.5,88.5,44.75,107.75
05-10-2020 23:00,58,98,44.5,93.75
06-10-2020 00:00,63,103,55.5,109.5
06-10-2020 01:00,64.5,103,55,110
06-10-2020 02:00,72,110.5,52.5,102.25
06-10-2020 03:00,76,115,61.25,113.5
06-10-2020 04:00,63.5,100,54.25,105.25
06-10-2020 05:00,58,98,49,96.75
06-10-2020 06:00,65.5,108.5,50.75,109.25
06-10-2020 07:00,62.5,104,55.25,118.75
06-10-2020 08:00,58.5,100,52.5,111.75
06-10-2020 09:00,51,90.5,49,116.25
06-10-2020 10:00,45.5,83.5,43,102.25
06-10-2020 11:00,38,79.5,41.75,94.75
06-10-2020 12:00,34,76.5,38.75,97.75
06-10-2020 13:00,36.5,78,41.75,98.25
06-10-2020 14:00,37.5,77.5,44.75,94.75
06-10-2020 15:00,33.5,72.5,45.25,98.75
06-10-2020 16:00,31.5,71,39.75,95.5
06-10-2020 17:00,34.5,75.5,40.5,96
06-10-2020 18:00,36,82,43.75,94.25
06-10-2020 19:00,40.5,84.5,41,101.25
06-10-2020 20:00,43.5,86.5,45.75,111
06-10-2020 21:00,44.5,86.5,51,111.25
06-10-2020 22:00,47.5,90,52.25,112.25
06-10-2020 23:00,49,89.5,54.25,111.25
07-10-2020 00:00,48.5,89.5,48.5,105.5
07-10-2020 01:00,50.5,89,49,104.5
07-10-2020 02:00,53.5,92.5,54.5,105
07-10-2020 03:00,59,100,53.25,102.75
07-10-2020 04:00,79.5,116.5,57,111.5
07-10-2020 05:00,89,127.5,67.5,134.75
07-10-2020 06:00,84,121.5,71.25,141.5
07-10-2020 07:00,78.5,117,69,129.75
07-10-2020 08:00,77,120.5,70,142.5
07-10-2020 09:00,68.5,115.5,71.5,162.25
07-10-2020 10:00,53,97,64.75,148.75
07-10-2020 11:00,47.5,90.5,55,127
07-10-2020 12:00,54,98,48.5,115.25
07-10-2020 13:00,51,91,54.5,126.5
07-10-2020 14:00,54.5,93,58,107.25
07-10-2020 15:00,63,98.5,79.25,123.5
07-10-2020 16:00,64.5,98,70.25,132.25
07-10-2020 17:00,63,97.5,66.5,99
07-10-2020 18:00,64.5,99.5,61.5,96.75
07-10-2020 19:00,60.5,96,59.5,98
07-10-2020 20:00,65,101,57.75,97.5
07-10-2020 21:00,68,103,57,101
07-10-2020 22:00,73.5,108,56.5,90.5
07-10-2020 23:00,79.5,113,54.75,92.5
08-10-2020 00:00,78.5,112.5,53.75,82.75
08-10-2020 01:00,79,112,53,76
08-10-2020 02:00,87,121.5,54.5,77.5
08-10-2020 03:00,90.5,129.5,59,84.75
08-10-2020 04:00,96,134.5,58.5,95
08-10-2020 05:00,95.5,133.5,57,99
08-10-2020 06:00,96,135,58.25,91.5
08-10-2020 07:00,94,132,60.5,88
08-10-2020 08:00,98,139,58.75,96.5
08-10-2020 09:00,80.5,118.5,65.25,115.25
08-10-2020 10:00,77,115.5,61,121.5
08-10-2020 11:00,63,103,60.75,117
08-10-2020 12:00,54.5,89.5,49.75,103.5
08-10-2020 13:00,54.5,85.5,45.5,89.5
08-10-2020 14:00,48.5,79,41.75,84.25
08-10-2020 15:00,50.5,82.5,35.25,74.75
08-10-2020 16:00,52.5,86,37.75,82.25
08-10-2020 17:00,60.5,95,43.25,91.75
08-10-2020 18:00,66,100,46.75,101.5
08-10-2020 19:00,69.5,106,52.75,104
08-10-2020 20:00,74,112,47,98.25
08-10-2020 21:00,78.5,117,52.5,98.25
08-10-2020 22:00,84,123.5,58.5,96
08-10-2020 23:00,89,130.5,55.75,94.5
09-10-2020 00:00,92.5,139.5,59.75,90.75
09-10-2020 01:00,96.5,149,57.75,93.25
09-10-2020 02:00,94.5,149.5,62.25,92.25
09-10-2020 03:00,78.5,130,59.25,86.25
09-10-2020 04:00,100.5,179.5,57.25,86.25
09-10-2020 05:00,95,162.5,56,89.75
09-10-2020 06:00,91,152,49.25,77.75
09-10-2020 07:00,85.5,134.5,46.5,70
09-10-2020 08:00,82,127,47.25,72.25
09-10-2020 09:00,76.5,114.5,53,84.25
09-10-2020 10:00,72,108,49,76.25
09-10-2020 11:00,62,95.5,45.5,86.25
09-10-2020 12:00,66,101.5,46.25,89
09-10-2020 13:00,70.5,104.5,54.25,100.25
09-10-2020 14:00,80,111.5,60.75,118.75
09-10-2020 15:00,60,93.5,62.5,119.75
09-10-2020 16:00,57,90.5,45.75,97.75
09-10-2020 17:00,51.5,86.5,51.5,94.5
09-10-2020 18:00,42.5,79.5,42.25,86.75
09-10-2020 19:00,43.5,74.5,34.25,74.5
09-10-2020 20:00,47.5,81.5,27,42.25
09-10-2020 21:00,42,74.5,29,47
09-10-2020 22:00,46.5,83,27,41.5
09-10-2020 23:00,46,82.5,28.75,43.5
10-10-2020 00:00,42.5,77.5,27,45.5
10-10-2020 01:00,40.5,74.5,32.5,49
10-10-2020 02:00,42.5,79,30,50.75
10-10-2020 03:00,44.5,82.5,25.5,39.25
10-10-2020 04:00,42,82.5,21.5,44.75
10-10-2020 05:00,39,81,22.25,49.5
10-10-2020 06:00,41.5,83.5,21.75,50.25
10-10-2020 07:00,38.5,79,26,53.5
10-10-2020 08:00,46.5,87,23.5,47
10-10-2020 09:00,54.5,97.5,30,66.75
10-10-2020 10:00,53.5,89.5,44.25,83.5
10-10-2020 11:00,41,65.5,37.75,60
10-10-2020 12:00,35,52,26,46.5
10-10-2020 13:00,35,55,28.25,42.75
10-10-2020 14:00,33.5,53.5,26.25,45.5
10-10-2020 15:00,34.5,55.5,25.75,47
10-10-2020 16:00,37,65.5,25.5,50.25
10-10-2020 17:00,46.5,85,37.75,68.5
10-10-2020 18:00,49,88.5,43,95.5
10-10-2020 19:00,59.5,100.5,44.25,99.5
10-10-2020 20:00,46,83.5,46,93.5
10-10-2020 21:00,53,93,42,85.75
10-10-2020 22:00,82.5,107.5,45.5,98.5
10-10-2020 23:00,72,113.5,40.75,86.25
11-10-2020 00:00,78,119.5,48.75,91
11-10-2020 01:00,76.5,115.5,47.5,90.5
11-10-2020 02:00,58,92,43,75.5
11-10-2020 03:00,64.5,101,34.5,61
11-10-2020 04:00,69.5,107,34.25,59
11-10-2020 05:00,74.5,120,31.5,69
11-10-2020 06:00,59.5,103,38.5,83.25
11-10-2020 07:00,63,107.5,36,63.5
11-10-2020 08:00,62.5,108.5,32,61.75
11-10-2020 09:00,60.5,103.5,27.75,52
11-10-2020 10:00,32,60,23,46.5
11-10-2020 11:00,44,84,21.5,32.25
11-10-2020 12:00,10.5,31,21.75,34.5
11-10-2020 13:00,0,0,9,21.25
11-10-2020 14:00,0,0,9.75,22
11-10-2020 15:00,0,0,13.5,22.75
11-10-2020 16:00,0,0,16.75,23
11-10-2020 17:00,0,0,11.25,16.5
11-10-2020 18:00,0,0,6,14.75
11-10-2020 19:00,0,0,6,14.75
11-10-2020 20:00,0,0,8.25,20.5
11-10-2020 21:00,0,1,14.75,32.75
11-10-2020 22:00,0,0.5,15.5,34.25
11-10-2020 23:00,0,0.5,19,22.5
12-10-2020 00:00,0,0,18,26.25
12-10-2020 01:00,0,0.5,26.75,51.25
12-10-2020 02:00,0,0.5,33.25,78
12-10-2020 03:00,0,0.5,25,63.75
12-10-2020 04:00,0,0,18.75,29.5
12-10-2020 05:00,0,0,27.5,30.75
12-10-2020 06:00,0,0.5,33.5,48.75
12-10-2020 07:00,0,1,46,78.25
12-10-2020 08:00,0,1,43.75,80.75
12-10-2020 09:00,0.5,1.5,50.75,87.5
12-10-2020 10:00,0,1,61.5,90.25
12-10-2020 11:00,0,0.5,48.5,81
12-10-2020 12:00,0,0.5,38.25,66.25
12-10-2020 13:00,0,0,30,56.25
12-10-2020 14:00,0,0,29.25,49.5
12-10-2020 15:00,0,0,26.75,45.25
12-10-2020 16:00,0,0,23,43
12-10-2020 17:00,0,0,13.75,32.25
12-10-2020 18:00,0,0,14.25,28.25
12-10-2020 19:00,0,0.5,18.25,30.75
12-10-2020 20:00,0,0,18,25.5
12-10-2020 21:00,0,0.5,14,21.75
12-10-2020 22:00,0,0,12.25,24
12-10-2020 23:00,0,0,15.75,23.5
13-10-2020 00:00,0,0.5,15,23
13-10-2020 01:00,0,0,15,28.75
13-10-2020 02:00,0,0,15,34.25
13-10-2020 03:00,0,0,14,24.75
13-10-2020 04:00,0,0,11,24
13-10-2020 05:00,0,0,13,31.75
13-10-2020 06:00,0,0.5,19.25,29
13-10-2020 07:00,0,0,19,29.5
13-10-2020 08:00,0,0,14.25,22
13-10-2020 09:00,0,0.5,10.75,22.75
13-10-2020 10:00,0,0.5,17,25.5
13-10-2020 11:00,0,0.5,19.5,28.25
13-10-2020 12:00,0,0.5,19.5,30.75
13-10-2020 13:00,0,0.5,23.75,31.25
13-10-2020 14:00,0,0.5,23.25,41.25
13-10-2020 15:00,0,1,24.75,33.25
13-10-2020 16:00,0,0.5,28.25,34.25
13-10-2020 17:00,0,1,31.5,36
13-10-2020 18:00,1.5,2,30.25,38.5
13-10-2020 19:00,0,0,28.25,33.75
13-10-2020 20:00,0,0.5,20,23.5
13-10-2020 21:00,0,0,19.5,21.25
13-10-2020 22:00,0,0.5,17,18.5
13-10-2020 23:00,0,1,13,16
14-10-2020 00:00,29.5,37,9.5,12.25
14-10-2020 01:00,9.5,14.5,9,10
14-10-2020 13:00,0,0,10,29
14-10-2020 14:00,5,6.5,9.75,29.75
14-10-2020 15:00,13,18,9.5,29.25
14-10-2020 16:00,16,24,12.25,22.75
14-10-2020 17:00,27.5,43,15.5,26.5
14-10-2020 18:00,45,74,13.5,23
14-10-2020 19:00,55.5,87.5,12.5,28.25
14-10-2020 20:00,62,98.5,16.25,35.25
14-10-2020 21:00,60.5,97,22.5,33.5
14-10-2020 22:00,62.5,101.5,21,26
14-10-2020 23:00,39.5,101,15,19
15-10-2020 00:00,23.5,51,13.75,18.25
15-10-2020 01:00,36.5,69,10.5,18.75
15-10-2020 02:00,52.5,92,12.5,28.75
15-10-2020 03:00,50,90.5,13.75,31
15-10-2020 04:00,51.5,90.5,12.5,22.5
15-10-2020 05:00,52.5,91,12.25,24.25
15-10-2020 06:00,51.5,89,15.25,26.5
15-10-2020 07:00,54.5,94.5,12.75,30.25
15-10-2020 08:00,50,85,14.75,28
15-10-2020 09:00,45,71.5,22,29
15-10-2020 10:00,39.5,56.5,19.25,32
15-10-2020 11:00,31.5,43.5,19,31.75
15-10-2020 12:00,31,46,16,32.25
15-10-2020 13:00,29.5,44.5,16.25,36
15-10-2020 14:00,30,45.5,17.5,36
15-10-2020 15:00,34.5,53,20.5,39.25
15-10-2020 16:00,35,54,23.5,59.5
15-10-2020 17:00,34.5,56,18.5,79.5
15-10-2020 18:00,38,66.5,19.5,46
15-10-2020 19:00,48,90.5,26.25,48
15-10-2020 20:00,52,86,25,47.75
15-10-2020 21:00,51.5,87,28,53.75
15-10-2020 22:00,49,84,28.25,46.5
15-10-2020 23:00,52,89.5,30,46.75
16-10-2020 00:00,51,88.5,32,54.75
16-10-2020 01:00,47.5,84,27,57.75
16-10-2020 02:00,45,82,20,40
16-10-2020 03:00,44.5,81.5,16.75,35.25
16-10-2020 04:00,47,86,15,35.25
16-10-2020 05:00,50,88.5,12,26.5
16-10-2020 06:00,54.5,94.5,14,35.5
16-10-2020 07:00,60.5,102,22.75,43
16-10-2020 08:00,54,92,30,53.25
16-10-2020 09:00,41.5,75.5,27.75,55.75
16-10-2020 10:00,32,55.5,28.5,52.5
16-10-2020 11:00,21.5,38,23.5,49
16-10-2020 12:00,18,32,21.5,34.5
16-10-2020 13:00,15,28.5,18.75,37.5
16-10-2020 14:00,19.5,41.5,15.25,42.75
16-10-2020 15:00,21,46.5,16,45
16-10-2020 16:00,23.5,56,25,46.5
16-10-2020 17:00,23.5,51.5,23.75,50.25
16-10-2020 18:00,30,65,21.5,49.25
16-10-2020 19:00,38,75,22.75,52.5
16-10-2020 20:00,44,82,16.5,52
16-10-2020 21:00,48.5,92,27.75,61
16-10-2020 22:00,53.5,98.5,31,77
16-10-2020 23:00,55,97,32,66.75
17-10-2020 00:00,52,90,25.75,52.75
17-10-2020 01:00,52,88.5,24,48.75
17-10-2020 02:00,53,92,23.25,51
17-10-2020 03:00,53.5,90,28.75,55
17-10-2020 04:00,57.5,96,25,40
17-10-2020 05:00,59,100,23.75,39.5
17-10-2020 06:00,61,102,20.5,38.75
17-10-2020 07:00,58,97,21.25,39
17-10-2020 08:00,42,76.5,17.75,34.75
17-10-2020 09:00,31,66,17,40.75
17-10-2020 10:00,33.5,71.5,24.75,48.25
17-10-2020 11:00,31.5,69,21.25,65.5
17-10-2020 12:00,35.5,74,22.5,69.75
17-10-2020 13:00,31,64,23.75,69
17-10-2020 14:00,27,55.5,22.75,67.25
17-10-2020 15:00,26,50,22.25,61
17-10-2020 16:00,24.5,48,22.25,57
17-10-2020 17:00,32,63,23,59.25
17-10-2020 18:00,50,85,32.25,73
17-10-2020 19:00,67.5,102.5,33.25,64.75
17-10-2020 20:00,51,82,32.25,53.75
17-10-2020 21:00,33,73.5,24.25,38
17-10-2020 22:00,21.5,65.5,15.25,26.75
17-10-2020 23:00,9.5,25.5,11.5,19
18-10-2020 00:00,9,46,6.75,16
18-10-2020 01:00,25.5,58,7.25,17.5
18-10-2020 02:00,48,96,11,21.25
18-10-2020 03:00,79.5,182.5,11.5,21.5
18-10-2020 04:00,83,183.5,15.25,30.75
18-10-2020 05:00,103,329.5,21.75,38.5
18-10-2020 06:00,123,357,23.75,47.5
18-10-2020 07:00,102,240.5,30.5,50.25
18-10-2020 08:00,117.5,272.5,25.5,46.25
18-10-2020 09:00,68,107,24.25,50
19-10-2020 12:00,24.5,39,34.5,49
19-10-2020 13:00,25.5,47.5,16,48.5
19-10-2020 14:00,56.5,90,19.5,44.5
19-10-2020 15:00,77,127.5,23.25,37.75
19-10-2020 16:00,80,124,31.5,42
19-10-2020 17:00,78,121,33.25,49.25
19-10-2020 18:00,76.5,121.5,24.25,53
19-10-2020 19:00,79,135.5,24.25,53.5
19-10-2020 20:00,72.5,123.5,29,56
19-10-2020 21:00,69,114.5,26,58.75
19-10-2020 22:00,80.5,129,37.5,62
19-10-2020 23:00,96,160,45.5,78
20-10-2020 00:00,86,137.5,46,86.5
20-10-2020 01:00,84.5,136,42.5,76.5
20-10-2020 02:00,85.5,137.5,39.25,76.25
20-10-2020 03:00,91,152,34.75,71
20-10-2020 04:00,110.5,187,39.5,73.5
20-10-2020 05:00,102.5,163,44.25,76.25
20-10-2020 06:00,90,170.5,33.25,57.25
20-10-2020 07:00,96,138.5,25.5,40.5
20-10-2020 08:00,82.5,145.5,27,34.75
20-10-2020 09:00,74.5,92,27,40.75
20-10-2020 10:00,75,103.5,29.5,49.25
20-10-2020 11:00,95,103,44.25,77.75
20-10-2020 12:00,103.5,120,64.5,104.75
20-10-2020 13:00,70.5,93.5,55.5,85.75
20-10-2020 14:00,71,104.5,38,47
20-10-2020 15:00,54.5,85.5,26,41
20-10-2020 16:00,69.5,107.5,29,39
20-10-2020 17:00,87.5,146,31.25,39
21-10-2020 12:00,79.5,106.5,44.25,74
21-10-2020 13:00,74,103,45.25,76
21-10-2020 14:00,54.5,83.5,44.75,78.25
21-10-2020 15:00,52.5,82.5,39.5,66.25
21-10-2020 16:00,54.5,83,35.75,66.25
21-10-2020 17:00,62.5,91,40.5,76.5
21-10-2020 18:00,73,104,49.5,89.75
21-10-2020 19:00,82.5,113.5,54.5,96.75
21-10-2020 20:00,88.5,120.5,57,96
21-10-2020 21:00,89,121.5,59.5,103.75
21-10-2020 22:00,94,129.5,57.75,101
21-10-2020 23:00,91.5,128,58,104
22-10-2020 00:00,103.5,154.5,61.25,105.75
22-10-2020 01:00,113,184,64.75,118
22-10-2020 02:00,135.5,253.5,75.25,141
22-10-2020 03:00,139,264.5,82,145.5
22-10-2020 04:00,127,236,79.75,133.25
22-10-2020 05:00,152.5,369.5,72,113
22-10-2020 06:00,242.5,1487.5,66.75,110.75
22-10-2020 07:00,193,1067,59.25,77
22-10-2020 08:00,122.5,251.5,59.75,87
22-10-2020 09:00,105.5,169.5,66.75,118
22-10-2020 10:00,101,142.5,67,124.75
22-10-2020 11:00,100,135,78.75,142
22-10-2020 12:00,99,131.5,79.25,158
22-10-2020 13:00,95.5,125,83.75,150.75
22-10-2020 14:00,89.5,117,85.25,143.5
22-10-2020 15:00,89,115,83.25,131
22-10-2020 16:00,88,112.5,81.25,126
22-10-2020 17:00,88,115,74,129.75
22-10-2020 18:00,97.5,133,76,141.5
22-10-2020 19:00,111,159.5,76.25,173
22-10-2020 20:00,115.5,177.5,85,182.75
22-10-2020 21:00,102,143.5,81.25,177.75
22-10-2020 22:00,90.5,125.5,77.25,150
22-10-2020 23:00,87.5,121,71.75,129.5
23-10-2020 00:00,94,128.5,70.5,124.5
23-10-2020 01:00,93.5,128.5,67.75,126
23-10-2020 02:00,97,133.5,66.5,110.25
23-10-2020 03:00,99.5,137,74,115.75
23-10-2020 04:00,110,166.5,73.75,118
23-10-2020 05:00,124,206.5,75.5,138.25
23-10-2020 06:00,139,240,82.5,150
23-10-2020 07:00,142,249,82.5,162
23-10-2020 08:00,139.5,240.5,85.5,155.5
23-10-2020 09:00,123,197,81.25,166.25
23-10-2020 10:00,97.5,138.5,80.25,176.5
23-10-2020 11:00,80,121.5,77.25,180.5
23-10-2020 12:00,59.5,99.5,80,174.25
23-10-2020 13:00,59.5,98,67,133.5
23-10-2020 14:00,53.5,91,61.75,131
23-10-2020 15:00,51,87,59.75,132
23-10-2020 16:00,48,86,69.75,170.25
23-10-2020 17:00,47,87.5,57.25,159
23-10-2020 18:00,51,95,58.25,141.25
23-10-2020 19:00,56.5,99.5,61.75,162.25
23-10-2020 20:00,64,111.5,71.25,150.5
23-10-2020 21:00,71.5,114.5,78,178.5
23-10-2020 22:00,75,119,86.5,186.25
23-10-2020 23:00,89.5,139,83.75,183
24-10-2020 00:00,88.5,132,78,174.75
24-10-2020 01:00,85,127,73.5,182.75
24-10-2020 02:00,91,136,79.75,176.5
24-10-2020 03:00,95.5,138.5,84.75,183.75
24-10-2020 04:00,100,143,84.75,167
24-10-2020 05:00,100,139.5,85.25,142.25
24-10-2020 06:00,100.5,141.5,79,124.75
24-10-2020 07:00,95,130.5,73,101.75
24-10-2020 08:00,92,127.5,66,95.25
24-10-2020 09:00,73,113.5,70.5,118.5
24-10-2020 10:00,55.5,94.5,63,125
24-10-2020 11:00,51.5,91,53.75,109.5
24-10-2020 12:00,69,110.5,55.75,129.5
24-10-2020 13:00,55,95,65.75,140
24-10-2020 14:00,52,90.5,68,137.5
24-10-2020 15:00,46.5,83.5,56.25,123
24-10-2020 16:00,46.5,84.5,48.5,102
24-10-2020 17:00,49,88,52,109.5
24-10-2020 18:00,52,95,59.25,136.5
24-10-2020 19:00,56,98.5,64,148.75
24-10-2020 20:00,63.5,106,67.5,146
24-10-2020 21:00,66,105,68.25,143.5
24-10-2020 22:00,69,107,64.75,127
24-10-2020 23:00,72,108,62,125.5
25-10-2020 00:00,76.5,112.5,65.5,122.5
25-10-2020 01:00,85.5,122.5,69.75,130.5
25-10-2020 02:00,92.5,129,75.5,137.25
25-10-2020 03:00,95,132,69.75,125
25-10-2020 04:00,95,130.5,73,120.5
25-10-2020 05:00,93,127.5,64.75,110.25
25-10-2020 06:00,92.5,126.5,59.25,93
25-10-2020 07:00,92.5,127.5,62,92.25
25-10-2020 08:00,92,125.5,59.75,93.25
25-10-2020 09:00,90,128,66.25,109
25-10-2020 10:00,79,116.5,76.5,126.75
25-10-2020 11:00,71,105,67.5,124.75
25-10-2020 12:00,64.5,98.5,61.25,120
25-10-2020 13:00,57.5,91,54.5,114.25
25-10-2020 14:00,54.5,87,50,103.25
25-10-2020 15:00,52.5,84.5,49,94.25
25-10-2020 16:00,52.5,84,46,91.75
25-10-2020 17:00,55.5,88,45.5,93
25-10-2020 18:00,60.5,93.5,46.75,100.75
25-10-2020 19:00,66.5,99,55,106.25
25-10-2020 20:00,69,102,57.5,108.75
25-10-2020 21:00,72.5,105,63.75,114
25-10-2020 22:00,76.5,109.5,62.25,115.25
25-10-2020 23:00,77,110,67.5,117
26-10-2020 00:00,78,110,61.5,108
26-10-2020 01:00,81.5,113.5,56.75,97.5
26-10-2020 02:00,90,122,59,96
26-10-2020 03:00,91,122.5,66,102.5
26-10-2020 04:00,91.5,123,60.25,96
26-10-2020 05:00,92,124.5,57.75,96.75
26-10-2020 06:00,102.5,148.5,53,98
26-10-2020 07:00,105.5,156,70.25,121.25
26-10-2020 08:00,112,169,78.75,124.75
26-10-2020 09:00,108,163,84,146.25
26-10-2020 10:00,91,129.5,84,161.25
26-10-2020 11:00,66,100.5,76.75,154
26-10-2020 12:00,57.5,91,52.75,109
26-10-2020 13:00,53,86,45.5,97.25
26-10-2020 14:00,49.5,82,45.5,89.5
26-10-2020 15:00,49,82,47.25,90.75
26-10-2020 16:00,49.5,83.5,39.5,91.25
26-10-2020 17:00,47.5,82,42,94.5
26-10-2020 18:00,52,90,46.25,99.5
26-10-2020 19:00,59.5,102,51.75,123.25
26-10-2020 20:00,64,107.5,60.5,137.75
26-10-2020 21:00,66,108.5,70.25,144.25
26-10-2020 22:00,64.5,105.5,67.25,145.25
26-10-2020 23:00,64,103,64.75,137
27-10-2020 00:00,68,107,64.75,136.25
27-10-2020 01:00,70,106,67.75,129
27-10-2020 02:00,75,108,67,110.75
27-10-2020 03:00,74.5,108.5,58,103.5
27-10-2020 04:00,86.5,118,59.25,110
27-10-2020 05:00,94.5,128,64.25,107
27-10-2020 06:00,98,134.5,67.5,107.25
27-10-2020 07:00,106,155,69.25,114.5
27-10-2020 08:00,96.5,145,80.5,142.75
27-10-2020 09:00,73.5,117,82.25,166
27-10-2020 10:00,67,104.5,72,151.75
27-10-2020 11:00,58.5,95.5,62,131.75
27-10-2020 12:00,56.5,92.5,52.5,118.25
27-10-2020 13:00,55.5,90,58.75,113.75
27-10-2020 14:00,54.5,88.5,56.25,107.25
27-10-2020 15:00,52,86,57.25,106
27-10-2020 16:00,53,87.5,50.25,102.25
27-10-2020 17:00,50,82.5,54.5,109.5
27-10-2020 18:00,56,94.5,56,116
27-10-2020 19:00,61,98,57.25,128.75
27-10-2020 20:00,63,101,61.25,122.5
27-10-2020 21:00,65.5,103.5,63.75,124.25
27-10-2020 22:00,67.5,105.5,68.5,126.5
27-10-2020 23:00,76,112.5,68.5,132.75
28-10-2020 00:00,82,121,72.75,142.25
28-10-2020 01:00,88,127.5,73,155.25
28-10-2020 02:00,83.5,120.5,73.25,148.75
28-10-2020 03:00,80,114.5,63,125.75
28-10-2020 04:00,81.5,114.5,58.25,118.25
28-10-2020 05:00,83.5,116,61,106
28-10-2020 06:00,91,125.5,60.5,107
28-10-2020 07:00,96.5,137.5,68.75,122.75
28-10-2020 08:00,94.5,133,73.25,137.25
28-10-2020 09:00,80.5,120.5,79.25,148.75
28-10-2020 10:00,71.5,109.5,73.25,151.5
28-10-2020 11:00,64.5,101,61.75,139.5
28-10-2020 12:00,52,86,57.25,119
28-10-2020 13:00,51,83,46,97
28-10-2020 14:00,53,85,47.75,95.25
28-10-2020 15:00,53.5,85,53.25,99.25
28-10-2020 16:00,54.5,87,53.25,100
28-10-2020 17:00,56.5,90.5,52,102.75
28-10-2020 18:00,59.5,98.5,54.25,116.75
28-10-2020 19:00,66,107.5,55,141
28-10-2020 20:00,79,122,68.5,168
28-10-2020 21:00,85.5,125.5,81,183.75
28-10-2020 22:00,86,122,76.25,171.25
28-10-2020 23:00,75,109.5,70.5,146.25
29-10-2020 00:00,77.5,112,67.75,124
29-10-2020 01:00,76,113,66,126.5
29-10-2020 02:00,76,112.5,70.5,124.25
29-10-2020 03:00,78,112,63.75,118.75
29-10-2020 04:00,81.5,114,59,109.75
29-10-2020 05:00,87,119,66.25,112.75
29-10-2020 06:00,91,126,69.25,115.75
29-10-2020 07:00,96,136,70.25,124.75
29-10-2020 08:00,99,141,80.75,148.5
29-10-2020 09:00,108.5,171,83.75,163
29-10-2020 10:00,78,119.5,84,169.75
29-10-2020 11:00,71.5,105,76.75,148.25
29-10-2020 12:00,70.5,104,73.25,133.5
29-10-2020 13:00,68,98.5,72.5,138
29-10-2020 14:00,68,97,66.25,125.5
29-10-2020 15:00,68.5,97,62.75,113.5
29-10-2020 16:00,70.5,98,68.75,110.25
29-10-2020 17:00,71.5,100.5,67.75,116
29-10-2020 18:00,76.5,109.5,62.5,127.25
29-10-2020 19:00,83,117,78.25,150
29-10-2020 20:00,93,134.5,83.75,174.75
29-10-2020 21:00,94.5,136,81.75,182
29-10-2020 22:00,92,128,84.5,169.25
29-10-2020 23:00,88,120.5,76,161.75
30-10-2020 00:00,84.5,116,73.75,142.75
30-10-2020 01:00,88,117.5,74.75,131
30-10-2020 02:00,89.5,120,71.75,126.5
30-10-2020 03:00,89.5,119,72.5,129.75
30-10-2020 04:00,91.5,121.5,67.75,123.25
30-10-2020 05:00,93,121.5,65.75,114.75
30-10-2020 06:00,95,128.5,66,118.5
30-10-2020 07:00,100,133,77,129.75
30-10-2020 08:00,101.5,141.5,75.5,131.25
30-10-2020 09:00,100.5,154.5,79.25,163.5
30-10-2020 10:00,93,129.5,77,184.5
30-10-2020 11:00,73,104.5,74.75,170.75
30-10-2020 12:00,68.5,99,67.25,138
30-10-2020 13:00,71.5,98,66.5,124
30-10-2020 14:00,70.5,96.5,71.5,127.75
30-10-2020 15:00,76.5,103.5,75.25,133.75
30-10-2020 16:00,77,104.5,81,144.25
30-10-2020 17:00,78.5,111,78.5,147.75
30-10-2020 18:00,82.5,115.5,81.25,169.25
30-10-2020 19:00,90,121.5,83,178.5
30-10-2020 20:00,97,131,75.75,172.25
30-10-2020 21:00,98.5,133,74.25,184.75
30-10-2020 22:00,97,131,81,180.75
30-10-2020 23:00,101,136,79.5,172
31-10-2020 00:00,105.5,145,78,176
31-10-2020 01:00,113,158.5,84,178.75
31-10-2020 02:00,116,162.5,77.75,172.75
31-10-2020 03:00,117,163.5,84,157
31-10-2020 04:00,115,162,78,158.5
31-10-2020 05:00,112.5,152.5,79.25,158.75
31-10-2020 06:00,113,153.5,83.75,147
31-10-2020 07:00,114.5,158.5,86,149.75
31-10-2020 08:00,111.5,153.5,84.5,155.25
31-10-2020 09:00,105.5,146,78.75,177.5
31-10-2020 10:00,104,156.5,76,187.5
31-10-2020 11:00,84,122,77.25,176.5
31-10-2020 12:00,82,110.5,73.25,145.75
31-10-2020 13:00,77.5,107,74.75,140.75
31-10-2020 14:00,77.5,105.5,69.75,145
31-10-2020 15:00,69,99.5,72.25,139.25
31-10-2020 16:00,70,101,63.5,131.25
31-10-2020 17:00,75,106.5,64.5,138.5
31-10-2020 18:00,83.5,119,74.5,164.75
31-10-2020 19:00,88,124,81.75,182
31-10-2020 20:00,89,128,82.25,175.25
31-10-2020 21:00,94,136,85,181.25
31-10-2020 22:00,92.5,137,79.75,177.25
31-10-2020 23:00,86.5,128,76.25,173.75
01-11-2020 01:00,79.5,123,74.75,168.5
01-11-2020 02:00,79.5,119,76.75,151.5
01-11-2020 03:00,82,120,67.5,132.25
01-11-2020 04:00,81.5,123.5,69.5,137.75
01-11-2020 05:00,87,124.5,72,147.25
01-11-2020 06:00,98,141,75,143.5
01-11-2020 07:00,110,182,77.25,176.75
01-11-2020 08:00,96,155.5,84.75,183.25
01-11-2020 09:00,91,139.5,83.25,184.5
01-11-2020 10:00,82,127.5,72,178
01-11-2020 11:00,70,109.5,69.75,172.25
01-11-2020 12:00,64,103,62,142.75
01-11-2020 13:00,59.5,97,56.5,127.5
01-11-2020 14:00,61,99,51.5,116.5
01-11-2020 15:00,60,97.5,57.5,130.5
01-11-2020 16:00,59,97,54,123
01-11-2020 17:00,61,99,57.5,125.5
01-11-2020 18:00,64,107,60.75,137.75
01-11-2020 19:00,69.5,115,67.25,155.5
01-11-2020 20:00,79.5,125.5,73.75,167.5
01-11-2020 21:00,84,130.5,80,172.75
01-11-2020 22:00,83.5,129,74.5,178
01-11-2020 23:00,84,128,78,185.25
01-12-2020 00:00,86.5,128.5,86,184
01-12-2020 01:00,89.5,129.5,84.25,166.5
01-12-2020 02:00,91.5,130,77.5,147.75
01-12-2020 03:00,95,141,73.75,144
01-12-2020 04:00,103,163,78.75,180.5
01-12-2020 05:00,116,193,85,183
01-12-2020 06:00,124,204.5,79.25,181.5
01-12-2020 07:00,126.5,206.5,81,163
01-12-2020 08:00,117,186.5,84.5,150.5
01-12-2020 09:00,94,135,79,146.25
01-12-2020 10:00,87.5,125,56.75,112
01-12-2020 11:00,58.5,95,49,106
01-12-2020 12:00,51.5,88,36,78
01-12-2020 13:00,46.5,82.5,31.25,77.25
01-12-2020 14:00,36.5,70,26,80.5
01-12-2020 15:00,40,75,28.5,70.25
01-12-2020 16:00,38.5,72,34.25,70.75
01-12-2020 17:00,37.5,73.5,29,71.25
01-12-2020 18:00,42.5,83,31.25,77.5
01-12-2020 19:00,52.5,94.5,40.75,91.25
01-12-2020 20:00,63,103,50.5,110.5
01-12-2020 21:00,66.5,106.5,54.75,112
01-12-2020 22:00,72,112.5,57.75,116.5
01-12-2020 23:00,85,126.5,71.5,135
02-11-2020 00:00,84,127,83.75,177.25
02-11-2020 01:00,84.5,126,80.75,165.25
02-11-2020 02:00,89.5,130,75.5,153.75
02-11-2020 03:00,99,155,81.75,160.75
02-11-2020 04:00,121,209.5,85.25,181.75
02-11-2020 05:00,122.5,208.5,81.5,174.25
02-11-2020 06:00,124,204.5,84.75,176
02-11-2020 07:00,124.5,203,79.25,184.25
02-11-2020 08:00,122,189,75.25,176.5
02-11-2020 09:00,108.5,163.5,77.25,184.5
02-11-2020 10:00,93.5,145,73.75,179.5
02-11-2020 11:00,82,119,77.75,185.25
02-11-2020 12:00,71.5,109.5,72.75,173.75
02-11-2020 13:00,68.5,101.5,69.75,149.75
02-11-2020 14:00,56.5,91.5,67.75,127
02-11-2020 15:00,51.5,86,55,104.25
02-11-2020 16:00,54,89,56.75,102.5
02-11-2020 17:00,55,90.5,61.75,116
02-11-2020 18:00,63,100.5,63.5,131.75
02-11-2020 19:00,79.5,114.5,74.75,158
02-11-2020 20:00,85.5,122.5,84,176.25
02-11-2020 21:00,90.5,127,77.75,178.75
02-11-2020 22:00,102,157.5,78.5,183
02-11-2020 23:00,85,121,82,176.5
02-12-2020 00:00,88.5,129,76.75,149.25
02-12-2020 01:00,90.5,131.5,73.25,147.5
02-12-2020 02:00,100,146,81.75,147.5
02-12-2020 03:00,99,140,75,135.5
02-12-2020 04:00,97,135,64.75,110
02-12-2020 05:00,98.5,139,60.5,102.5
02-12-2020 06:00,109,164.5,63.25,114
02-12-2020 07:00,118,185,76.75,140.25
02-12-2020 08:00,143.5,242,77.25,163
02-12-2020 09:00,116.5,194.5,73.75,184.5
02-12-2020 10:00,44.5,85.5,68.75,162.75
02-12-2020 11:00,39.5,81.5,37.25,90.5
02-12-2020 12:00,35.5,74,34.75,81.25
02-12-2020 13:00,31.5,66.5,33.25,76.25
02-12-2020 14:00,36,72.5,32.75,77.25
02-12-2020 15:00,36.5,71.5,40.5,79.5
02-12-2020 16:00,37.5,76,46.25,85.5
02-12-2020 17:00,38.5,81,41.75,94.5
02-12-2020 18:00,46.5,95,46.25,115
02-12-2020 19:00,56.5,106.5,58.5,145.25
02-12-2020 20:00,63,114.5,77.5,173.75
02-12-2020 21:00,71.5,120,85.25,178
02-12-2020 22:00,77,124.5,83.75,184.75
02-12-2020 23:00,86.5,127.5,77.5,186.5
03-11-2020 00:00,85.5,122.5,80.75,169
03-11-2020 01:00,96,142,83.75,178.5
03-11-2020 02:00,92,130,78.5,178.25
03-11-2020 03:00,93.5,129,82.5,167
03-11-2020 04:00,99.5,136.5,81.25,152.5
03-11-2020 05:00,99.5,137,80.25,161.25
03-11-2020 06:00,99.5,139,77.75,157
03-11-2020 07:00,114,169,85.75,166.25
03-11-2020 08:00,128.5,197.5,83.5,182.75
03-11-2020 09:00,117,178.5,77.75,179
03-11-2020 10:00,104,156.5,76.75,184
03-11-2020 11:00,91.5,133,82.75,172.5
03-11-2020 12:00,86,121,78,174.5
03-11-2020 13:00,76,109.5,82.5,168.75
03-11-2020 14:00,74,106,78,145.5
03-11-2020 15:00,75,106.5,77.75,144.25
03-11-2020 16:00,74.5,106.5,78,155.25
03-11-2020 17:00,72.5,107,80,158.5
03-11-2020 18:00,79.5,118.5,79,164.75
03-11-2020 19:00,89,128.5,82.5,184.5
03-11-2020 20:00,89,131.5,78,175.25
03-11-2020 21:00,89,132,84.25,180
03-11-2020 22:00,86,127.5,78.75,181
03-11-2020 23:00,82,126,84.75,174.5
03-12-2020 00:00,77,115.5,80.25,176.25
03-12-2020 01:00,72,108.5,80,141.5
03-12-2020 02:00,79.5,114.5,69.5,117.25
03-12-2020 03:00,85.5,117.5,72.5,119.25
03-12-2020 04:00,89,119,68.5,113.5
03-12-2020 05:00,94,127,71,115
03-12-2020 06:00,99.5,134,74.5,124.25
03-12-2020 07:00,102.5,140,76.25,126.25
03-12-2020 08:00,130,214,79,144
03-12-2020 09:00,121.5,204,85.25,182
03-12-2020 10:00,91,140,85.25,174.5
03-12-2020 11:00,70,111,78.25,174.25
03-12-2020 12:00,51.5,91.5,61.25,126
03-12-2020 13:00,42,79.5,47,101.25
03-12-2020 14:00,48,85,32.75,91.5
03-12-2020 15:00,40,72.5,42,90.75
03-12-2020 16:00,42,76.5,35.5,75
03-12-2020 17:00,38,76,36.25,72.75
03-12-2020 18:00,46,83,41,69.75
03-12-2020 19:00,58.5,96,40,89.5
03-12-2020 20:00,73.5,113.5,59.25,126
03-12-2020 21:00,98,143,72.75,164.75
03-12-2020 22:00,93.5,131,74.5,174.5
03-12-2020 23:00,94.5,130.5,73,152
04-11-2020 00:00,87,130.5,80,172.25
04-11-2020 01:00,89,132.5,85.75,169.5
04-11-2020 02:00,90.5,135.5,84.75,170
04-11-2020 03:00,93,136,81.5,171.5
04-11-2020 04:00,93.5,133.5,76.25,156.75
04-11-2020 05:00,110.5,174.5,83.25,160.25
04-11-2020 06:00,121.5,193.5,83.75,181
04-11-2020 07:00,121,195,80.5,180.25
04-11-2020 08:00,120.5,208,74.25,185.5
04-11-2020 09:00,107.5,178,79.5,180.75
04-11-2020 10:00,86.5,141,84.75,178.5
04-11-2020 11:00,58,101,79.25,171
04-11-2020 12:00,53.5,94,54.75,155.5
04-11-2020 13:00,53,91,47.5,131.5
04-11-2020 14:00,52.5,88.5,38.25,115
04-11-2020 15:00,55,93.5,43.75,109.5
04-11-2020 16:00,57,96,48.75,121.25
04-11-2020 17:00,56.5,98,50.75,128.75
04-11-2020 18:00,58,105.5,60.25,148.5
04-11-2020 19:00,60,106,66,172
04-11-2020 20:00,62.5,111.5,73,168.25
04-11-2020 21:00,62,111.5,74.5,172
04-11-2020 22:00,66.5,114,71.25,162.5
04-11-2020 23:00,77,130.5,78,167
04-12-2020 07:00,101,135,74,121.5
04-12-2020 08:00,102,137.5,78.25,134.75
04-12-2020 09:00,96,141.5,82.5,152
04-12-2020 10:00,80,124.5,83.5,177.75
04-12-2020 11:00,65,104.5,75.75,159.25
04-12-2020 12:00,47,83.5,49.75,107
04-12-2020 13:00,42,77,28.5,80
04-12-2020 14:00,37,69.5,31,68.75
04-12-2020 15:00,33.5,62.5,31.75,61.5
04-12-2020 16:00,31.5,58.5,26.25,60.75
04-12-2020 17:00,31.5,59.5,27.75,62.5
04-12-2020 18:00,37,73.5,22,65.5
04-12-2020 19:00,45,85.5,27.75,83.25
04-12-2020 20:00,55.5,96,39.75,100.75
04-12-2020 21:00,70,113.5,57,125.25
04-12-2020 22:00,81.5,124.5,76.75,156.25
04-12-2020 23:00,78.5,119.5,78.75,149.75
05-11-2020 00:00,73.5,127.5,86.25,184.5
05-11-2020 01:00,77.5,131,82.5,183.25
05-11-2020 02:00,71.5,122.5,77.75,177
05-11-2020 03:00,70,119,75.25,152
05-11-2020 04:00,69,116,70,136
05-11-2020 05:00,71,120,72,131.75
05-11-2020 06:00,76.5,124,77,158.5
05-11-2020 07:00,74.5,121,74.25,165.25
05-11-2020 08:00,63.5,113,72.25,155.5
05-11-2020 09:00,65.5,118.5,66.25,165.75
05-11-2020 10:00,47,90.5,66.25,166.25
05-11-2020 11:00,43.5,84.5,44.75,111.25
05-11-2020 12:00,42,82,40,97.5
05-11-2020 13:00,43.5,82.5,37.25,98.5
05-11-2020 14:00,45,83,38.5,97.5
05-11-2020 15:00,45,82.5,40.75,96.75
05-11-2020 16:00,45,83.5,41.75,92.25
05-11-2020 17:00,46,87,41.75,104.25
05-11-2020 18:00,48,136,52.5,130.75
05-11-2020 19:00,55,106.5,56.25,167.5
05-11-2020 20:00,58,113.5,74.25,179.5
05-11-2020 21:00,54.5,105.5,78,175.25
05-11-2020 22:00,53.5,103.5,68.75,171
05-11-2020 23:00,54.5,103.5,66.25,153.25
05-12-2020 00:00,68.5,109,66.75,128.5
05-12-2020 01:00,71.5,114,60.25,131.25
05-12-2020 02:00,73,111.5,61,128.5
05-12-2020 03:00,79,113.5,59,109.5
05-12-2020 04:00,86,119,54.5,110.75
05-12-2020 05:00,93,127.5,60,112.25
05-12-2020 06:00,94.5,127.5,61.5,113
05-12-2020 07:00,93.5,123,56.75,94
05-12-2020 08:00,95,130,58.5,99.75
05-12-2020 09:00,81.5,116.5,63.5,123
05-12-2020 10:00,55.5,92,52.75,109.5
05-12-2020 11:00,46,83.5,41.75,93.5
05-12-2020 12:00,41,79.5,38,85
05-12-2020 13:00,38,75,36.75,80
05-12-2020 14:00,37.5,73,31.25,73.5
05-12-2020 15:00,34,69.5,27.25,72.5
05-12-2020 16:00,29.5,60.5,29.5,72
05-12-2020 17:00,32.5,70.5,26.5,69
05-12-2020 18:00,39.5,85.5,32.5,85
05-12-2020 19:00,48.5,98,40.5,116.5
05-12-2020 20:00,54.5,107,55,152.75
05-12-2020 21:00,65.5,116.5,69.25,168.75
05-12-2020 22:00,78,126.5,76.75,173
05-12-2020 23:00,72,117.5,78,167.75
06-11-2020 00:00,57.5,107,62.5,146
06-11-2020 01:00,55.5,104,66.75,147.5
06-11-2020 02:00,57.5,106,65.75,140.5
06-11-2020 03:00,61,106.5,64,131.5
06-11-2020 04:00,56.5,102.5,60.25,127.25
06-11-2020 05:00,59,103.5,58.75,126.5
06-11-2020 06:00,52,97,59.25,121.5
06-11-2020 07:00,53,96.5,54,118.75
06-11-2020 08:00,55.5,104,55.5,121
06-11-2020 09:00,54.5,105,60,144
06-11-2020 10:00,53,103.5,59.75,157.5
06-11-2020 11:00,57,100.5,59.25,149.5
06-11-2020 12:00,65,102.5,62,138.5
06-11-2020 13:00,70.5,106,68.25,137
06-11-2020 14:00,78.5,111,68,134.75
06-11-2020 15:00,80.5,109,66.75,127.5
06-11-2020 16:00,81.5,109,69.25,123.25
06-11-2020 17:00,83.5,111.5,62.75,117
06-11-2020 18:00,90,119,68,125
06-11-2020 19:00,96.5,131.5,72.5,138.75
06-11-2020 20:00,97.5,133.5,85.75,164
06-11-2020 21:00,98.5,135.5,85.25,170
06-11-2020 22:00,103.5,141.5,84.25,171.25
06-11-2020 23:00,107,144.5,77.25,172
06-12-2020 00:00,68.5,112.5,71.25,155.5
06-12-2020 01:00,60.5,101.5,58,131.5
07-11-2020 00:00,111,151,73.25,162.75
07-11-2020 01:00,113.5,153.5,79.25,161.25
07-11-2020 02:00,115,156.5,86.25,157.75
07-11-2020 03:00,115,154.5,83.25,152.75
07-11-2020 04:00,107,140.5,75.25,147.75
07-11-2020 05:00,106.5,141,83.5,144
07-11-2020 06:00,103.5,137.5,80.5,143
07-11-2020 07:00,95,129,83.25,140.5
07-11-2020 08:00,90.5,125,78.25,142.75
07-11-2020 09:00,79,119,79.25,149
07-11-2020 10:00,74.5,114.5,78.75,162
07-11-2020 11:00,78,117,75.25,165.25
07-11-2020 12:00,78.5,112,75.5,163.25
07-11-2020 13:00,78,108,72.25,150.75
07-11-2020 14:00,76.5,106,67.75,135.25
07-11-2020 15:00,76.5,104,68.75,126
07-11-2020 16:00,77,105,65.75,122.25
07-11-2020 17:00,86,115.5,69.75,126.5
07-11-2020 18:00,93.5,126,76,150.25
07-11-2020 19:00,98.5,135.5,80.5,169.25
07-11-2020 20:00,96.5,133.5,85,186.75
07-11-2020 21:00,88,123,85.25,179
07-11-2020 22:00,75.5,112.5,82.5,162.75
07-11-2020 23:00,73.5,112.5,73.5,152.75
07-12-2020 12:00,52,87.5,33.75,84.75
07-12-2020 13:00,38,68,30.25,77.75
07-12-2020 14:00,39.5,69,23,60.5
07-12-2020 15:00,31.5,53.5,24,60.75
07-12-2020 17:00,37,68.5,15.25,55.5
07-12-2020 18:00,45,85.5,23.5,72.25
07-12-2020 19:00,47.5,93.5,30.25,104
07-12-2020 20:00,53,98.5,41,119.25
07-12-2020 21:00,57,102.5,52.75,129.25
07-12-2020 22:00,58.5,101.5,52,128.25
07-12-2020 23:00,59,102,52.5,121
08-11-2020 00:00,73.5,116,79,162.25
08-11-2020 01:00,63,105.5,78.25,159
08-11-2020 02:00,60.5,102,65.5,135.5
08-11-2020 03:00,67,106.5,62.25,127.5
08-11-2020 04:00,67.5,108.5,66.5,125.25
08-11-2020 05:00,64,106,66.25,123.75
08-11-2020 06:00,70,110.5,61.25,125.25
08-11-2020 07:00,75.5,117,65,127.25
08-11-2020 08:00,83,127.5,76.25,145
08-11-2020 09:00,81.5,126,81.75,164.75
08-11-2020 13:00,50.5,85,54.25,102.75
08-11-2020 14:00,49,85,49.25,93.75
08-11-2020 15:00,48,82.5,49.75,94.25
08-11-2020 16:00,45.5,80.5,49.25,88.75
08-11-2020 17:00,43,78,46.75,87.25
08-11-2020 18:00,46,85.5,38.75,88
08-11-2020 19:00,53.5,98.5,49.5,109.5
08-11-2020 20:00,60,105.5,66.5,149
08-11-2020 21:00,64,110,68.25,157
08-11-2020 22:00,67,109.5,69.75,157
08-11-2020 23:00,59.5,101.5,69.5,133.75
08-12-2020 00:00,68,108.5,58.5,119.25
08-12-2020 01:00,64.5,103.5,72.25,131.25
08-12-2020 02:00,70.5,109,73.5,130.25
08-12-2020 03:00,75.5,112,72.5,127.5
08-12-2020 04:00,82,115,63.75,107
08-12-2020 05:00,96,134.5,63.25,105.75
08-12-2020 06:00,90,124.5,70.25,108.5
08-12-2020 07:00,87.5,123,59.5,96.25
08-12-2020 08:00,92,130.5,53.25,85.25
08-12-2020 09:00,90.5,134,60.5,107.5
08-12-2020 10:00,72.5,111.5,64.75,138
08-12-2020 11:00,52,88,42.5,107
08-12-2020 12:00,37.5,72,30.25,75.75
08-12-2020 13:00,25.5,55.5,23.5,70.5
08-12-2020 14:00,22.5,48.5,16.75,62
08-12-2020 15:00,22.5,46.5,9.75,51
08-12-2020 16:00,25.5,51.5,11.75,53.25
08-12-2020 17:00,28,58.5,20.75,53.5
08-12-2020 18:00,26,60,24.25,61.25
09-11-2020 00:00,57,98.5,60.5,113.5
09-11-2020 01:00,56.5,96.5,54.5,100.75
09-11-2020 02:00,59,99.5,51.75,103.25
09-11-2020 03:00,64.5,103,58.5,103
09-11-2020 04:00,76,113.5,64.25,101.5
09-11-2020 05:00,87.5,127.5,70.5,114.25
09-11-2020 06:00,96.5,147.5,76.5,146.75
09-11-2020 07:00,111.5,187,74.75,174.25
09-11-2020 08:00,111,196,82.25,185
09-11-2020 09:00,112.5,193.5,81.75,179
09-11-2020 10:00,91.5,135.5,87,181.25
09-11-2020 11:00,76,115,81.5,175.25
09-11-2020 12:00,68,105.5,63.25,131.5
09-11-2020 13:00,63.5,103,58,113.25
09-11-2020 14:00,61,97.5,58,105
09-11-2020 15:00,63.5,100.5,56.5,98.25
09-11-2020 16:00,72,110,55.25,111.75
09-11-2020 17:00,76.5,116.5,65.5,136.25
09-11-2020 18:00,84,128.5,70,154.25
09-11-2020 19:00,92,143,77.75,173.25
09-11-2020 20:00,100,160.5,76.25,181.75
09-11-2020 21:00,104,165.5,81,179.25
09-11-2020 22:00,104,164.5,77,184.25
09-11-2020 23:00,102.5,160.5,82.75,184
10-11-2020 00:00,102.5,160.5,82,173.75
10-11-2020 01:00,102,157.5,79.75,180.75
10-11-2020 02:00,103,160,74,182.25
10-11-2020 03:00,103,160.5,77.25,173.5
10-11-2020 04:00,102,156.5,76.75,179.25
10-11-2020 05:00,98,146.5,74,169.75
10-11-2020 06:00,101.5,156.5,79,160
10-11-2020 07:00,100.5,155,84.75,173
10-11-2020 08:00,100,160.5,82,185
10-11-2020 09:00,99.5,157.5,78.5,184.25
10-11-2020 10:00,90.5,134,85.25,177.75
10-11-2020 11:00,81,120.5,79.5,157.75
10-11-2020 12:00,79.5,117.5,67.5,136
10-11-2020 13:00,74,113,63,131.5
10-11-2020 14:00,71.5,108.5,62.5,115.75
10-11-2020 15:00,69.5,106,59.5,109.25
10-11-2020 16:00,68.5,106.5,54.25,111.75
10-11-2020 17:00,69,111.5,53.5,119.25
10-11-2020 18:00,71.5,118.5,61,135
10-11-2020 19:00,80.5,134.5,73.25,164.75
10-11-2020 20:00,91.5,146.5,80.25,175
10-11-2020 21:00,92.5,143,73.75,180
10-11-2020 22:00,90.5,136.5,80.75,173.25
10-11-2020 23:00,90.5,139.5,86.25,165
11-11-2020 00:00,93,142.5,86.5,174.5
11-11-2020 01:00,93,144.5,84.25,173.5
11-11-2020 02:00,95.5,148,80.5,164.75
11-11-2020 03:00,98,153,76,161.75
11-11-2020 04:00,102,163,77,166.25
11-11-2020 05:00,106.5,174.5,78.75,173.5
11-11-2020 06:00,108,175.5,77.25,172.75
11-11-2020 07:00,105,168.5,83.75,162.75
11-11-2020 08:00,110,182,82.25,159
11-11-2020 09:00,104.5,182.5,80.75,177
11-11-2020 10:00,78,121.5,80.5,166.75
11-11-2020 11:00,70,112,69.5,132.5
11-11-2020 12:00,50.5,87.5,54.75,112.75
11-11-2020 13:00,47.5,84.5,39.75,83.25
11-11-2020 14:00,38.5,70.5,32.5,76
11-11-2020 15:00,37,66,30.25,68.25
11-11-2020 16:00,36.5,67.5,28.5,63.5
11-11-2020 17:00,35,65.5,30.25,64
11-11-2020 18:00,36,73.5,30.75,65.75
11-11-2020 19:00,43,84,35,85.25
11-11-2020 20:00,50.5,95,51,106.25
11-11-2020 21:00,49,93,51.75,116.5
11-11-2020 22:00,49.5,93,45.75,102.25
11-11-2020 23:00,49.5,94.5,46.5,109.25
12-11-2020 00:00,47,90.5,40.5,106.5
12-11-2020 08:00,40.5,72.5,38.75,67.5
12-11-2020 09:00,25.5,54.5,27.5,53.25
14-11-2020 20:00,41.5,81.5,46,87.75
14-11-2020 21:00,60.5,101.5,84.5,146
14-11-2020 22:00,75.5,143.5,80.25,177.5
14-11-2020 23:00,72,111,75.75,175.75
15-11-2020 00:00,71.5,109.5,87,181.75
15-11-2020 01:00,56,93.5,85.75,163.75
15-11-2020 02:00,49.5,86,77.25,123.25
15-11-2020 03:00,50,85,61,99.25
15-11-2020 04:00,54,89,55,87.75
15-11-2020 05:00,55.5,89,51.75,84
15-11-2020 06:00,56.5,90,39.25,74.75
15-11-2020 07:00,60.5,93.5,35.5,74
15-11-2020 08:00,58,91,48,75.5
15-11-2020 09:00,53.5,88,43.5,78.75
15-11-2020 10:00,48.5,85.5,39.25,75.25
15-11-2020 11:00,46.5,83.5,40,80.5
15-11-2020 12:00,26.5,49.5,37.5,85.5
15-11-2020 13:00,21.5,40.5,28,58
15-11-2020 14:00,20.5,36.5,22.75,53
15-11-2020 15:00,17,33,25.75,53
15-11-2020 16:00,16,30,27,44.25
15-11-2020 17:00,18,35,24,46.25
15-11-2020 18:00,22,43.5,23,50.25
15-11-2020 19:00,27.5,53.5,22.75,54.25
15-11-2020 20:00,42,78,39.5,74
15-11-2020 21:00,61.5,101.5,69,122.25
15-11-2020 22:00,59,97.5,81,168.5
15-11-2020 23:00,46.5,83,74.5,130.75
16-11-2020 00:00,44.5,79.5,53.25,90.25
16-11-2020 01:00,46,80,48.25,77.25
16-11-2020 02:00,40.5,68.5,45.75,70
16-11-2020 03:00,32,55,35.25,61.75
16-11-2020 04:00,37,61.5,31.25,55.5
16-11-2020 05:00,49,80.5,27.75,58
16-11-2020 06:00,55,87,34.25,60.75
16-11-2020 07:00,63.5,96,39.25,63.75
16-11-2020 08:00,65,98,44,74.25
16-11-2020 09:00,50,83.5,43.75,73.25
16-11-2020 10:00,51.5,86,34.75,77.5
16-11-2020 11:00,51.5,84.5,39,80
16-11-2020 12:00,46,78,43.5,79.75
16-11-2020 13:00,43,73,39,71.75
16-11-2020 14:00,38,66,37,73.25
16-11-2020 15:00,42.5,73.5,31,64.5
16-11-2020 16:00,46.5,80.5,34.25,74.75
16-11-2020 17:00,36,66,41.25,78.75
16-11-2020 18:00,47.5,81.5,33.5,69.5
16-11-2020 19:00,54.5,92,37.75,86.75
16-11-2020 20:00,54,93.5,48.25,110.25
16-11-2020 21:00,59.5,98,57.5,118.5
16-11-2020 22:00,62.5,98.5,64,109.75
16-11-2020 23:00,60.5,96.5,59,96
17-11-2020 00:00,62,97.5,51.5,93
17-11-2020 01:00,59,94,46,90.5
17-11-2020 02:00,58.5,93,43.75,82.25
17-11-2020 03:00,62,96,44,78.25
17-11-2020 04:00,66,98.5,38.25,71.75
17-11-2020 05:00,71,103.5,39.25,69.25
17-11-2020 06:00,77,111.5,42.75,75.25
17-11-2020 07:00,84,118,52.25,82.75
17-11-2020 08:00,84,118,57.75,88.25
17-11-2020 09:00,58.5,94,59,95.75
17-11-2020 10:00,52,88,47.25,88.25
17-11-2020 11:00,49.5,84,47.5,86.75
17-11-2020 12:00,43.5,76,41.5,86.5
17-11-2020 13:00,38.5,66.5,30,76.5
17-11-2020 14:00,30.5,55.5,35.25,69.25
17-11-2020 15:00,29.5,52.5,32.25,68.5
17-11-2020 16:00,28,50,30,62.75
17-11-2020 17:00,29,53,29.25,58.5
17-11-2020 18:00,32,64,29.75,59.5
17-11-2020 19:00,33.5,70,37.5,69.75
17-11-2020 20:00,37.5,76,35,81.5
17-11-2020 21:00,46.5,88,37.75,96.75
17-11-2020 22:00,51.5,90.5,54.5,109.25
17-11-2020 23:00,56,95,52.75,105.5
18-11-2020 00:00,58.5,96.5,52.25,111
18-11-2020 01:00,60.5,97.5,53.75,109
18-11-2020 02:00,60,93.5,53,89.25
18-11-2020 03:00,62,96,43.5,76
18-11-2020 04:00,69.5,102,43,77.5
18-11-2020 05:00,75,107,46,73.75
18-11-2020 06:00,79,111,46.25,74.5
18-11-2020 07:00,84,116.5,45.75,69
18-11-2020 08:00,82.5,119,40.75,67.25
18-11-2020 09:00,61,94.5,37,70.75
18-11-2020 10:00,49.5,81.5,36,67.5
18-11-2020 11:00,42,70.5,32.25,60.5
18-11-2020 12:00,34,58,27.75,63
18-11-2020 13:00,27.5,47.5,22.5,64
18-11-2020 14:00,24,42,26,56
18-11-2020 15:00,21,37.5,23,49.75
18-11-2020 16:00,21,37,22.5,47.5
18-11-2020 17:00,21,38,20.75,43
18-11-2020 18:00,23,45,22,44
18-11-2020 19:00,28,60,28.5,54.75
18-11-2020 20:00,32,68.5,30,79
18-11-2020 21:00,36,74.5,31.5,82.5
18-11-2020 22:00,39,74,36.25,82
18-11-2020 23:00,40,75,36.25,76.5
19-11-2020 00:00,36,67,33.5,74.25
19-11-2020 01:00,36.5,66,30,62.25
19-11-2020 02:00,39.5,68,24.25,55.5
19-11-2020 03:00,42.5,71,25,44
19-11-2020 04:00,41.5,68.5,23.75,49.25
19-11-2020 05:00,44.5,71.5,22.25,45
19-11-2020 06:00,39.5,64,27.75,40.5
19-11-2020 07:00,59,82.5,25.5,45.5
19-11-2020 08:00,50.5,63,29.5,45
19-11-2020 09:00,32,47,26.75,42.75
19-11-2020 10:00,44,60,23,55.5
19-11-2020 11:00,35.5,49.5,23.25,61
19-11-2020 12:00,28,39.5,23.25,62.5
19-11-2020 13:00,30,33,21.25,57.25
19-11-2020 14:00,28,30,20.75,53
19-11-2020 15:00,17.5,26.5,16.25,45.75
19-11-2020 16:00,14.5,29.5,15.25,46.25
19-11-2020 17:00,22.5,26.5,18,58.25
19-11-2020 18:00,16,43,16.25,57.25
19-11-2020 19:00,24.5,47.5,22,63.5
19-11-2020 20:00,37,49.5,27.75,71.75
19-11-2020 21:00,35,59,28.5,73.5
19-11-2020 22:00,38.5,67.5,31.75,72.75
19-11-2020 23:00,40,63.5,28.75,72
20-11-2020 00:00,33.5,56.5,28.75,61.5
20-11-2020 01:00,30,54,21.5,53.75
20-11-2020 02:00,30.5,56,20.5,43.25
20-11-2020 03:00,42,67.5,25,46.5
20-11-2020 04:00,41,72,33.75,59.75
20-11-2020 05:00,40.5,56.5,32.25,47.5
20-11-2020 06:00,45.5,61,28.75,41.5
20-11-2020 07:00,46,76.5,27,47
20-11-2020 08:00,49,80.5,33.5,54
20-11-2020 09:00,39,73.5,36.25,69
20-11-2020 10:00,30,67,38.75,77.75
20-11-2020 11:00,17.5,51,32,76
20-11-2020 12:00,8,32,21.5,68.75
20-11-2020 13:00,9.5,29.5,16,55.5
20-11-2020 14:00,14.5,45,17.5,58.5
20-11-2020 15:00,9.5,29,27.75,67
20-11-2020 16:00,8.5,26,17.75,51.75
20-11-2020 17:00,8.5,29.5,16,51
20-11-2020 18:00,13.5,45,15.75,56.25
20-11-2020 19:00,15,47.5,25.25,74.25
20-11-2020 20:00,15.5,47.5,28.5,79.5
20-11-2020 21:00,18,51.5,27.25,73
20-11-2020 22:00,21,57,28.5,68.25
20-11-2020 23:00,21,53,30,69.5
21-11-2020 00:00,24,65,31,65.75
21-11-2020 01:00,22,71.5,31.75,77
21-11-2020 02:00,24.5,63.5,25.5,73
21-11-2020 03:00,24,66.5,26.5,62.25
21-11-2020 04:00,24,56.5,25.25,61.5
21-11-2020 05:00,27.5,63,25.75,48
21-11-2020 06:00,31,71.5,25,48
21-11-2020 07:00,28.5,59,24,46.75
21-11-2020 08:00,27.5,65,22.5,45.75
21-11-2020 09:00,20.5,66,25.75,60.5
21-11-2020 10:00,13,42,21,74.25
21-11-2020 11:00,10,35.5,17.25,55.5
21-11-2020 12:00,11,33,15.25,49.5
21-11-2020 13:00,13,42,17.25,52
21-11-2020 14:00,15,46.5,21.75,72.25
21-11-2020 15:00,19,52.5,24.75,76
21-11-2020 16:00,16.5,45.5,25.75,89.75
21-11-2020 17:00,15,47.5,22.25,77.25
21-11-2020 18:00,22.5,81.5,26,92.25
21-11-2020 19:00,33.5,90,40.25,138.75
21-11-2020 20:00,44,100,57,156.25
21-11-2020 21:00,55.5,121,66.5,175
21-11-2020 22:00,54.5,112,84.5,176.25
21-11-2020 23:00,45,92.5,74.5,168.25
22-11-2020 00:00,41.5,88.5,55.75,129.5
22-11-2020 01:00,40.5,87.5,48.25,118.25
22-11-2020 02:00,42.5,91,48,118.5
22-11-2020 03:00,46,94.5,53.75,127.5
22-11-2020 04:00,54,100.5,54.75,128.75
22-11-2020 05:00,53,95.5,57.25,111.5
22-11-2020 06:00,59,100.5,48.25,90.5
22-11-2020 07:00,65.5,106,46.25,92.25
22-11-2020 08:00,70,117.5,53.75,102.25
22-11-2020 09:00,62.5,100,66.75,139.25
22-11-2020 10:00,57,91,44.5,85
22-11-2020 11:00,58.5,92,45.75,85.5
22-11-2020 12:00,58,90,55.25,96.75
22-11-2020 13:00,53,86.5,56.75,99.25
22-11-2020 14:00,45.5,76.5,47.5,97
22-11-2020 15:00,42,71,40.25,86.25
22-11-2020 16:00,43.5,74.5,42.75,81
22-11-2020 17:00,44,81,47.75,83.5
22-11-2020 18:00,47.5,88.5,48.5,94.75
22-11-2020 19:00,55,100,56.5,116.75
22-11-2020 20:00,62,104,66,146.75
22-11-2020 21:00,71,110.5,64.5,137
22-11-2020 22:00,87,126,72.5,131
22-11-2020 23:00,87.5,126,81.25,136.75
23-11-2020 00:00,89,127,74,125.25
23-11-2020 01:00,92,131.5,71,118.5
23-11-2020 02:00,88,126,75.75,112.5
23-11-2020 03:00,77,113,61.25,104
23-11-2020 04:00,76.5,113,56.25,89.75
23-11-2020 05:00,79,114.5,55.5,81.5
23-11-2020 06:00,83,120,52.25,78.5
23-11-2020 07:00,92,131.5,58.5,86.5
23-11-2020 08:00,90,127.5,66,101.25
23-11-2020 09:00,94,141.5,69,121
23-11-2020 10:00,84,127.5,77,141.25
23-11-2020 11:00,64.5,103,68.75,130
23-11-2020 12:00,57,94.5,52.5,101
23-11-2020 13:00,53,89,50,97
23-11-2020 14:00,46.5,83.5,46.25,100.25
23-11-2020 15:00,42,78.5,42.5,91
23-11-2020 16:00,44.5,82,37.75,86.75
23-11-2020 17:00,49,89,38.75,89
23-11-2020 18:00,51,98,46.25,114.75
23-11-2020 19:00,60,110,58.25,146.75
23-11-2020 20:00,67.5,118,76,174
23-11-2020 21:00,73,124,79.5,176.5
23-11-2020 22:00,70,119.5,72,174
23-11-2020 23:00,73,123,72,174.5
24-11-2020 00:00,70,120,75.25,182
24-11-2020 01:00,67.5,114.5,82.75,166
24-11-2020 02:00,62,107.5,73.5,139.25
24-11-2020 03:00,68,113,65.5,125.75
24-11-2020 04:00,64.5,109,64.25,131.75
24-11-2020 05:00,67.5,113.5,63.25,118.75
24-11-2020 06:00,69,114,58.25,125.75
24-11-2020 07:00,72.5,115.5,61,121.75
24-11-2020 08:00,73,118,69.25,127
24-11-2020 09:00,63,109,72,140
24-11-2020 10:00,55,95,57,119.25
24-11-2020 11:00,52,93,46.75,102.5
24-11-2020 12:00,51,92,43.75,106
24-11-2020 13:00,45.5,84,45,110.75
24-11-2020 14:00,41,80,41.5,104.5
24-11-2020 15:00,40,79,40.25,95.5
24-11-2020 16:00,42.5,84,40.5,94.5
24-11-2020 17:00,40.5,83.5,40.25,105.5
24-11-2020 18:00,49.5,97.5,44.75,118.25
24-11-2020 19:00,58,109.5,51.75,155.25
24-11-2020 20:00,64,117,67.5,170.75
24-11-2020 21:00,68,119,75.25,183.75
24-11-2020 22:00,69.5,117.5,84.25,167.25
24-11-2020 23:00,69,117.5,79.5,155.5
25-11-2020 00:00,65.5,114.5,72.5,151.5
25-11-2020 01:00,58.5,106.5,69.75,141
25-11-2020 02:00,61,109.5,59.5,131.75
25-11-2020 03:00,61.5,106,64.5,125.75
25-11-2020 04:00,59.5,102,56.25,106.75
25-11-2020 05:00,55,96.5,51.5,98.25
25-11-2020 06:00,58.5,100.5,46,101.25
25-11-2020 07:00,60.5,104,54,101.75
25-11-2020 08:00,68.5,115,62,116.75
25-11-2020 09:00,70,115.5,68,137.75
25-11-2020 10:00,59.5,101,65.75,135.75
25-11-2020 11:00,55,94,56.75,119.5
25-11-2020 12:00,49.5,88.5,47.5,109.5
25-11-2020 13:00,45,82.5,38.5,104
25-11-2020 14:00,40,76,33.75,82.5
25-11-2020 15:00,33,62,33,80
25-11-2020 16:00,28.5,54.5,31.25,74.5
25-11-2020 17:00,31.5,64.5,26.25,69.25
25-11-2020 18:00,37.5,73,29,75
25-11-2020 19:00,44.5,83,35.25,73.75
25-11-2020 20:00,52.5,92.5,40,84.25
25-11-2020 21:00,56.5,95.5,51.5,99.25
25-11-2020 22:00,55,91.5,48.75,94
25-11-2020 23:00,53,89.5,43.25,83.25
26-11-2020 00:00,55,93,39.5,80.25
26-11-2020 01:00,56,94.5,43.75,88
26-11-2020 02:00,55,92.5,44,89.5
26-11-2020 03:00,62,96,47.25,81.5
26-11-2020 04:00,59.5,93,44.5,65.75
26-11-2020 05:00,57.5,91.5,35.5,52
26-11-2020 06:00,55.5,89,38.25,57.75
26-11-2020 07:00,57,90.5,34.25,57
26-11-2020 08:00,63.5,99,39.5,59.75
26-11-2020 09:00,47.5,83,41.5,64.5
26-11-2020 10:00,38.5,69.5,33.25,55.75
26-11-2020 11:00,37.5,70,30,63.75
26-11-2020 12:00,34,63.5,26.75,71
26-11-2020 13:00,22.5,46.5,22.75,66.75
26-11-2020 14:00,19.5,38,14.75,59.25
26-11-2020 15:00,22.5,43,20.75,48.5
26-11-2020 16:00,31,61.5,23.75,53.75
26-11-2020 17:00,30,61,25.5,64.5
26-11-2020 18:00,32.5,64.5,24,61
26-11-2020 19:00,44.5,83,26,60.75
26-11-2020 20:00,51.5,89.5,34.5,78.75
26-11-2020 21:00,61.5,100.5,44.75,86
26-11-2020 22:00,62,97.5,52,97.25
26-11-2020 23:00,76,112,51.75,90
27-11-2020 00:00,73.5,107,58.25,97
27-11-2020 01:00,84.5,116.5,54.25,83.25
27-11-2020 02:00,89.5,121,60.25,88.75
27-11-2020 03:00,95.5,129,64.5,90.25
27-11-2020 04:00,85.5,114.5,53.25,75.5
27-11-2020 05:00,78,108,41,64
27-11-2020 06:00,45.5,73.5,34.25,54.75
27-11-2020 07:00,29,48.5,22,32.75
27-11-2020 08:00,61,94,22.25,31.25
27-11-2020 09:00,56.5,91,32.25,57.75
27-11-2020 10:00,49,84,33,59.75
27-11-2020 11:00,53.5,89.5,33.75,55.5
27-11-2020 12:00,46,81.5,35.25,71.75
27-11-2020 13:00,48.5,86,32.5,70.75
27-11-2020 14:00,53.5,86.5,30.25,62.25
27-11-2020 15:00,33.5,61,27.75,40.75
27-11-2020 16:00,56,90.5,29.25,51.25
27-11-2020 17:00,75,107.5,40,69
27-11-2020 18:00,92.5,131.5,51.75,76
27-11-2020 19:00,103.5,157,51.5,80
27-11-2020 20:00,112,179.5,46.25,72.75
27-11-2020 21:00,101.5,149.5,55.75,72.75
27-11-2020 22:00,94,133,51.75,73.5
27-11-2020 23:00,98.5,148.5,42.75,68.75
28-11-2020 00:00,99.5,146,44.25,67.75
28-11-2020 01:00,94.5,135,41.5,65.75
28-11-2020 02:00,100,154.5,41,59.75
28-11-2020 03:00,109,190.5,42.75,54.5
28-11-2020 04:00,103.5,169.5,39.5,57.5
28-11-2020 05:00,100,163,40,52.75
28-11-2020 06:00,97,162,35.25,49.75
28-11-2020 07:00,89.5,140,29.5,42.25
28-11-2020 08:00,81.5,122,26,39.75
28-11-2020 09:00,88.5,129,22,41
28-11-2020 10:00,61.5,92,27,46.75
28-11-2020 11:00,51.5,83,23.5,46
28-11-2020 12:00,45.5,75.5,20.75,44.5
28-11-2020 13:00,49.5,80.5,17.75,42
28-11-2020 14:00,48.5,78,19.75,48
28-11-2020 15:00,45.5,72.5,18.5,47
28-11-2020 16:00,42.5,70,17.75,43.5
28-11-2020 17:00,41.5,69,20,44.75
28-11-2020 18:00,50,84,19.75,56
28-11-2020 19:00,53,89.5,22.75,66.5
28-11-2020 20:00,59,96,34,73.25
28-11-2020 21:00,65.5,102.5,34.25,83.5
28-11-2020 22:00,64,99.5,33,88.25
28-11-2020 23:00,70.5,107.5,28.75,71
29-11-2020 00:00,71,108.5,33.75,72
29-11-2020 01:00,72,109,33.25,75.25
29-11-2020 02:00,74.5,111.5,32.5,73.5
29-11-2020 03:00,63,95.5,25,59
29-11-2020 04:00,59.5,94,17.25,37.5
29-11-2020 05:00,65.5,103,21.25,37
29-11-2020 06:00,68.5,107,21.75,43.25
29-11-2020 07:00,74,116.5,21.75,54
29-11-2020 08:00,79.5,120,26.5,59.75
29-11-2020 09:00,59.5,95,32.25,67
29-11-2020 10:00,46.5,79,27.25,62
29-11-2020 11:00,37.5,65,26.75,54.75
29-11-2020 12:00,33.5,56.5,23,50.25
29-11-2020 13:00,29,51,21,45.75
29-11-2020 14:00,27.5,49.5,15.25,41.25
29-11-2020 15:00,23,42.5,15.5,46.5
29-11-2020 16:00,27.5,53.5,15.25,46
29-11-2020 17:00,30.5,57.5,20.25,56.25
29-11-2020 18:00,33,62.5,23.75,53
29-11-2020 19:00,41.5,78,24,60.75
29-11-2020 20:00,52,90.5,29.75,74.5
29-11-2020 21:00,60,97.5,39.5,102
29-11-2020 22:00,58.5,95.5,43,104.25
29-11-2020 23:00,49.5,86.5,36.25,88.25
30-11-2020 00:00,46.5,84,26.25,71.25
30-11-2020 01:00,45.5,82,29.5,61.5
30-11-2020 02:00,41,78,26,55.5
30-11-2020 03:00,38.5,77,21.75,51.5
30-11-2020 04:00,40.5,78.5,27.5,53
30-11-2020 05:00,41.5,78,27.5,52.5
30-11-2020 06:00,44,82.5,22.25,52.75
30-11-2020 07:00,47.5,87,21.5,64.5
30-11-2020 08:00,52,91.5,29.75,87.75
30-11-2020 09:00,46.5,85,39,92.5
30-11-2020 10:00,48.5,89,34.25,74.25
30-11-2020 11:00,45.5,84.5,36.25,76.25
30-11-2020 12:00,48,87,31.75,74.25
30-11-2020 13:00,45,81.5,33,81.5
30-11-2020 14:00,47.5,82.5,30,75.25
30-11-2020 15:00,47.5,84,31,79
30-11-2020 16:00,47,85.5,34.75,79.75
30-11-2020 17:00,46.5,87,37.25,82
30-11-2020 18:00,49.5,89.5,35.75,81.5
30-11-2020 19:00,51.5,89.5,31,80.25
30-11-2020 20:00,62.5,117,49,104
30-11-2020 21:00,83.5,142.5,83.5,172.75
30-11-2020 22:00,94.5,156,80.25,176
30-11-2020 23:00,86,129.5,84.5,187
