,created_at,pm25_air,pm10_air,co_air,no2_air,PM2.5,PM10,NO2,CO,Temp,RH,WS
1,01-10-2020 01:00,52.5,86,2,49.48,35.5,51.75,20.55,0.21,29,85.5,0.3
2,01-10-2020 02:00,60.5,94.5,2,47.29,33,50.25,20.5,0.21,29.12,86.25,0.32
3,01-10-2020 03:00,81,122,2,46.045,30,48,23.05,0.21,29.1,87,0.4
4,01-10-2020 04:00,72.5,109.5,2,46.475,37.25,62.75,22.1,0.23,29,87,0.3
5,01-10-2020 05:00,72,108.5,2,46.425,41,56.25,20.88,0.28,29.02,87,0.38
6,01-10-2020 06:00,83,124.5,2,47.31,42.75,74.25,24.8,0.29,29,87,0.43
7,01-10-2020 07:00,62,94.5,7,48.05,46,88.25,21.68,0.3,29,86.5,0.68
8,01-10-2020 08:00,51,82.5,2,46.225,37.75,54,18.45,0.25,28.98,85,0.6
9,01-10-2020 09:00,46,76.5,6.5,41.19,29.75,50,18.83,0.31,29.02,81.5,1.05
10,01-10-2020 10:00,39.5,69.5,2,28.225,27.25,56.75,19.5,0.3,28.98,75.75,1.73
11,01-10-2020 11:00,38.5,68.5,7.5,25.3,32.75,60.5,20.45,0.26,28.92,70,1.77
12,01-10-2020 12:00,38.5,69.5,2,27.87,38.25,66.75,20.3,0.29,29.02,71,2.08
13,01-10-2020 13:00,41.5,74,2,19.25,39.5,72.75,18.75,0.28,29.05,67.75,2.12
14,01-10-2020 14:00,42.5,75,1,25.745,43.75,75,19.9,0.28,29.05,66.75,1.9
15,01-10-2020 15:00,41.5,76,1.5,31.925,50.75,77,20.6,0.29,29.08,66.75,1.95
16,01-10-2020 16:00,38.5,77,1.5,30.36,46.5,84,18.18,0.29,29.15,66,1.75
17,01-10-2020 17:00,37,80.5,1.5,32.135,46.75,89.25,19.27,0.16,29.17,64.75,1.82
18,01-11-2020 00:00,87.5,133.5,2,49.345,86,179,42.23,0.7,29.45,59.25,0.3
19,01-11-2020 00:00,87.5,133.5,2,49.345,73,172,40.95,0.55,29.4,61.5,0.3
20,02-10-2020 13:00,31,71,2,22.64,42,86.5,19.07,0.17,29.15,62.25,2.55
21,02-10-2020 14:00,25,65,1.5,32.02,41.5,86.25,18.1,0.15,29.23,58.75,2.67
22,02-10-2020 15:00,22.5,61,2,36.195,39.75,87.75,19.83,0.14,29.27,56.5,2.25
23,02-10-2020 16:00,22.5,62,1.5,40.905,40.75,82,18.88,0.13,29.27,55.25,2.15
24,02-10-2020 17:00,24,65,2,35.865,45,86.25,19.05,0.22,29.33,57.5,2
25,02-10-2020 18:00,26.5,69,1,41.705,42.75,89.25,20.2,0.24,29.25,62,1.52
26,02-10-2020 19:00,32.5,78.5,2,47.835,44.75,89,23.03,0.32,29.2,67,0.43
27,02-10-2020 20:00,37,83,2,50.925,45.5,92.75,24.55,0.42,29.25,70.75,0.3
28,02-10-2020 21:00,39,81.5,1.5,48.25,47.5,84.25,23.12,0.33,29.23,73,0.3
29,02-10-2020 22:00,47,87,2,48,42.25,86.25,26.23,0.39,29.17,76,0.3
30,02-10-2020 23:00,54,97.5,2,49.245,51.5,110.75,27.88,0.44,29.17,78.5,0.3
31,03-10-2020 00:00,64,109.5,3,47,59,121.75,29.35,0.46,29.1,78.5,0.3
32,03-10-2020 01:00,72,117,2,46.575,59.75,127.5,28.52,0.47,29.1,78.5,0.3
33,03-10-2020 02:00,67,109,4,46.365,61.5,118.25,27.32,0.43,29.1,80,0.3
34,03-10-2020 03:00,55.5,98,1,49.275,60,113,26,0.39,29.1,80,0.3
35,03-10-2020 04:00,50,91.5,2,48.61,49.25,98,23.07,0.31,29.1,80,0.3
36,03-10-2020 05:00,57,93.5,2,51.805,49.75,90.25,22.95,0.22,29.05,79.75,0.4
37,03-10-2020 06:00,45.5,84,1,48.635,39.5,85.25,19.7,0.17,29.25,79.5,0.5
38,03-10-2020 07:00,45.5,84.5,2,151.455,37.25,85,19.83,0.16,29.23,80,0.4
39,03-10-2020 08:00,52,91,1.5,47.915,37.25,84.75,23.25,0.2,29.3,79,0.72
40,03-10-2020 09:00,50,88.5,1.5,47.94,44.5,92.75,22.62,0.37,29.3,75.75,1.55
41,03-10-2020 10:00,42,82.5,1.5,42.63,44.75,91,22.15,0.35,29.2,71.75,2
42,03-10-2020 11:00,35.5,77,2,38.485,41.75,88,22.43,0.36,29.32,67.75,2.35
43,03-10-2020 12:00,31.5,69.5,1.5,29.865,44.25,88.75,20.75,0.32,29.35,63.75,2.15
44,03-10-2020 13:00,27,67,2,35.17,43.5,91.5,20.48,0.23,29.38,59,2.12
45,03-10-2020 14:00,25,66,1.5,32.27,38.75,92.5,20.43,0.22,29.33,56.75,2.33
46,03-10-2020 15:00,25,66,1,32.96,39,90.25,20.02,0.22,29.4,54.5,2.17
47,03-10-2020 16:00,24.5,67.5,1.5,42.76,43,88,20.38,0.2,29.27,54.25,1.55
48,03-10-2020 17:00,26,70.5,2.5,39.415,47.25,90,19.07,0.24,29.38,55.25,1.12
49,03-10-2020 18:00,29,77,2,42.9,50.25,96,18.58,0.23,29.55,58,0.8
50,03-10-2020 19:00,34,84.5,2,45.5,49.5,106,29.88,0.48,29.83,60.5,0.6
51,03-10-2020 20:00,39,89,2,46.725,55,122,32.98,0.61,29.83,64.5,0.3
52,03-10-2020 21:00,45,91,1.5,46.975,57.5,124.75,33.02,0.62,29.83,67,0.3
53,03-10-2020 22:00,47,89.5,2,49.31,56,121.75,28.38,0.55,29.88,71.25,0.3
54,03-10-2020 23:00,49,87,2,47.55,54,109.25,25.3,0.54,29.77,77.25,0.3
55,04-10-2020 00:00,53,95,2,47.94,51.75,99.75,29.88,0.56,29.77,78.5,0.3
56,04-10-2020 01:00,58,101,2,49.3,62.25,123,35.35,0.52,29.7,79.25,0.3
57,04-10-2020 02:00,66,107,2,50.015,59.5,121.25,27.95,0.5,29.68,81.5,0.3
58,04-10-2020 03:00,58,99.5,2,47.025,56.75,111,24.43,0.44,29.88,81.75,0.3
59,04-10-2020 04:00,49.5,88.5,2,48.44,49.5,92.75,20.02,0.31,30.2,81.25,0.32
60,04-10-2020 05:00,53.5,90,2,48.19,37.25,79.5,20.88,0.24,29.8,83,0.32
61,04-10-2020 06:00,57.5,94,2,51.905,33.75,68.5,21.27,0.24,29.88,84.5,0.3
62,04-10-2020 07:00,58,94,2,50.905,38,66.25,20.9,0.25,29.88,85.5,0.32
63,04-10-2020 08:00,54.5,90.5,2,50.31,36.25,67.25,20.9,0.23,29.7,83,0.42
64,04-10-2020 09:00,49,88.5,2,43.755,42,79,20.9,0.23,29.7,78,1.02
65,04-10-2020 10:00,39,80,2,36.93,46.5,84.75,20.5,0.21,29.8,68.75,1.38
66,04-10-2020 11:00,32,75,2,24.5,42,85.75,20.88,0.19,30.43,62,1.82
67,04-10-2020 12:00,32.5,72.5,2,39.26,41.5,89.25,21.15,0.21,30.55,60.75,1.85
68,04-10-2020 13:00,26,61.5,1.5,37.79,39.5,84.5,18.62,0.24,30.52,57,2.2
69,04-10-2020 14:00,25,59,1,37.5,38.75,84.5,20.75,0.22,30,56.75,2.1
70,04-10-2020 15:00,26,61,1,36.205,41,81,20.32,0.21,29.98,57.25,1.95
71,04-10-2020 16:00,35,73.5,1,37.235,43.25,87,20.88,0.21,29.85,57,2.05
72,04-10-2020 17:00,32.5,73.5,1.5,31.685,51,93.5,21.5,0.32,29.83,56,1.95
73,04-10-2020 18:00,29,69.5,2,36.44,51.75,86.25,20.38,0.33,29.9,58.75,0.6
74,04-10-2020 19:00,33.5,75,2,45.435,46,88.75,22.65,0.4,29.77,65.75,0.3
75,04-10-2020 20:00,41,85.5,2,47.975,49,95.75,28.7,0.55,29.7,69.25,0.3
76,04-10-2020 21:00,47.5,88,2,48.47,48.75,102,29.25,0.55,29.7,72.75,0.3
77,04-10-2020 22:00,53,95.5,1.5,48.815,50.25,110.75,28.32,0.54,29.67,76.75,0.3
78,04-10-2020 23:00,68,109,2,55.425,58,127.5,28.6,0.55,29.7,78.5,0.3
79,05-10-2020 00:00,51,88.5,2,47.785,57.25,113.5,21.68,0.42,29.67,79.5,0.3
80,05-10-2020 01:00,48,85,2,54.585,44.5,73.25,19.52,0.42,29.7,81.75,0.3
81,05-10-2020 02:00,49.5,86,2,62.9,41,66,21.43,0.34,29.7,83,0.3
82,05-10-2020 03:00,53.5,93.5,2,50.195,43,71,24.88,0.31,29.73,83,0.3
83,05-10-2020 04:00,55,96.5,2,63.835,40,78.75,24.73,0.31,30.1,84,0.35
84,05-10-2020 05:00,55.5,93.5,2,56.325,38.75,81,21.98,0.23,29.75,84,0.35
85,05-10-2020 06:00,57.5,93,2,50.625,35,71.25,19,0.21,29.7,85,0.32
86,05-10-2020 07:00,62.5,97.5,2,57.07,35,67.25,18.4,0.23,29.67,86,0.35
87,05-10-2020 08:00,54,89.5,2,50.41,35.75,64.75,18.27,0.23,29.58,82,0.6
88,05-10-2020 09:00,50.5,87,2,46.315,38.75,75.25,19.73,0.32,29.5,74.25,1.5
89,05-10-2020 10:00,46.5,84,2,41.235,40.75,85,21.8,0.32,29.65,70.25,1.8
90,05-10-2020 11:00,41.5,79.5,2,35.265,38.25,93,20.05,0.34,30.27,66.5,1.98
91,05-10-2020 12:00,38,76.5,2,39.03,34.5,89.75,22.2,0.31,30.5,64.25,2.35
92,05-10-2020 13:00,31,66,2,51.365,39,89,30.3,0.27,30.45,59.25,2.8
93,05-10-2020 14:00,29,64,2,30.88,33,82.25,32.58,0.97,30.6,57.75,2.9
94,05-10-2020 15:00,30,67,1.5,37.16,36.5,85.25,16.15,0.36,30.18,57.5,2.92
95,05-10-2020 16:00,32.5,70,2,56.835,37.5,92.25,17.55,0.34,29.62,59.25,2.45
96,05-10-2020 17:00,31.5,71,2,36.55,36.25,91.75,20.88,0.32,29.58,58.5,2.5
97,05-10-2020 18:00,33,74.5,2,46.5,37.25,91.25,22,0.36,29.65,61,1.75
98,05-10-2020 19:00,40.5,83.5,2,45.385,39.25,102.75,28.65,0.51,29.7,66,0.4
99,05-10-2020 20:00,46,89,2,46.795,44,110.25,35.52,0.71,29.65,70,0.3
100,05-10-2020 21:00,48,89,2,48.29,46.75,116.25,32.42,0.73,29.67,73.5,0.3
101,05-10-2020 22:00,50.5,88.5,2,54.67,44.75,107.75,29.12,0.63,29.65,76.5,0.3
102,05-10-2020 23:00,58,98,2,54.265,44.5,93.75,28.52,0.61,29.62,79.5,0.3
103,06-10-2020 00:00,63,103,2.5,58.39,55.5,109.5,26.97,0.59,29.6,81,0.3
104,06-10-2020 01:00,64.5,103,2,49.465,55,110,24.4,0.53,29.6,82.5,0.3
105,06-10-2020 02:00,72,110.5,1.5,48.61,52.5,102.25,25,0.47,29.6,83.75,0.3
106,06-10-2020 03:00,76,115,2,47.46,61.25,113.5,25.7,0.45,29.62,84,0.3
107,06-10-2020 04:00,63.5,100,2,48.125,54.25,105.25,22.35,0.41,29.92,82.75,0.3
108,06-10-2020 05:00,58,98,2,58.42,49,96.75,22.85,0.44,29.6,80.5,0.3
109,06-10-2020 06:00,65.5,108.5,2,58.61,50.75,109.25,25.73,0.46,29.52,80,0.3
110,06-10-2020 07:00,62.5,104,2,47.135,55.25,118.75,26.02,0.49,29.52,80,0.3
111,06-10-2020 08:00,58.5,100,2,45.105,52.5,111.75,27.55,0.46,29.52,77.5,1
112,06-10-2020 09:00,51,90.5,2,60.815,49,116.25,24.05,0.31,29.5,71.75,1.98
113,06-10-2020 10:00,45.5,83.5,2,42.695,43,102.25,20.58,0.28,29.45,67.5,2.77
114,06-10-2020 11:00,38,79.5,2,33.925,41.75,94.75,20.6,0.27,29.75,61,2.68
115,06-10-2020 12:00,34,76.5,1.5,27.645,38.75,97.75,21.4,0.25,29.85,56,2.65
116,06-10-2020 13:00,36.5,78,1.5,31.83,41.75,98.25,17.8,0.3,29.88,55.75,2.6
117,06-10-2020 14:00,37.5,77.5,1.5,33.285,44.75,94.75,20.57,0.26,29.5,56.5,2.4
118,06-10-2020 15:00,33.5,72.5,2,58.635,45.25,98.75,21.88,0.27,29.5,55.25,2.53
119,06-10-2020 16:00,31.5,71,2,44.775,39.75,95.5,22.05,0.25,29.58,55.5,2.15
120,06-10-2020 17:00,34.5,75.5,1.5,47.72,40.5,96,22.1,0.26,29.67,57,1.72
121,06-10-2020 18:00,36,82,1.5,54.465,43.75,94.25,31.6,0.34,29.77,60.25,0.77
122,06-10-2020 19:00,40.5,84.5,2,45.715,41,101.25,38.45,0.41,29.6,61.75,1.05
123,06-10-2020 20:00,43.5,86.5,2,59.745,45.75,111,37.67,0.43,29.67,61,0.62
124,06-10-2020 21:00,44.5,86.5,2,60.275,51,111.25,37.95,0.52,29.6,64,0.32
125,06-10-2020 22:00,47.5,90,2,63.77,52.25,112.25,33.48,0.53,29.6,66.5,0.3
126,06-10-2020 23:00,49,89.5,2,48.66,54.25,111.25,36.4,0.52,29.6,68.75,0.3
127,07-10-2020 00:00,48.5,89.5,2,62.15,48.5,105.5,38.8,0.45,29.62,67.5,0.3
128,07-10-2020 01:00,50.5,89,2.5,52.975,49,104.5,32,0.36,29.6,71.25,0.3
129,07-10-2020 02:00,53.5,92.5,2,51.09,54.5,105,26.98,0.35,29.6,74.25,0.3
130,07-10-2020 03:00,59,100,2,46.295,53.25,102.75,25.85,0.34,29.65,76.75,0.3
131,07-10-2020 04:00,79.5,116.5,2,48.35,57,111.5,27.18,0.36,29.97,78.25,0.3
132,07-10-2020 05:00,89,127.5,1.5,48.9,67.5,134.75,28.02,0.43,29.65,80,0.3
133,07-10-2020 06:00,84,121.5,2,51.15,71.25,141.5,27.95,0.45,29.58,79.25,0.3
134,07-10-2020 07:00,78.5,117,2,59.19,69,129.75,25.88,0.43,29.58,75.75,0.3
135,07-10-2020 08:00,77,120.5,2,45.53,70,142.5,34.23,0.51,29.52,72,0.3
136,07-10-2020 09:00,68.5,115.5,2,44.295,71.5,162.25,32.38,0.56,29.52,72.75,0.3
137,07-10-2020 10:00,53,97,2.5,42.175,64.75,148.75,27.32,0.55,29.6,69.75,0.32
138,07-10-2020 11:00,47.5,90.5,2,40.025,55,127,26.32,0.48,30.02,68,0.5
139,07-10-2020 12:00,54,98,2,45.445,48.5,115.25,29.8,0.52,30.45,68.25,1.05
140,07-10-2020 13:00,51,91,2,63.255,54.5,126.5,21.32,0.57,30.83,70,1.65
141,07-10-2020 14:00,54.5,93,2,53.365,58,107.25,19.38,0.56,30.7,71.5,2.17
142,07-10-2020 15:00,63,98.5,2,47.005,79.25,123.5,20.7,0.56,30.62,73,2.2
143,07-10-2020 16:00,64.5,98,1.5,41.025,70.25,132.25,20.38,0.55,30.22,71,2.5
144,07-10-2020 17:00,63,97.5,2,45.06,66.5,99,22.12,0.49,30.1,71.5,1.5
145,07-10-2020 18:00,64.5,99.5,2,49.495,61.5,96.75,26.3,0.55,30.12,72.75,0.9
146,07-10-2020 19:00,60.5,96,2,49.56,59.5,98,26.92,0.55,30.17,73.5,1.25
147,07-10-2020 20:00,65,101,2,53.39,57.75,97.5,28.07,0.64,30.2,76,0.95
148,07-10-2020 21:00,68,103,2,50.12,57,101,29.5,0.59,30.17,78.25,0.85
149,07-10-2020 22:00,73.5,108,2,48.895,56.5,90.5,26.77,0.53,30.2,81.25,0.8
150,07-10-2020 23:00,79.5,113,1.5,48.94,54.75,92.5,26.43,0.5,30.2,82.75,0.68
151,08-10-2020 00:00,78.5,112.5,2,49.245,53.75,82.75,25.77,0.43,30.17,83.25,0.38
152,08-10-2020 01:00,79,112,2,49.585,53,76,25.08,0.37,30.2,83.75,0.3
153,08-10-2020 02:00,87,121.5,2,49.485,54.5,77.5,25,0.36,30.33,84.75,0.3
154,08-10-2020 03:00,90.5,129.5,2,49.935,59,84.75,26.75,0.38,30.25,86,0.3
155,08-10-2020 04:00,96,134.5,2,49.885,58.5,95,27.23,0.41,30.57,86,0.3
156,08-10-2020 05:00,95.5,133.5,1.5,51.5,57,99,26.5,0.46,30.27,86,0.3
157,08-10-2020 06:00,96,135,2,49.715,58.25,91.5,27.2,0.48,30.3,86,0.3
158,08-10-2020 07:00,94,132,2,45.365,60.5,88,32.23,0.47,30.3,86,0.3
159,08-10-2020 08:00,98,139,2,48.48,58.75,96.5,30.5,0.54,30.27,83.75,0.4
160,08-10-2020 09:00,80.5,118.5,2,55.205,65.25,115.25,28.53,0.53,30.17,75.25,1.15
161,08-10-2020 10:00,77,115.5,1.5,46.4,61,121.5,28.25,0.49,30.25,70.75,1.05
162,08-10-2020 11:00,63,103,2,42.525,60.75,117,25.5,0.44,30.57,64.5,0.4
163,08-10-2020 12:00,54.5,89.5,1.5,59.38,49.75,103.5,23.55,0.36,30.62,61.75,0.38
164,08-10-2020 13:00,54.5,85.5,1.5,42.135,45.5,89.5,21.5,0.4,30.65,62.25,0.58
165,08-10-2020 14:00,48.5,79,1.5,72.465,41.75,84.25,22.8,0.35,30.23,63,0.38
166,08-10-2020 15:00,50.5,82.5,2,45.455,35.25,74.75,23.93,0.34,30.05,63.25,1.25
167,08-10-2020 16:00,52.5,86,1.5,43.205,37.75,82.25,25.45,0.34,30.15,64.5,1.12
168,08-10-2020 17:00,60.5,95,2,44.725,43.25,91.75,29,0.44,30.23,67.75,1.15
169,08-10-2020 18:00,66,100,2,68.955,46.75,101.5,31.77,0.5,30.3,70,0.53
170,08-10-2020 19:00,69.5,106,2,50.985,52.75,104,34.47,0.59,30.2,72.75,0.8
171,08-10-2020 20:00,74,112,2,66.43,47,98.25,36.35,0.71,30.17,74.5,0.47
172,08-10-2020 21:00,78.5,117,2,51.55,52.5,98.25,34.6,0.78,30.12,77.5,0.3
173,08-10-2020 22:00,84,123.5,2,57.91,58.5,96,36,0.89,30.12,80.5,0.3
174,08-10-2020 23:00,89,130.5,2.5,51.245,55.75,94.5,34.73,0.93,30.23,82.25,0.3
175,09-10-2020 00:00,92.5,139.5,1.5,49.39,59.75,90.75,35.75,0.89,30.25,84,0.3
176,09-10-2020 01:00,96.5,149,2,47.295,57.75,93.25,34.25,0.76,30.23,85,0.3
177,09-10-2020 02:00,94.5,149.5,2,90.325,62.25,92.25,30.48,0.58,30.15,85.25,0.3
178,09-10-2020 03:00,78.5,130,2,48.725,59.25,86.25,27.45,0.4,30.18,85.25,0.3
179,09-10-2020 04:00,100.5,179.5,2,48.77,57.25,86.25,28.23,0.37,30.55,86,0.3
180,09-10-2020 05:00,95,162.5,2,48.61,56,89.75,23.68,0.49,30.12,86,0.3
181,09-10-2020 06:00,91,152,2,47.455,49.25,77.75,22.12,0.47,30.17,87,0.3
182,09-10-2020 07:00,85.5,134.5,2,56.075,46.5,70,23.12,0.48,30.15,87,0.3
183,09-10-2020 08:00,82,127,1.5,47.495,47.25,72.25,26.85,0.55,30.12,84.5,0.3
184,09-10-2020 09:00,76.5,114.5,2,37.58,53,84.25,23.8,0.39,30.12,76.25,0.38
185,09-10-2020 10:00,72,108,2,34.34,49,76.25,23.17,0.38,30.15,69.5,0.57
186,09-10-2020 11:00,62,95.5,1.5,53.305,45.5,86.25,23.42,0.41,30.57,64,0.52
187,09-10-2020 12:00,66,101.5,1.5,47.925,46.25,89,23.35,0.47,30.78,64.75,0.3
188,09-10-2020 13:00,70.5,104.5,2,45.025,54.25,100.25,23.02,0.51,30.7,62.25,1.25
189,09-10-2020 14:00,80,111.5,1.5,36.6,60.75,118.75,24,0.42,29.95,60,1.18
190,09-10-2020 15:00,60,93.5,1.5,33.47,62.5,119.75,22.85,0.33,30.08,59.25,1.68
191,09-10-2020 16:00,57,90.5,1.5,33.66,45.75,97.75,22.08,0.3,30.12,61,1.6
192,09-10-2020 17:00,51.5,86.5,2,40.525,51.5,94.5,26.62,0.35,29.95,61.75,1.17
193,09-10-2020 18:00,42.5,79.5,2,46.75,42.25,86.75,25.62,0.38,30.05,65.5,1.08
194,09-10-2020 19:00,43.5,74.5,2,48.98,34.25,74.5,20.4,0.34,30.02,81.75,1.07
195,09-10-2020 20:00,47.5,81.5,1.5,51.49,27,42.25,29.45,0.47,30.17,84.25,0.32
196,09-10-2020 21:00,42,74.5,2,51.525,29,47,33.88,0.55,30.12,84.5,0.3
197,09-10-2020 22:00,46.5,83,2,49.715,27,41.5,38.5,0.77,30.12,85.5,0.3
198,09-10-2020 23:00,46,82.5,2,48.25,28.75,43.5,43.25,1.04,30.17,85.5,0.3
199,10-10-2020 00:00,42.5,77.5,2,48.535,27,45.5,43.38,1.33,30.15,85.75,0.3
200,10-10-2020 01:00,40.5,74.5,2,50.22,32.5,49,35.2,1.19,30.2,86,0.3
201,10-10-2020 02:00,42.5,79,2,48.93,30,50.75,29.6,1,30.02,86.25,0.3
202,10-10-2020 03:00,44.5,82.5,2,47.185,25.5,39.25,26.77,0.79,30.02,87,0.3
203,10-10-2020 04:00,42,82.5,2,50.955,21.5,44.75,27.02,0.58,30.45,87,0.3
204,10-10-2020 05:00,39,81,2,50.305,22.25,49.5,26,0.65,30.12,87,0.3
205,10-10-2020 06:00,41.5,83.5,2,50.225,21.75,50.25,25.4,0.6,29.98,87,0.3
206,10-10-2020 07:00,38.5,79,2,48.985,26,53.5,24.1,0.6,29.92,87,0.3
207,10-10-2020 08:00,46.5,87,2,48.38,23.5,47,25.25,0.65,29.92,86.75,0.3
208,10-10-2020 09:00,54.5,97.5,1.5,45.46,30,66.75,33.33,0.57,29.95,83,0.3
209,10-10-2020 10:00,53.5,89.5,2,31.57,44.25,83.5,31.5,0.54,29.9,73.25,0.42
210,10-10-2020 11:00,41,65.5,1,23.975,37.75,60,22.8,0.29,30.18,68.5,0.55
211,10-10-2020 12:00,35,52,2,53.285,26,46.5,18.35,0.2,30.15,64.5,0.4
212,10-10-2020 13:00,35,55,1,48.77,28.25,42.75,17.25,0.21,30.2,63.75,0.38
213,10-10-2020 14:00,33.5,53.5,2.5,48.145,26.25,45.5,19.1,0.19,29.65,62.25,0.38
214,10-10-2020 15:00,34.5,55.5,1,37.395,25.75,47,18.6,0.23,29.75,64.25,0.3
215,10-10-2020 16:00,37,65.5,2,36.19,25.5,50.25,22.27,0.26,29.67,64,0.3
216,10-10-2020 17:00,46.5,85,1.5,42.325,37.75,68.5,28,0.42,29.82,67.5,0.3
217,10-10-2020 18:00,49,88.5,2,47.19,43,95.5,30.75,0.57,29.9,69.25,0.3
218,10-10-2020 19:00,59.5,100.5,1,50.055,44.25,99.5,33.65,0.73,29.9,78.25,0.6
219,10-10-2020 20:00,46,83.5,2,49.155,46,93.5,35.53,0.71,29.9,75.5,0.3
220,10-10-2020 21:00,53,93,2.5,50.785,42,85.75,42.38,0.93,29.9,78.25,0.32
221,10-10-2020 22:00,82.5,107.5,1.5,51.625,45.5,98.5,38.08,0.91,29.95,80.5,0.3
222,10-10-2020 23:00,72,113.5,1.5,50.38,40.75,86.25,39.15,0.91,29.9,83,0.3
223,11-10-2020 00:00,78,119.5,2.5,49.55,48.75,91,42.98,0.94,29.92,83.5,0.3
224,11-10-2020 01:00,76.5,115.5,2.5,49.045,47.5,90.5,38.8,0.76,29.92,83,0.3
225,11-10-2020 02:00,58,92,2,49.5,43,75.5,30.48,0.48,29.85,82.25,0.3
226,11-10-2020 03:00,64.5,101,1,48.015,34.5,61,27.85,0.38,29.93,84,0.3
227,11-10-2020 04:00,69.5,107,1.5,47.935,34.25,59,24.62,0.35,30.38,84.75,0.3
228,11-10-2020 05:00,74.5,120,2,50.5,31.5,69,27.97,0.52,29.98,85.25,0.3
229,11-10-2020 06:00,59.5,103,1.5,48.445,38.5,83.25,26.95,0.49,29.9,85.25,0.3
230,11-10-2020 07:00,63,107.5,2,46.4,36,63.5,27.9,0.45,29.95,86,0.3
231,11-10-2020 08:00,62.5,108.5,2,45.425,32,61.75,23.17,0.43,29.95,86,0.3
232,11-10-2020 09:00,60.5,103.5,2,45.645,27.75,52,22.85,0.37,29.88,86,0.43
233,11-10-2020 10:00,32,60,2,44.165,23,46.5,20.95,0.3,30,86.25,0.4
234,11-10-2020 11:00,44,84,2,44.085,21.5,32.25,20.8,0.31,30.4,86.75,0.6
235,11-10-2020 12:00,10.5,31,2,45.57,21.75,34.5,20.95,0.25,30.48,87,1.1
236,11-10-2020 13:00,0,0,2,45.86,9,21.25,16.85,0.12,30.35,87,0.55
237,11-10-2020 14:00,0,0,2,45.18,9.75,22,21.6,0.21,29.92,86.5,0.57
238,11-10-2020 15:00,0,0,2,45.96,13.5,22.75,20.77,0.18,29.92,86,0.4
239,11-10-2020 16:00,0,0,1,43.785,16.75,23,18.6,0.12,29.9,82.75,0.47
240,11-10-2020 17:00,0,0,2,39.175,11.25,16.5,17.88,0.1,29.83,79.75,0.32
241,11-10-2020 18:00,0,0,2,39.935,6,14.75,17.57,0.1,29.85,81.75,0.3
242,11-10-2020 19:00,0,0,2,44.35,6,14.75,19.35,0.15,29.93,84.5,0.3
243,11-10-2020 20:00,0,0,2,46.12,8.25,20.5,20,0.24,29.9,85.25,0.3
244,11-10-2020 21:00,0,1,2,44.765,14.75,32.75,26.2,0.49,29.95,86,0.43
245,11-10-2020 22:00,0,0.5,2,46.69,15.5,34.25,24.3,0.45,29.9,86,1.02
246,11-10-2020 23:00,0,0.5,2.5,46.845,19,22.5,22.8,0.4,30,86.5,0.48
247,12-10-2020 00:00,0,0,2,47.135,18,26.25,24.65,0.35,30.02,87,0.32
248,12-10-2020 01:00,0,0.5,2,47.84,26.75,51.25,30,0.34,29.95,87,0.3
249,12-10-2020 02:00,0,0.5,2,47.015,33.25,78,26.83,0.3,29.95,87,0.8
250,12-10-2020 03:00,0,0.5,2,47.035,25,63.75,19.48,0.25,30.02,87,1.08
251,12-10-2020 04:00,0,0,2,46.89,18.75,29.5,17.93,0.18,30.32,87,0.62
252,12-10-2020 05:00,0,0,2,44.365,27.5,30.75,21.02,0.2,29.95,87,0.38
253,12-10-2020 06:00,0,0.5,2,48.09,33.5,48.75,28.7,0.28,29.85,87,0.45
254,12-10-2020 07:00,0,1,2,47.23,46,78.25,30.38,0.35,29.9,87,0.4
255,12-10-2020 08:00,0,1,2,43.825,43.75,80.75,30.3,0.37,29.88,84.75,0.62
256,12-10-2020 09:00,0.5,1.5,2,44.02,50.75,87.5,29.8,0.45,29.85,82.25,0.88
257,12-10-2020 10:00,0,1,1,44.295,61.5,90.25,26.25,0.46,29.85,80.25,1.05
258,12-10-2020 11:00,0,0.5,1.5,43.505,48.5,81,24.65,0.5,30.3,76.5,0.8
259,12-10-2020 12:00,0,0.5,2.5,39.165,38.25,66.25,21.65,0.42,30.4,75,0.9
260,12-10-2020 13:00,0,0,1.5,47.41,30,56.25,21.9,0.54,30.68,76.5,0.4
261,12-10-2020 14:00,0,0,1.5,40.56,29.25,49.5,24.6,0.55,30.27,76,0.3
262,12-10-2020 15:00,0,0,2,38.095,26.75,45.25,25.05,0.61,30.2,77.5,0.35
263,12-10-2020 16:00,0,0,1.5,46.665,23,43,21.08,0.55,30.5,84.75,0.9
264,12-10-2020 17:00,0,0,1.5,46.12,13.75,32.25,24.88,0.36,30.43,87,0.3
265,12-10-2020 18:00,0,0,2,46.725,14.25,28.25,31.23,0.42,30.1,87,0.3
266,12-10-2020 19:00,0,0.5,2,46.6,18.25,30.75,28.85,0.4,30.1,87,0.8
267,12-10-2020 20:00,0,0,2,45.665,18,25.5,28.52,0.39,30.02,87,0.3
268,12-10-2020 21:00,0,0.5,2,46.99,14,21.75,30.15,0.43,30.05,87,0.38
269,12-10-2020 22:00,0,0,2.5,45.57,12.25,24,24.2,0.32,30.05,87,0.3
270,12-10-2020 23:00,0,0,2,45.7,15.75,23.5,23.7,0.26,30.1,87,0.3
271,13-10-2020 00:00,0,0.5,2,47.06,15,23,23.27,0.23,30.12,87,0.3
272,13-10-2020 01:00,0,0,2,45.5,15,28.75,30.62,0.18,30.1,87,0.45
273,13-10-2020 02:00,0,0,2,45.66,15,34.25,24.75,0.13,30.1,87,0.7
274,13-10-2020 03:00,0,0,2,48.56,14,24.75,21.38,0.09,30.12,87,0.6
275,13-10-2020 04:00,0,0,2.5,47.19,11,24,20.43,0.07,30.5,87,0.43
276,13-10-2020 05:00,0,0,2.5,46.455,13,31.75,22,0.32,30.12,87,0.55
277,13-10-2020 06:00,0,0.5,2,47.54,19.25,29,23.92,0.36,30.12,87,0.62
278,13-10-2020 07:00,0,0,2,48.535,19,29.5,24.85,0.37,30.17,87,1.25
279,13-10-2020 08:00,0,0,2,48.285,14.25,22,24.38,0.34,30.1,87,1.12
280,13-10-2020 09:00,0,0.5,1.5,46.665,10.75,22.75,23.5,0.35,30.08,87,0.8
281,13-10-2020 10:00,0,0.5,2,48.33,17,25.5,24.65,0.41,30.1,87,1.5
282,13-10-2020 11:00,0,0.5,2,46.115,19.5,28.25,23.88,0.46,30.55,87,2.02
283,13-10-2020 12:00,0,0.5,2,47.95,19.5,30.75,23.9,0.4,30.62,87,2.2
284,13-10-2020 13:00,0,0.5,2,47.385,23.75,31.25,21.3,0.33,30.52,87,2.7
285,13-10-2020 14:00,0,0.5,2,48.595,23.25,41.25,22.42,0.31,30.1,87,2.67
286,13-10-2020 15:00,0,1,2,47.825,24.75,33.25,23.17,0.28,29.9,87,2.62
287,13-10-2020 16:00,0,0.5,2,47.07,28.25,34.25,21.6,0.27,29.62,87,2.92
288,13-10-2020 17:00,0,1,2,49.19,31.5,36,18.75,0.38,29.6,87,3.38
289,13-10-2020 18:00,1.5,2,2,48.455,30.25,38.5,19.7,0.4,29.57,87,3.98
290,13-10-2020 19:00,0,0,2,48.88,28.25,33.75,19.68,0.38,29.55,87,4.05
291,13-10-2020 20:00,0,0.5,3,48.915,20,23.5,19.45,0.34,29.52,87,5.72
292,13-10-2020 21:00,0,0,3,50.91,19.5,21.25,17.27,0.29,29.68,87,5.08
293,13-10-2020 22:00,0,0.5,2,48.29,17,18.5,18.2,0.26,29.62,87,3.92
294,13-10-2020 23:00,0,1,2,48.32,13,16,22.9,0.24,29.6,87,2.83
295,14-10-2020 00:00,29.5,37,2.5,45.68,9.5,12.25,24.2,0.25,29.75,87,4.07
296,14-10-2020 01:00,9.5,14.5,3.5,48.605,9,10,23.2,0.23,29.62,87,4.03
297,14-10-2020 02:00,0,0,2.5,50.465,11.75,NA,25.2,0.21,29.42,87,3.33
298,14-10-2020 03:00,0,0,3.5,49.265,11.75,NA,25.02,0.23,29.4,87,2.85
299,14-10-2020 04:00,1,1,5,54.585,13.25,NA,25.3,0.2,29.68,87,2.55
300,14-10-2020 05:00,1,1,3,57.685,11,NA,32.8,0.31,29.42,87,1.85
301,14-10-2020 06:00,0.5,1,2.5,51.17,11.75,NA,28.48,0.31,29.4,87,2.27
302,14-10-2020 07:00,0,1,2.5,50.16,14,NA,27.12,0.3,29.4,87,2.25
303,14-10-2020 08:00,0,0,2,52.465,13.75,NA,29.78,0.3,29.4,87,1.95
304,14-10-2020 09:00,0,0,2,45.475,12.5,NA,38.85,0.32,29.93,87,1.7
305,14-10-2020 10:00,24,29.5,1.5,44.565,11.75,NA,45.85,0.5,31.9,87,1.9
306,14-10-2020 11:00,3,4.5,2,26.925,15.75,NA,37.23,0.4,30.1,87,1.98
307,14-10-2020 12:00,0,0.5,2,25.455,21,NA,35.05,0.37,29.9,87,1.3
308,14-10-2020 13:00,0,0,2,35.99,10,29,36.85,0.54,29.95,87,1.25
309,14-10-2020 14:00,5,6.5,1,41.615,9.75,29.75,32.3,0.58,29.77,84.5,1.88
310,14-10-2020 15:00,13,18,1.5,36.56,9.5,29.25,34.22,0.54,29.7,80.75,1.27
311,14-10-2020 16:00,16,24,2,38.755,12.25,22.75,37.97,0.54,29.67,79.75,1.35
312,14-10-2020 17:00,27.5,43,1.5,41.865,15.5,26.5,34.83,0.48,29.73,84.75,1
313,14-10-2020 18:00,45,74,2,48.925,13.5,23,38.2,0.56,29.67,87,1.12
314,14-10-2020 19:00,55.5,87.5,2,49.345,12.5,28.25,39.75,0.62,29.83,87,1.4
315,14-10-2020 20:00,62,98.5,2,46.895,16.25,35.25,36.3,0.61,29.68,87,1.77
316,14-10-2020 21:00,60.5,97,2,50.335,22.5,33.5,32.45,0.56,29.52,87,1.97
317,14-10-2020 22:00,62.5,101.5,2,48.62,21,26,29.05,0.49,29.55,87,1.43
318,14-10-2020 23:00,39.5,101,1.5,48.265,15,19,27.7,0.35,29.52,87,0.57
319,15-10-2020 00:00,23.5,51,2,45.165,13.75,18.25,30.62,0.31,29.52,87,0.55
320,15-10-2020 01:00,36.5,69,2,47.25,10.5,18.75,31.18,0.37,29.62,87,0.9
321,15-10-2020 02:00,52.5,92,2,47.765,12.5,28.75,28.27,0.39,29.62,87,1.08
322,15-10-2020 03:00,50,90.5,2.5,48.44,13.75,31,26.6,0.32,29.68,87,1.1
323,15-10-2020 04:00,51.5,90.5,2,47.815,12.5,22.5,26.95,0.29,29.9,87,1.4
324,15-10-2020 05:00,52.5,91,2,46.655,12.25,24.25,23.78,0.23,29.58,87,1.15
325,15-10-2020 06:00,51.5,89,2,50.64,15.25,26.5,24.98,0.21,29.58,87,1
326,15-10-2020 07:00,54.5,94.5,2,46.48,12.75,30.25,25.2,0.21,29.67,87,0.68
327,15-10-2020 08:00,50,85,2,48.14,14.75,28,26.02,0.24,29.7,86.5,1.08
328,15-10-2020 09:00,45,71.5,2,45.765,22,29,25.75,0.29,29.7,83,1.6
329,15-10-2020 10:00,39.5,56.5,2,40.785,19.25,32,24.95,0.29,29.8,77.25,1.12
330,15-10-2020 11:00,31.5,43.5,1.5,34.95,19,31.75,24.82,0.27,30.07,74.5,1.32
331,15-10-2020 12:00,31,46,2,32.285,16,32.25,23.45,0.28,30.18,71.75,1.45
332,15-10-2020 13:00,29.5,44.5,2,27.315,16.25,36,20.9,0.27,30.15,70,1.48
333,15-10-2020 14:00,30,45.5,1.5,27.75,17.5,36,22.65,0.23,29.93,68,1
334,15-10-2020 15:00,34.5,53,1.5,33.27,20.5,39.25,21.42,0.18,30.17,72.5,0.6
335,15-10-2020 16:00,35,54,1.5,33.53,23.5,59.5,21.9,0.21,29.93,70,0.53
336,15-10-2020 17:00,34.5,56,1,38.095,18.5,79.5,26.07,0.32,29.7,73.25,0.35
337,15-10-2020 18:00,38,66.5,2,45.715,19.5,46,29.2,0.37,29.73,75.25,0.3
338,15-10-2020 19:00,48,90.5,2,47.115,26.25,48,30,0.45,29.7,80.5,0.32
339,15-10-2020 20:00,52,86,2,48.82,25,47.75,33.12,0.61,29.77,83.75,0.3
340,15-10-2020 21:00,51.5,87,2,48.63,28,53.75,34.33,0.67,29.83,85,0.3
341,15-10-2020 22:00,49,84,2,48.455,28.25,46.5,33.08,0.68,29.83,85.75,0.3
342,15-10-2020 23:00,52,89.5,2,49.255,30,46.75,37.8,0.82,29.7,86.5,0.3
343,16-10-2020 00:00,51,88.5,2,47.74,32,54.75,43.45,0.98,29.77,86,0.3
344,16-10-2020 01:00,47.5,84,2,47.49,27,57.75,39.67,0.74,29.8,86,0.3
345,16-10-2020 02:00,45,82,2,47.685,20,40,35.82,0.66,29.88,86.25,0.3
346,16-10-2020 03:00,44.5,81.5,2,46.575,16.75,35.25,32.65,0.52,29.88,87,0.3
347,16-10-2020 04:00,47,86,1.5,49.19,15,35.25,28.88,0.38,30.07,87,0.3
348,16-10-2020 05:00,50,88.5,2,48.7,12,26.5,29.88,0.46,29.65,87,0.3
349,16-10-2020 06:00,54.5,94.5,2,47.425,14,35.5,29.1,0.41,29.65,87,0.32
350,16-10-2020 07:00,60.5,102,2.5,47.35,22.75,43,28.27,0.39,29.67,87,0.32
351,16-10-2020 08:00,54,92,2,47.925,30,53.25,27.55,0.42,29.65,81.5,0.35
352,16-10-2020 09:00,41.5,75.5,1.5,43.645,27.75,55.75,27.58,0.37,29.65,74,0.65
353,16-10-2020 10:00,32,55.5,2,37.665,28.5,52.5,26.45,0.34,29.65,68.5,0.77
354,16-10-2020 11:00,21.5,38,1.5,27.33,23.5,49,26.05,0.3,30.02,63,0.98
355,16-10-2020 12:00,18,32,2,26.66,21.5,34.5,25,0.28,30.1,60.5,0.8
356,16-10-2020 13:00,15,28.5,1.5,45.14,18.75,37.5,21.9,0.26,30.1,59.25,0.62
357,16-10-2020 14:00,19.5,41.5,1.5,46.715,15.25,42.75,25.33,0.24,29.88,60.75,0.78
358,16-10-2020 15:00,21,46.5,2.5,40.395,16,45,14.17,0.26,29.98,62.25,0.32
359,16-10-2020 16:00,23.5,56,1.5,34.85,25,46.5,23.05,0.28,29.8,64.5,0.4
360,16-10-2020 17:00,23.5,51.5,2,34.93,23.75,50.25,24.82,0.26,29.77,64.75,0.3
361,16-10-2020 18:00,30,65,1.5,43.485,21.5,49.25,26.95,0.3,29.8,72,0.3
362,16-10-2020 19:00,38,75,2,48.61,22.75,52.5,26.38,0.3,29.73,79.5,0.3
363,16-10-2020 20:00,44,82,2,47.725,16.5,52,26.68,0.35,29.83,82.75,0.3
364,16-10-2020 21:00,48.5,92,2,47.895,27.75,61,27.97,0.44,29.75,84,0.3
365,16-10-2020 22:00,53.5,98.5,2.5,48.27,31,77,28.7,0.46,29.73,84.5,0.3
366,16-10-2020 23:00,55,97,4,48.45,32,66.75,28.07,0.47,29.8,85.5,0.3
367,17-10-2020 00:00,52,90,2,48.105,25.75,52.75,29,0.45,29.77,84.75,0.3
368,17-10-2020 01:00,52,88.5,2,46.5,24,48.75,28.17,0.44,29.73,85.5,0.3
369,17-10-2020 02:00,53,92,1.5,45.435,23.25,51,30.25,0.43,29.8,85.75,0.32
370,17-10-2020 03:00,53.5,90,2,45.71,28.75,55,27.8,0.39,29.88,86,0.3
371,17-10-2020 04:00,57.5,96,2,45.72,25,40,25.83,0.35,30.07,87,0.3
372,17-10-2020 05:00,59,100,2,49.81,23.75,39.5,26.1,0.23,29.77,87,0.3
373,17-10-2020 06:00,61,102,2,48.595,20.5,38.75,26.43,0.24,29.8,87,0.3
374,17-10-2020 07:00,58,97,2,46.28,21.25,39,25.45,0.23,29.8,87,0.3
375,17-10-2020 08:00,42,76.5,2,45.85,17.75,34.75,29.05,0.27,29.8,84.25,0.55
376,17-10-2020 09:00,31,66,2,45.665,17,40.75,36.58,0.4,29.8,78.75,0.5
377,17-10-2020 10:00,33.5,71.5,2,44.33,24.75,48.25,34.25,0.41,29.77,74.75,0.75
378,17-10-2020 11:00,31.5,69,1.5,31.49,21.25,65.5,30.88,0.44,30.12,67.25,0.68
379,17-10-2020 12:00,35.5,74,2,27.805,22.5,69.75,29.45,0.39,30.2,66,0.43
380,17-10-2020 13:00,31,64,1.5,26.74,23.75,69,24.35,0.27,30.1,65.25,0.35
381,17-10-2020 14:00,27,55.5,1,34.31,22.75,67.25,29.5,0.26,29.85,59.25,0.45
382,17-10-2020 15:00,26,50,2.5,48.855,22.25,61,28.65,0.21,29.77,57.75,0.4
383,17-10-2020 16:00,24.5,48,2,46.62,22.25,57,26.88,0.23,29.8,56.25,0.32
384,17-10-2020 17:00,32,63,1.5,40.525,23,59.25,27.4,0.39,29.8,59.75,0.5
385,17-10-2020 18:00,50,85,1.5,43.41,32.25,73,30.4,0.47,29.85,74.25,0.85
386,17-10-2020 19:00,67.5,102.5,1.5,49.425,33.25,64.75,40.03,0.7,29.85,84.5,0.3
387,17-10-2020 20:00,51,82,2,50.56,32.25,53.75,40.47,0.64,29.88,85.75,1.6
388,17-10-2020 21:00,33,73.5,2,48.345,24.25,38,28.95,0.27,29.77,86.75,1.12
389,17-10-2020 22:00,21.5,65.5,2,48.395,15.25,26.75,25.9,0.21,29.73,87,1.33
390,17-10-2020 23:00,9.5,25.5,2,47.28,11.5,19,26.2,0.17,29.83,87,0.55
391,18-10-2020 00:00,9,46,2,46.655,6.75,16,26.32,0.18,29.75,87,0.38
392,18-10-2020 01:00,25.5,58,2,45.89,7.25,17.5,29.8,0.35,29.7,87,0.38
393,18-10-2020 02:00,48,96,2,47.12,11,21.25,33.8,0.36,29.73,87,0.32
394,18-10-2020 03:00,79.5,182.5,2,49.32,11.5,21.5,34,0.37,29.77,87,0.3
395,18-10-2020 04:00,83,183.5,2,48.13,15.25,30.75,33.85,0.35,30.02,87,0.3
396,18-10-2020 05:00,103,329.5,2,48.455,21.75,38.5,34.85,0.29,29.75,87,0.32
397,18-10-2020 06:00,123,357,2,48.73,23.75,47.5,39.95,0.34,29.7,87,0.3
398,18-10-2020 07:00,102,240.5,2,47.875,30.5,50.25,37.05,0.41,29.73,87,0.3
399,18-10-2020 08:00,117.5,272.5,2,46.905,25.5,46.25,38.33,0.46,29.7,87,0.3
400,18-10-2020 09:00,68,107,2,46.145,24.25,50,38.43,0.39,29.67,87,0.45
401,18-10-2020 10:00,51.5,88,2.5,44.505,26.25,NA,33.52,0.35,29.52,86.5,0.78
402,18-10-2020 11:00,68.5,104.5,2,35.04,34.75,NA,31.83,0.34,29.88,74.25,0.53
403,18-10-2020 12:00,36.5,62.5,2,21.18,43.75,NA,29.9,0.31,30,69.75,0.5
404,18-10-2020 13:00,15.5,28,2,26.625,24.25,NA,25.27,0.27,29.93,65.25,0.85
405,18-10-2020 14:00,12.5,21,1.5,31.485,13,NA,26.88,0.22,29.6,60,0.53
406,18-10-2020 15:00,15,25,2,49.775,14.25,NA,28.1,0.21,29.65,59.75,0.5
407,18-10-2020 16:00,18,28,1,42.59,18,NA,26.65,0.27,29.7,58,0.3
408,18-10-2020 17:00,24.5,37,2,36.02,18.25,NA,27.15,0.52,29.65,63.25,0.57
409,18-10-2020 18:00,38.5,57,2,49.59,20.5,NA,32.23,0.59,29.65,77,0.88
410,18-10-2020 19:00,40,58,2,50.11,25.25,NA,36.6,0.78,29.6,81.5,0.3
411,18-10-2020 20:00,46,72.5,2,48.885,27.75,NA,38.9,0.94,29.6,83.75,0.3
412,18-10-2020 21:00,50.5,83.5,2,49.16,33.5,NA,39.3,0.88,29.62,85,0.3
413,18-10-2020 22:00,53,86.5,2,48.675,34,NA,35.2,0.81,29.65,86,0.3
414,18-10-2020 23:00,52.5,86.5,2,48.235,29.25,NA,29.82,0.68,29.6,87,0.3
415,19-10-2020 00:00,48.5,83.5,2,46.935,24,NA,31.32,0.59,29.52,87,0.3
416,19-10-2020 01:00,50.5,87.5,2,48.4,25.5,NA,33.8,0.75,29.55,87,0.3
417,19-10-2020 02:00,54.5,92.5,2,46.07,29,NA,32.55,0.73,29.65,87,0.3
418,19-10-2020 03:00,89,157.5,2,47.29,26,NA,32.45,0.71,29.55,87,0.3
419,19-10-2020 04:00,79.5,139,2,49.085,23.25,NA,32.33,0.63,29.88,87,0.3
420,19-10-2020 05:00,73.5,123,2,50.73,15.75,NA,36.15,0.52,29.58,87,0.3
421,19-10-2020 06:00,63.5,111.5,2,49.375,19.5,NA,36.27,0.47,29.5,87,0.3
422,19-10-2020 07:00,68,108.5,2,47.445,26,NA,37.35,0.47,29.55,87,0.3
423,19-10-2020 08:00,55,95,2,44.05,33,NA,38.92,0.52,29.58,82.5,0.38
424,19-10-2020 09:00,44,79.5,2,42.145,35.25,NA,36.2,0.41,29.45,74.25,0.6
425,19-10-2020 10:00,30.5,56,1.5,35.99,32.5,NA,31.22,0.39,29.48,70,0.53
426,19-10-2020 11:00,45.5,78.5,2,31.075,33.5,NA,28.8,0.37,29.9,68,0.5
427,19-10-2020 12:00,24.5,39,1,33.37,34.5,49,24.4,0.27,30.08,63.25,0.93
428,19-10-2020 13:00,25.5,47.5,5,26.885,16,48.5,23.12,0.42,30.23,68.25,1.62
429,19-10-2020 14:00,56.5,90,2,43.805,19.5,44.5,24.55,0.47,29.85,83,0.47
430,19-10-2020 15:00,77,127.5,2,49.765,23.25,37.75,25.65,0.46,29.9,85.5,0.38
431,19-10-2020 16:00,80,124,1.5,48.62,31.5,42,33.7,0.51,29.85,86,0.35
432,19-10-2020 17:00,78,121,2,48.455,33.25,49.25,30.17,0.61,29.62,86.25,0.3
433,19-10-2020 18:00,76.5,121.5,1.5,48.125,24.25,53,31.73,0.6,29.7,86.5,0.3
434,19-10-2020 19:00,79,135.5,2,46,24.25,53.5,34.6,0.69,29.7,87,0.3
435,19-10-2020 20:00,72.5,123.5,2.5,46.915,29,56,38.75,0.8,29.65,87,0.3
436,19-10-2020 21:00,69,114.5,1.5,46.86,26,58.75,37.38,0.63,29.67,87,0.3
437,19-10-2020 22:00,80.5,129,2,48.46,37.5,62,40.88,0.85,29.73,87,0.3
438,19-10-2020 23:00,96,160,2.5,48.37,45.5,78,41.83,1.07,29.7,87,0.3
439,20-10-2020 00:00,86,137.5,2,46.14,46,86.5,39.83,1.09,29.7,87,0.3
440,20-10-2020 01:00,84.5,136,2,46.335,42.5,76.5,37.3,0.96,29.75,87,0.3
441,20-10-2020 02:00,85.5,137.5,2.5,44.905,39.25,76.25,33.17,0.9,29.7,87,0.3
442,20-10-2020 03:00,91,152,2,45.34,34.75,71,33.5,0.74,29.75,87,0.3
443,20-10-2020 04:00,110.5,187,2,47.56,39.5,73.5,39,0.69,30.1,87,0.38
444,20-10-2020 05:00,102.5,163,1.5,46.04,44.25,76.25,38.8,0.57,29.7,87,0.4
445,20-10-2020 06:00,90,170.5,2,46.06,33.25,57.25,35.08,0.37,29.7,86.75,0.97
446,20-10-2020 07:00,96,138.5,2.5,315.99,25.5,40.5,33.85,0.27,29.7,87,0.3
447,20-10-2020 08:00,82.5,145.5,2,107.61,27,34.75,30.57,0.27,29.6,87,0.3
448,20-10-2020 09:00,74.5,92,2.5,270.32,27,40.75,30.18,0.41,29.65,85.75,0.4
449,20-10-2020 10:00,75,103.5,2,103.45,29.5,49.25,37.5,0.56,29.77,79,0.93
450,20-10-2020 11:00,95,103,2.5,281.365,44.25,77.75,34.7,0.58,30.52,76.25,1
451,20-10-2020 12:00,103.5,120,3,251.8,64.5,104.75,31,0.54,30.4,79.5,0.65
452,20-10-2020 13:00,70.5,93.5,2,86.39,55.5,85.75,22.8,0.44,30.3,82.75,1.05
453,20-10-2020 14:00,71,104.5,1.5,46.175,38,47,23.62,0.43,30.2,86.5,1.3
454,20-10-2020 15:00,54.5,85.5,1,48.405,26,41,27.53,0.42,30.1,85.75,0.3
455,20-10-2020 16:00,69.5,107.5,1.5,49.835,29,39,32.33,0.52,29.82,85.25,0.3
456,20-10-2020 17:00,87.5,146,2,49.43,31.25,39,37.4,0.7,29.52,86.75,0.3
457,20-10-2020 18:00,102.5,197.5,2,50.125,39.75,NA,46.78,0.79,29.35,87,0.3
458,20-10-2020 19:00,127,256,2.5,132.695,50,NA,47.33,1.01,29.27,87,0.3
459,20-10-2020 20:00,135.5,247.5,2,165.5,65.5,NA,46.9,1.08,29.3,87,0.3
460,20-10-2020 21:00,121,247,2,47,64.75,NA,42.65,0.8,29.25,87,0.3
461,20-10-2020 22:00,113.5,238.5,2,47.65,56.75,NA,40.75,0.76,29.17,87,0.3
462,20-10-2020 23:00,87.5,144,2,45.675,47.5,NA,32.75,0.51,29.2,87,0.3
463,21-10-2020 00:00,94,150.5,1.5,163.62,31.25,NA,35.5,0.43,29.2,87,0.3
464,21-10-2020 01:00,112,145.5,3,415.45,29.25,NA,32.9,0.39,29.27,87,0.3
465,21-10-2020 02:00,102.5,203,2,194.345,22.75,NA,30.2,0.31,29.27,87,0.3
466,21-10-2020 03:00,101.5,153.5,2,216.945,29.5,NA,31.33,0.29,29.27,87,0.3
467,21-10-2020 04:00,112.5,243,2,104.975,32.75,NA,28.8,0.28,29.68,87,0.3
468,21-10-2020 05:00,108,244,2,49.69,30,NA,28.02,0.45,29.3,87,0.3
469,21-10-2020 06:00,106.5,220,2.5,137.365,32.5,NA,28.92,0.4,29.23,87,0.32
470,21-10-2020 07:00,109,249.5,1.5,46.855,32.5,NA,33.58,0.39,29.3,87,0.35
471,21-10-2020 08:00,106,240.5,2,46.355,35.75,NA,31.25,0.39,29.23,87,0.3
472,21-10-2020 09:00,92.5,148.5,2,46.695,31.25,NA,30.68,0.42,29.25,87,0.35
473,21-10-2020 10:00,78.5,113.5,1.5,42.72,31,NA,30.08,0.47,29.35,84.75,0.52
474,21-10-2020 11:00,86.5,119.5,2,32.44,38.75,NA,26.18,0.49,29.7,80.75,0.82
475,21-10-2020 12:00,79.5,106.5,2,33.3,44.25,74,14.9,0.49,29.93,74.75,1.15
476,21-10-2020 13:00,74,103,5,29.43,45.25,76,20.73,0.56,30.3,72,1.02
477,21-10-2020 14:00,54.5,83.5,1.5,32.15,44.75,78.25,23.7,0.5,29.95,65.5,1.8
478,21-10-2020 15:00,52.5,82.5,2,31.19,39.5,66.25,23.55,0.49,29.85,65.5,1.48
479,21-10-2020 16:00,54.5,83,2,30.6,35.75,66.25,23.52,0.44,29.75,65,1.8
480,21-10-2020 17:00,62.5,91,2,35.015,40.5,76.5,25.12,0.49,29.65,68.25,2.25
481,21-10-2020 18:00,73,104,2,44.265,49.5,89.75,31.48,0.61,29.52,73.25,0.88
482,21-10-2020 19:00,82.5,113.5,1.5,48.085,54.5,96.75,34.4,0.73,29.42,76.75,0.4
483,21-10-2020 20:00,88.5,120.5,2,48.025,57,96,36.67,0.87,29.42,79,0.3
484,21-10-2020 21:00,89,121.5,1.5,50.21,59.5,103.75,38.55,0.69,29.4,80.25,0.3
485,21-10-2020 22:00,94,129.5,2,49.035,57.75,101,36.17,0.7,29.4,81.5,0.3
486,21-10-2020 23:00,91.5,128,2,44.16,58,104,35.9,0.71,29.38,82.5,0.3
487,22-10-2020 00:00,103.5,154.5,2,50.72,61.25,105.75,39.25,0.67,29.4,83.5,0.3
488,22-10-2020 01:00,113,184,2.5,49.845,64.75,118,45.35,0.74,29.38,84.25,0.3
489,22-10-2020 02:00,135.5,253.5,2,47.425,75.25,141,46.25,0.74,29.38,86.25,0.3
490,22-10-2020 03:00,139,264.5,2,48.11,82,145.5,45.48,0.75,29.43,87,0.3
491,22-10-2020 04:00,127,236,2.5,46.535,79.75,133.25,38.85,0.62,29.7,87,0.3
492,22-10-2020 05:00,152.5,369.5,2.5,46.465,72,113,32.4,0.54,29.33,87,0.3
493,22-10-2020 06:00,242.5,1487.5,2,48.2,66.75,110.75,37.35,0.58,29.33,87,0.3
494,22-10-2020 07:00,193,1067,2,47.68,59.25,77,42.12,0.61,29.3,87,0.45
495,22-10-2020 08:00,122.5,251.5,2,46.37,59.75,87,38.03,0.64,29.38,87,0.42
496,22-10-2020 09:00,105.5,169.5,2,48.3,66.75,118,37.83,0.86,29.4,83,0.47
497,22-10-2020 10:00,101,142.5,2,46.235,67,124.75,37.78,0.89,29.38,73.5,1.07
498,22-10-2020 11:00,100,135,1.5,40.265,78.75,142,29.02,0.8,29.75,66.5,1.33
499,22-10-2020 12:00,99,131.5,2,29.83,79.25,158,26.9,0.69,30.3,61.75,1.02
500,22-10-2020 13:00,95.5,125,2,34.99,83.75,150.75,22.48,0.57,30.23,59.5,1.3
501,22-10-2020 14:00,89.5,117,2,50.935,85.25,143.5,25.27,0.53,30,55.75,1.55
502,22-10-2020 15:00,89,115,1.5,42.76,83.25,131,26.15,0.49,29.92,56.5,1.25
503,22-10-2020 16:00,88,112.5,1.5,39.405,81.25,126,26.02,0.45,29.88,58.75,1.3
504,22-10-2020 17:00,88,115,2,44.24,74,129.75,26.15,0.42,29.8,60.5,0.62
505,22-10-2020 18:00,97.5,133,2,47.495,76,141.5,33.23,0.62,29.7,65.5,0.32
506,22-10-2020 19:00,111,159.5,2,52.71,76.25,173,46.78,0.84,29.7,72.5,0.3
507,22-10-2020 20:00,115.5,177.5,2,52.15,85,182.75,54.3,1,29.6,72.25,0.3
508,22-10-2020 21:00,102,143.5,1.5,49.915,81.25,177.75,50.98,0.98,29.5,71,0.4
509,22-10-2020 22:00,90.5,125.5,2,48.945,77.25,150,40.65,0.88,29.55,69.5,0.32
510,22-10-2020 23:00,87.5,121,2,49.565,71.75,129.5,36.3,0.79,29.58,73,0.3
511,23-10-2020 00:00,94,128.5,2,49.51,70.5,124.5,32.85,0.74,29.52,77.5,0.3
512,23-10-2020 01:00,93.5,128.5,2,46.615,67.75,126,30.45,0.73,29.52,81.5,0.3
513,23-10-2020 02:00,97,133.5,2,46.885,66.5,110.25,28.55,0.71,29.5,81,0.3
514,23-10-2020 03:00,99.5,137,2,46.25,74,115.75,28.12,0.68,29.57,83.25,0.3
515,23-10-2020 04:00,110,166.5,2,47.215,73.75,118,36.92,0.73,29.82,84.75,0.3
516,23-10-2020 05:00,124,206.5,2,44.17,75.5,138.25,38.2,0.88,29.52,85.75,0.3
517,23-10-2020 06:00,139,240,2,43.98,82.5,150,40.55,0.89,29.58,86,0.3
518,23-10-2020 07:00,142,249,2,41.63,82.5,162,35.45,0.88,29.5,86.75,0.3
519,23-10-2020 08:00,139.5,240.5,2,45.645,85.5,155.5,31.18,0.87,29.5,85.75,0.3
520,23-10-2020 09:00,123,197,2,46.235,81.25,166.25,39.35,0.88,29.5,76.5,0.3
521,23-10-2020 10:00,97.5,138.5,2,45.795,80.25,176.5,38.62,0.86,29.5,65.75,0.35
522,23-10-2020 11:00,80,121.5,2,36.45,77.25,180.5,36.5,0.8,30.07,57.5,0.93
523,23-10-2020 12:00,59.5,99.5,2,38.64,80,174.25,33.5,0.6,30.2,50.25,0.82
524,23-10-2020 13:00,59.5,98,2,50.265,67,133.5,27.82,0.58,30.02,46.25,0.48
525,23-10-2020 14:00,53.5,91,1,53.775,61.75,131,29.95,0.56,29.75,46.25,0.75
526,23-10-2020 15:00,51,87,2,48.72,59.75,132,25.2,0.5,29.9,47.5,0.73
527,23-10-2020 16:00,48,86,2,38.255,69.75,170.25,26.07,0.51,30.12,49,1.02
528,23-10-2020 17:00,47,87.5,1.5,44.365,57.25,159,31.4,0.39,29.85,50.25,0.95
529,23-10-2020 18:00,51,95,5,49.72,58.25,141.25,38.73,0.5,29.58,56.5,0.6
530,23-10-2020 19:00,56.5,99.5,2,49.14,61.75,162.25,39.77,0.65,29.5,64.25,0.3
531,23-10-2020 20:00,64,111.5,2,52.28,71.25,150.5,44.2,0.88,29.48,64.5,0.32
532,23-10-2020 21:00,71.5,114.5,2,51.74,78,178.5,55,1.17,29.4,66.25,0.3
533,23-10-2020 22:00,75,119,2,52.565,86.5,186.25,62,1.39,29.4,66,0.3
534,23-10-2020 23:00,89.5,139,2,51.725,83.75,183,73.12,1.58,29.4,66.5,0.3
535,24-10-2020 00:00,88.5,132,2,51.545,78,174.75,70.12,1.53,29.42,71.25,0.3
536,24-10-2020 01:00,85,127,2.5,50.695,73.5,182.75,61.27,1.45,29.4,78,0.3
537,24-10-2020 02:00,91,136,2,50.085,79.75,176.5,57.03,1.52,29.35,82.5,0.3
538,24-10-2020 03:00,95.5,138.5,2,49.54,84.75,183.75,52.7,1.51,29.45,83.75,0.3
539,24-10-2020 04:00,100,143,2,49.03,84.75,167,45.77,1.23,29.77,85.5,0.3
540,24-10-2020 05:00,100,139.5,2,48.03,85.25,142.25,40.2,0.98,29.42,86,0.3
541,24-10-2020 06:00,100.5,141.5,3,44.365,79,124.75,32.98,0.77,29.4,86.75,0.3
542,24-10-2020 07:00,95,130.5,2.5,41.125,73,101.75,28.07,0.62,29.42,86,0.3
543,24-10-2020 08:00,92,127.5,2,47.82,66,95.25,30.18,0.57,29.4,80.25,0.3
544,24-10-2020 09:00,73,113.5,2,47,70.5,118.5,31.75,0.61,29.3,68.25,0.3
545,24-10-2020 10:00,55.5,94.5,2,43.775,63,125,29.98,0.55,29.32,59.5,0.3
546,24-10-2020 11:00,51.5,91,2,32.935,53.75,109.5,29,0.51,29.73,50.25,0.4
547,24-10-2020 12:00,69,110.5,2,45.9,55.75,129.5,31.2,0.53,30.27,47.25,0.85
548,24-10-2020 13:00,55,95,2,44.145,65.75,140,28.08,0.7,30.05,45.75,0.6
549,24-10-2020 14:00,52,90.5,2,49.7,68,137.5,30.27,0.69,29.55,46.75,0.72
550,24-10-2020 15:00,46.5,83.5,2,45.91,56.25,123,29.47,0.64,29.45,45.5,0.6
551,24-10-2020 16:00,46.5,84.5,2,37.375,48.5,102,29.8,0.6,29.5,46.25,0.5
552,24-10-2020 17:00,49,88,2,36.5,52,109.5,30.83,0.42,29.62,49.5,0.57
553,24-10-2020 18:00,52,95,2,43.15,59.25,136.5,37.47,0.54,29.67,54.5,0.3
554,24-10-2020 19:00,56,98.5,2.5,51.05,64,148.75,47,0.74,29.5,60.75,0.3
555,24-10-2020 20:00,63.5,106,1.5,52.485,67.5,146,58.67,1,29.42,66,0.3
556,24-10-2020 21:00,66,105,2,52.545,68.25,143.5,58.42,0.98,29.42,69.75,0.3
557,24-10-2020 22:00,69,107,2.5,51.5,64.75,127,57.58,1.02,29.42,71.75,0.3
558,24-10-2020 23:00,72,108,2,51.025,62,125.5,52.08,1.01,29.5,72.75,0.3
559,25-10-2020 00:00,76.5,112.5,2,51.315,65.5,122.5,52.45,1.08,29.42,77.5,0.3
560,25-10-2020 01:00,85.5,122.5,2,50.26,69.75,130.5,55.4,1.49,29.48,80.25,0.3
561,25-10-2020 02:00,92.5,129,2.5,48.91,75.5,137.25,45.47,1.53,29.38,82.75,0.3
562,25-10-2020 03:00,95,132,3,49.295,69.75,125,45,1.36,29.4,84.25,0.3
563,25-10-2020 04:00,95,130.5,3,48.42,73,120.5,39.57,1.04,29.73,85.25,0.3
564,25-10-2020 05:00,93,127.5,2,48.445,64.75,110.25,39.03,0.8,29.4,85.25,0.3
565,25-10-2020 06:00,92.5,126.5,2,42.83,59.25,93,35.38,0.62,29.27,86,0.3
566,25-10-2020 07:00,92.5,127.5,2,43.945,62,92.25,31.45,0.53,29.33,83.75,0.3
567,25-10-2020 08:00,92,125.5,2,48.665,59.75,93.25,32.73,0.53,29.27,77.5,0.3
568,25-10-2020 09:00,90,128,2,46.41,66.25,109,33.65,0.7,29.2,68.25,0.3
569,25-10-2020 10:00,79,116.5,2,40.03,76.5,126.75,35.2,0.74,29.22,60.5,0.4
570,25-10-2020 11:00,71,105,2,27.555,67.5,124.75,33.55,0.7,29.77,53.75,0.47
571,25-10-2020 12:00,64.5,98.5,2,43.305,61.25,120,33.45,0.66,29.93,49.75,0.6
572,25-10-2020 13:00,57.5,91,2,54.7,54.5,114.25,29.73,0.56,29.82,48.25,0.9
573,25-10-2020 14:00,54.5,87,2,51.94,50,103.25,29.5,0.49,29.38,48,0.68
574,25-10-2020 15:00,52.5,84.5,2,40.36,49,94.25,28.7,0.42,29.5,49.5,0.53
575,25-10-2020 16:00,52.5,84,2,35.74,46,91.75,28.98,0.38,29.42,49.25,0.55
576,25-10-2020 17:00,55.5,88,2,38.78,45.5,93,28.92,0.38,29.48,52,0.77
577,25-10-2020 18:00,60.5,93.5,2,46.85,46.75,100.75,29.93,0.44,29.5,58.75,0.38
578,25-10-2020 19:00,66.5,99,2,50.655,55,106.25,36.7,0.63,29.45,64.75,0.3
579,25-10-2020 20:00,69,102,2,51.74,57.5,108.75,41.35,0.74,29.4,65.5,0.3
580,25-10-2020 21:00,72.5,105,1.5,51.07,63.75,114,43.73,0.94,29.38,68.5,0.3
581,25-10-2020 22:00,76.5,109.5,2,51.455,62.25,115.25,47.22,0.99,29.33,71.5,0.3
582,25-10-2020 23:00,77,110,2,51.495,67.5,117,45.05,1.01,29.33,73.25,0.3
583,26-10-2020 00:00,78,110,2,49.26,61.5,108,41.7,0.96,29.27,74,0.3
584,26-10-2020 01:00,81.5,113.5,2,48.315,56.75,97.5,38.08,0.93,29.33,79,0.3
585,26-10-2020 02:00,90,122,2,49.08,59,96,41.15,1,29.4,80.75,0.3
586,26-10-2020 03:00,91,122.5,2,48.08,66,102.5,34.17,0.94,29.35,82.75,0.3
587,26-10-2020 04:00,91.5,123,2,47.36,60.25,96,33,0.83,29.8,81.75,0.3
588,26-10-2020 05:00,92,124.5,2,47.38,57.75,96.75,31.33,0.73,29.35,82.75,0.3
589,26-10-2020 06:00,102.5,148.5,2.5,47.345,53,98,35.8,0.76,29.42,84,0.3
590,26-10-2020 07:00,105.5,156,2,47.26,70.25,121.25,35.65,0.79,29.35,85,0.3
591,26-10-2020 08:00,112,169,2,48.77,78.75,124.75,36.83,0.87,29.3,80.5,0.3
592,26-10-2020 09:00,108,163,2,47.94,84,146.25,43.25,0.81,29.25,69.5,0.3
593,26-10-2020 10:00,91,129.5,2,32.945,84,161.25,43.25,0.76,29.35,58.75,0.32
594,26-10-2020 11:00,66,100.5,1.5,36.295,76.75,154,35.08,0.63,29.8,53,0.38
595,26-10-2020 12:00,57.5,91,2,37.785,52.75,109,31.6,0.49,30.25,51,0.62
596,26-10-2020 13:00,53,86,1,36.87,45.5,97.25,26.7,0.39,30.2,50.25,1.05
597,26-10-2020 14:00,49.5,82,2,32.55,45.5,89.5,27.55,0.3,29.88,47.75,1.4
598,26-10-2020 15:00,49,82,2,33.035,47.25,90.75,27.4,0.28,29.83,46.75,0.98
599,26-10-2020 16:00,49.5,83.5,2,38.395,39.5,91.25,28.42,0.28,29.67,46.75,1.48
600,26-10-2020 17:00,47.5,82,1.5,44.615,42,94.5,28.35,0.38,29.7,47.75,1
601,26-10-2020 18:00,52,90,1.5,49.81,46.25,99.5,32.38,0.49,29.62,52,0.32
602,26-10-2020 19:00,59.5,102,2,48.66,51.75,123.25,38.07,0.63,29.58,56.25,0.4
603,26-10-2020 20:00,64,107.5,2,50.655,60.5,137.75,42.53,0.76,29.45,57.5,0.43
604,26-10-2020 21:00,66,108.5,2,47.94,70.25,144.25,42.77,0.7,29.4,58,0.32
605,26-10-2020 22:00,64.5,105.5,2,50.35,67.25,145.25,39.03,0.63,29.4,58,0.55
606,26-10-2020 23:00,64,103,2,50.76,64.75,137,36.92,0.54,29.33,57.5,0.62
607,27-10-2020 00:00,68,107,2,49.15,64.75,136.25,36.6,0.51,29.38,62.25,0.32
608,27-10-2020 01:00,70,106,2,48.39,67.75,129,36.35,0.42,29.4,65.5,0.3
609,27-10-2020 02:00,75,108,2,48.5,67,110.75,31.62,0.38,29.4,70.5,0.3
610,27-10-2020 03:00,74.5,108.5,2,47.555,58,103.5,30.9,0.34,29.4,68.75,0.3
611,27-10-2020 04:00,86.5,118,2,46.8,59.25,110,29.77,0.32,29.73,73.5,0.3
612,27-10-2020 05:00,94.5,128,2,45.275,64.25,107,30.33,0.34,29.4,79.25,0.3
613,27-10-2020 06:00,98,134.5,2,45.5,67.5,107.25,31.92,0.35,29.3,80.75,0.3
614,27-10-2020 07:00,106,155,2,46.6,69.25,114.5,34.8,0.4,29.3,81.75,0.3
615,27-10-2020 08:00,96.5,145,2,49.075,80.5,142.75,43.77,0.52,29.38,69.25,0.4
616,27-10-2020 09:00,73.5,117,2,48.37,82.25,166,42.5,0.6,29.27,58.25,0.45
617,27-10-2020 10:00,67,104.5,2.5,45.825,72,151.75,39.52,0.62,29.45,54.75,1.18
618,27-10-2020 11:00,58.5,95.5,2,97.33,62,131.75,36.3,0.55,29.95,51.75,1.4
619,27-10-2020 12:00,56.5,92.5,2,48.065,52.5,118.25,31.6,0.46,30,50.5,1.18
620,27-10-2020 13:00,55.5,90,2,153.165,58.75,113.75,27.25,0.43,29.85,49.5,1.32
621,27-10-2020 14:00,54.5,88.5,2,29.495,56.25,107.25,29.07,0.44,29.6,48.5,1.12
622,27-10-2020 15:00,52,86,1.5,33.585,57.25,106,26.88,0.41,29.7,46.25,1.62
623,27-10-2020 16:00,53,87.5,2,76.305,50.25,102.25,26.85,0.41,29.82,48.25,1.45
624,27-10-2020 17:00,50,82.5,2,43.175,54.5,109.5,29.52,0.47,29.8,49.75,0.98
625,27-10-2020 18:00,56,94.5,1.5,47.16,56,116,33.83,0.55,29.7,53.25,0.6
626,27-10-2020 19:00,61,98,2,110.92,57.25,128.75,41.45,0.7,29.7,58.5,0.32
627,27-10-2020 20:00,63,101,2,50,61.25,122.5,44.9,0.76,29.55,59,0.32
628,27-10-2020 21:00,65.5,103.5,2,49.81,63.75,124.25,46.2,0.68,29.5,61.25,0.3
629,27-10-2020 22:00,67.5,105.5,2,50.915,68.5,126.5,46.77,0.67,29.5,62.75,0.3
630,27-10-2020 23:00,76,112.5,2.5,87.53,68.5,132.75,48.88,0.7,29.5,67.25,0.3
631,28-10-2020 00:00,82,121,2,50.79,72.75,142.25,56.8,0.7,29.52,67.5,0.3
632,28-10-2020 01:00,88,127.5,2,50.105,73,155.25,59.48,0.73,29.5,68.5,0.3
633,28-10-2020 02:00,83.5,120.5,2.5,45.165,73.25,148.75,52.58,0.62,29.5,69.75,0.3
634,28-10-2020 03:00,80,114.5,2,43.17,63,125.75,44.05,0.56,29.52,72.75,0.3
635,28-10-2020 04:00,81.5,114.5,2,45.91,58.25,118.25,43.83,0.53,29.8,75.75,0.3
636,28-10-2020 05:00,83.5,116,2,44.985,61,106,37.27,0.54,29.45,78.25,0.3
637,28-10-2020 06:00,91,125.5,2,45.355,60.5,107,37.35,0.54,29.48,79.75,0.3
638,28-10-2020 07:00,96.5,137.5,2,47.765,68.75,122.75,44.85,0.62,29.5,81.75,0.3
639,28-10-2020 08:00,94.5,133,2,45.97,73.25,137.25,45.53,0.77,29.5,73.5,0.3
640,28-10-2020 09:00,80.5,120.5,2,47.905,79.25,148.75,48.83,0.72,29.48,59.75,0.3
641,28-10-2020 10:00,71.5,109.5,2,45.855,73.25,151.5,45.67,0.63,29.57,54,0.35
642,28-10-2020 11:00,64.5,101,2,37.925,61.75,139.5,40.58,0.6,30.07,51.75,0.6
643,28-10-2020 12:00,52,86,2.5,28.675,57.25,119,36.55,0.43,30.07,46,1.25
644,28-10-2020 13:00,51,83,2,36.905,46,97,29.9,0.5,30.05,43.75,1.88
645,28-10-2020 14:00,53,85,2,30.465,47.75,95.25,29.7,0.45,29.98,44.25,2.33
646,28-10-2020 15:00,53.5,85,2,28.575,53.25,99.25,28.77,0.44,30.2,45.25,1.35
647,28-10-2020 16:00,54.5,87,1.5,29.35,53.25,100,29.55,0.43,29.95,45.25,1.43
648,28-10-2020 17:00,56.5,90.5,2,39.405,52,102.75,31.65,0.38,29.95,47.25,0.93
649,28-10-2020 18:00,59.5,98.5,2,48.385,54.25,116.75,36.2,0.5,29.83,52,0.4
650,28-10-2020 19:00,66,107.5,2,51.855,55,141,44.35,0.65,29.7,56.75,0.35
651,28-10-2020 20:00,79,122,2.5,53.265,68.5,168,60.2,0.99,29.7,62,0.3
652,28-10-2020 21:00,85.5,125.5,2,51.5,81,183.75,66.9,1.04,29.7,64,0.3
653,28-10-2020 22:00,86,122,2,51.13,76.25,171.25,60.67,1.02,29.67,67,0.3
654,28-10-2020 23:00,75,109.5,2,51.31,70.5,146.25,52.42,0.76,29.6,64.25,0.3
655,29-10-2020 00:00,77.5,112,2,51.16,67.75,124,53.23,0.69,29.52,65.5,0.3
656,29-10-2020 01:00,76,113,2,50.395,66,126.5,57.95,0.58,29.55,66.75,0.3
657,29-10-2020 02:00,76,112.5,2,45.87,70.5,124.25,53.9,0.48,29.5,66.75,0.3
658,29-10-2020 03:00,78,112,2,43.37,63.75,118.75,45.1,0.39,29.57,71,0.3
659,29-10-2020 04:00,81.5,114,2,43.93,59,109.75,44.27,0.31,29.82,72.75,0.3
660,29-10-2020 05:00,87,119,2,45.97,66.25,112.75,48.2,0.43,29.52,75,0.3
661,29-10-2020 06:00,91,126,2,45.79,69.25,115.75,45.47,0.46,29.5,79.25,0.3
662,29-10-2020 07:00,96,136,2,47.32,70.25,124.75,49.23,0.5,29.45,79.5,0.3
663,29-10-2020 08:00,99,141,2,48.735,80.75,148.5,49.53,0.65,29.5,76.25,0.3
664,29-10-2020 09:00,108.5,171,2,51.18,83.75,163,61.05,0.94,29.5,68.25,0.3
665,29-10-2020 10:00,78,119.5,2,45.53,84,169.75,56.7,0.8,29.62,54.25,0.35
666,29-10-2020 11:00,71.5,105,2,32.985,76.75,148.25,47.45,0.6,30.05,49,0.57
667,29-10-2020 12:00,70.5,104,2,32.16,73.25,133.5,40.9,0.48,30,48.25,0.65
668,29-10-2020 13:00,68,98.5,2,28.95,72.5,138,32.75,0.51,29.98,48,1.33
669,29-10-2020 14:00,68,97,2,32.945,66.25,125.5,31.23,0.48,29.83,48.25,1.42
670,29-10-2020 15:00,68.5,97,2,31.375,62.75,113.5,31.83,0.47,29.92,48.25,0.65
671,29-10-2020 16:00,70.5,98,1.5,35.025,68.75,110.25,32.05,0.48,29.8,49.25,0.45
672,29-10-2020 17:00,71.5,100.5,1.5,45.365,67.75,116,33.53,0.59,29.85,51.75,0.38
673,29-10-2020 18:00,76.5,109.5,2,49.32,62.5,127.25,37.12,0.66,29.8,56,0.32
674,29-10-2020 19:00,83,117,2,49.63,78.25,150,47.55,0.88,29.7,61,0.3
675,29-10-2020 20:00,93,134.5,2,50.135,83.75,174.75,54.4,1.02,29.67,64.25,0.32
676,29-10-2020 21:00,94.5,136,2,50.49,81.75,182,57.38,1.01,29.6,62.75,0.35
677,29-10-2020 22:00,92,128,2,49.14,84.5,169.25,50.33,0.9,29.58,65,0.35
678,29-10-2020 23:00,88,120.5,2,49.8,76,161.75,46.52,0.79,29.55,66.5,0.32
679,30-10-2020 00:00,84.5,116,2,49.975,73.75,142.75,43.52,0.67,29.52,66,0.3
680,30-10-2020 01:00,88,117.5,2,48.885,74.75,131,46.05,0.54,29.58,70,0.3
681,30-10-2020 02:00,89.5,120,2,49.095,71.75,126.5,47.98,0.55,29.6,71.75,0.3
682,30-10-2020 03:00,89.5,119,2,48.925,72.5,129.75,42.42,0.52,29.62,71.75,0.3
683,30-10-2020 04:00,91.5,121.5,2,48.08,67.75,123.25,40.5,0.44,29.8,73.25,0.3
684,30-10-2020 05:00,93,121.5,2,48.62,65.75,114.75,39,0.5,29.6,76.5,0.3
685,30-10-2020 06:00,95,128.5,2,48.115,66,118.5,42.2,0.5,29.5,73.75,0.3
686,30-10-2020 07:00,100,133,2,49.02,77,129.75,37.65,0.53,29.5,77.5,0.3
687,30-10-2020 08:00,101.5,141.5,2,50.09,75.5,131.25,44.05,0.59,29.58,74.5,0.3
688,30-10-2020 09:00,100.5,154.5,2.5,50.92,79.25,163.5,78.65,0.6,29.5,65.25,0.32
689,30-10-2020 10:00,93,129.5,2,45.025,77,184.5,68.28,0.62,29.6,60.25,0.5
690,30-10-2020 11:00,73,104.5,1.5,37.44,74.75,170.75,46.95,0.47,29.95,53,1.4
691,30-10-2020 12:00,68.5,99,1.5,28.67,67.25,138,37.95,0.38,30,49.25,1.82
692,30-10-2020 13:00,71.5,98,2.5,32.515,66.5,124,29.6,0.53,30,48.25,1.9
693,30-10-2020 14:00,70.5,96.5,1.5,26.825,71.5,127.75,30.73,0.49,29.83,48,1.55
694,30-10-2020 15:00,76.5,103.5,2,36.22,75.25,133.75,29.67,0.48,29.85,49.25,1.77
695,30-10-2020 16:00,77,104.5,2,40.635,81,144.25,29.75,0.44,29.75,50,2.17
696,30-10-2020 17:00,78.5,111,1.5,43.88,78.5,147.75,30.7,0.32,29.62,51,1.47
697,30-10-2020 18:00,82.5,115.5,2,48.445,81.25,169.25,31.57,0.4,29.67,53.5,1.23
698,30-10-2020 19:00,90,121.5,1.5,50.73,83,178.5,35.85,0.49,29.6,55.75,0.68
699,30-10-2020 20:00,97,131,2,50.525,75.75,172.25,44.25,0.62,29.5,58.5,0.42
700,30-10-2020 21:00,98.5,133,2,51.89,74.25,184.75,46.82,0.57,29.5,61.75,0.32
701,30-10-2020 22:00,97,131,2,51.555,81,180.75,46.28,0.6,29.4,64,0.3
702,30-10-2020 23:00,101,136,2,51.11,79.5,172,47.55,0.61,29.42,66.75,0.3
703,31-10-2020 00:00,105.5,145,2,51.27,78,176,54.15,0.64,29.4,67.75,0.3
704,31-10-2020 01:00,113,158.5,2,49.73,84,178.75,54.55,0.72,29.4,71,0.3
705,31-10-2020 02:00,116,162.5,2,49.16,77.75,172.75,47.92,0.66,29.42,76,0.3
706,31-10-2020 03:00,117,163.5,2,49.225,84,157,41.95,0.58,29.52,78.5,0.3
707,31-10-2020 04:00,115,162,2.5,48.585,78,158.5,39.73,0.52,29.77,76.25,0.3
708,31-10-2020 05:00,112.5,152.5,2,48.43,79.25,158.75,39.07,0.46,29.5,74,0.3
709,31-10-2020 06:00,113,153.5,2,48.35,83.75,147,35.95,0.44,29.4,75,0.3
710,31-10-2020 07:00,114.5,158.5,2,48.135,86,149.75,37.12,0.43,29.4,77.25,0.3
711,31-10-2020 08:00,111.5,153.5,2,48.79,84.5,155.25,41.73,0.54,29.4,71.5,0.3
712,31-10-2020 09:00,105.5,146,2,48.7,78.75,177.5,46.95,0.64,29.45,62,0.32
713,31-10-2020 10:00,104,156.5,2,44.645,76,187.5,41.75,0.62,29.52,56.25,0.62
714,31-10-2020 11:00,84,122,1.5,42.35,77.25,176.5,35.58,0.52,29.88,52.5,1.25
715,31-10-2020 12:00,82,110.5,1.5,39.55,73.25,145.75,33.15,0.45,30,52,1.77
716,31-10-2020 13:00,77.5,107,2,43.15,74.75,140.75,28.27,0.46,30.15,50,1.55
717,31-10-2020 14:00,77.5,105.5,2,38.875,69.75,145,29.12,0.4,29.73,48.75,2.05
718,31-10-2020 15:00,69,99.5,1.5,35.93,72.25,139.25,31.27,0.38,29.73,48,1.85
719,31-10-2020 16:00,70,101,1.5,40.975,63.5,131.25,28.5,0.4,29.6,48.75,2.55
720,31-10-2020 17:00,75,106.5,1.5,44,64.5,138.5,29.7,0.51,29.65,51,1.78
721,31-10-2020 18:00,83.5,119,2,44.235,74.5,164.75,35.8,0.58,29.58,55.75,0.75
722,31-10-2020 19:00,88,124,2,46.5,81.75,182,41.9,0.68,29.58,59.5,0.32
723,31-10-2020 20:00,89,128,2,51.1,82.25,175.25,47.08,0.84,29.48,59.75,0.35
724,31-10-2020 21:00,94,136,2,52.015,85,181.25,49.6,0.93,29.5,62,0.3
725,31-10-2020 22:00,92.5,137,2,51.285,79.75,177.25,50.67,0.96,29.52,63.5,0.3
726,31-10-2020 23:00,86.5,128,2,52.055,76.25,173.75,46.48,0.82,29.52,61.75,0.3
